Date,AQR,,,,
2007-01-03 ,-0.160978068077402,,,,
2007-01-04 ,-1.89223560715269,,,,
2007-01-05 ,-1.16657359556329,,,,
2007-01-08 ,0.897662036103404,,,,
2007-01-09 ,-0.0830482238327011,,,,
2007-01-10 ,-0.233897092013562,,,,
2007-01-11 ,-0.249161243039325,,,,
2007-01-12 ,-0.438952151639858,,,,
2007-01-16 ,1.10438089357861,,,,
2007-01-17 ,-0.414356527568256,,,,
2007-01-18 ,0.610155441453933,,,,
2007-01-19 ,-0.410478327318118,,,,
2007-01-22 ,1.26703661741515,,,,
2007-01-23 ,0.225130302007712,,,,
2007-01-24 ,1.13576627185616,,,,
2007-01-25 ,0.495674447421597,,,,
2007-01-26 ,-0.525058584019964,,,,
2007-01-29 ,0.0708648557727402,,,,
2007-01-30 ,-0.174247717806656,,,,
2007-01-31 ,0.793034398274377,,,,
2007-02-01 ,-0.0120471536537412,,,,
2007-02-02 ,0.0645403936664829,,,,
2007-02-05 ,-0.000686294394328208,,,,
2007-02-06 ,0.295869049025112,,,,
2007-02-07 ,-0.204165741980987,,,,
2007-02-08 ,-0.417673765626351,,,,
2007-02-09 ,-0.099423565060812,,,,
2007-02-12 ,0.282428040391958,,,,
2007-02-13 ,0.114238177375519,,,,
2007-02-14 ,0.332326161661978,,,,
2007-02-15 ,-0.801702518311905,,,,
2007-02-16 ,0.197848922007315,,,,
2007-02-20 ,0.0789089946674888,,,,
2007-02-21 ,-0.0974541765364265,,,,
2007-02-22 ,-0.229825821486915,,,,
2007-02-23 ,-0.380793701391831,,,,
2007-02-26 ,-0.21058788470242,,,,
2007-02-27 ,0.553136358190718,,,,
2007-02-28 ,0.391880532637065,,,,
2007-03-01 ,-0.49773562953438,,,,
2007-03-02 ,0.0809792967835757,,,,
2007-03-05 ,0.011580438143474,,,,
2007-03-06 ,-0.619049481481898,,,,
2007-03-07 ,0.419800302735147,,,,
2007-03-08 ,0.525518830473448,,,,
2007-03-09 ,0.0627311397758769,,,,
2007-03-12 ,-0.0753014969800253,,,,
2007-03-13 ,-0.558847373225565,,,,
2007-03-14 ,-0.086838379834387,,,,
2007-03-15 ,0.0585289460242077,,,,
2007-03-16 ,0.251248757257699,,,,
2007-03-19 ,-0.585773975075125,,,,
2007-03-20 ,0.303670405421892,,,,
2007-03-21 ,0.336488837391715,,,,
2007-03-22 ,-0.0562703681332891,,,,
2007-03-23 ,0.208649106412103,,,,
2007-03-26 ,0.125845801899877,,,,
2007-03-27 ,-0.365466727883489,,,,
2007-03-28 ,-0.0431616279546941,,,,
2007-03-29 ,-0.133779322831191,,,,
2007-03-30 ,0.555471449568336,,,,
2007-04-02 ,-0.351732126392655,,,,
2007-04-03 ,0.554175897306848,,,,
2007-04-04 ,-0.230455471097033,,,,
2007-04-05 ,-0.121494571267075,,,,
2007-04-09 ,-0.0536151356641133,,,,
2007-04-10 ,0.223983587902517,,,,
2007-04-11 ,-0.150547455578599,,,,
2007-04-12 ,-0.310688368073341,,,,
2007-04-13 ,0.0884693016486371,,,,
2007-04-16 ,0.00902521055249022,,,,
2007-04-17 ,-0.358213529922038,,,,
2007-04-18 ,-0.292188778394773,,,,
2007-04-19 ,-0.0361116311601286,,,,
2007-04-20 ,-0.412786818496728,,,,
2007-04-23 ,0.282610053136047,,,,
2007-04-24 ,0.350631656197828,,,,
2007-04-25 ,-0.0685750922652077,,,,
2007-04-26 ,-0.360936581965874,,,,
2007-04-27 ,-0.313264614788417,,,,
2007-04-30 ,-0.639366897310205,,,,
2007-05-01 ,0.0738496058314009,,,,
2007-05-02 ,0.199875970907588,,,,
2007-05-03 ,-0.197812726544868,,,,
2007-05-04 ,0.0846976166301757,,,,
2007-05-07 ,-0.319342544998158,,,,
2007-05-08 ,0.490174883257634,,,,
2007-05-09 ,-0.236775986539396,,,,
2007-05-10 ,-0.451017639906755,,,,
2007-05-11 ,-0.371588984935046,,,,
2007-05-14 ,0.488328127891889,,,,
2007-05-15 ,0.41700764690089,,,,
2007-05-16 ,1.06392992681929,,,,
2007-05-17 ,0.0118082781034554,,,,
2007-05-18 ,0.746299656392154,,,,
2007-05-21 ,-0.191963120226308,,,,
2007-05-22 ,-0.0634253091719209,,,,
2007-05-23 ,-0.906122159520413,,,,
2007-05-24 ,0.385969323737364,,,,
2007-05-25 ,-0.286064595392892,,,,
2007-05-29 ,0.551219789979358,,,,
2007-05-30 ,-0.479578972580742,,,,
2007-05-31 ,1.02770274742999,,,,
2007-06-01 ,-0.965569000566672,,,,
2007-06-04 ,0.0432647325383208,,,,
2007-06-05 ,0.620496937730943,,,,
2007-06-06 ,0.124878024025599,,,,
2007-06-07 ,-0.437648161602003,,,,
2007-06-08 ,-0.216608620832269,,,,
2007-06-11 ,-0.484515128808291,,,,
2007-06-12 ,0.474664108689242,,,,
2007-06-13 ,0.15699171455782,,,,
2007-06-14 ,0.116316418399757,,,,
2007-06-15 ,0.559697431463214,,,,
2007-06-18 ,0.482545965014565,,,,
2007-06-19 ,0.255391056097116,,,,
2007-06-20 ,-0.132484878685593,,,,
2007-06-21 ,-0.578871516778193,,,,
2007-06-22 ,0.217907239265134,,,,
2007-06-25 ,-0.184645762970148,,,,
2007-06-26 ,-0.173180066008766,,,,
2007-06-27 ,-0.398470802305006,,,,
2007-06-28 ,-0.158977449334837,,,,
2007-06-29 ,-0.0833523652471493,,,,
2007-07-02 ,-0.562305521527303,,,,
2007-07-03 ,0.584356663905551,,,,
2007-07-05 ,-0.0329881653583552,,,,
2007-07-06 ,-0.0544631233315304,,,,
2007-07-09 ,-0.157778469778477,,,,
2007-07-10 ,0.15686433727006,,,,
2007-07-11 ,-0.292402557786311,,,,
2007-07-12 ,-0.02768647085595,,,,
2007-07-13 ,0.0346713331906946,,,,
2007-07-16 ,0.758558119955631,,,,
2007-07-17 ,-0.275952324291022,,,,
2007-07-18 ,-0.334235719450879,,,,
2007-07-19 ,0.444199737107136,,,,
2007-07-20 ,-0.837427609664606,,,,
2007-07-23 ,-0.0657208874696568,,,,
2007-07-24 ,-0.0990176626693472,,,,
2007-07-25 ,-0.480004180999862,,,,
2007-07-26 ,-0.072490625895098,,,,
2007-07-27 ,-0.381726906643941,,,,
2007-07-30 ,-0.256804891730378,,,,
2007-07-31 ,-0.153883524573528,,,,
2007-08-01 ,0.685765932237834,,,,
2007-08-02 ,-0.517036503777253,,,,
2007-08-03 ,-0.237833786153233,,,,
2007-08-06 ,0.670520255054463,,,,
2007-08-07 ,-1.03335500985694,,,,
2007-08-08 ,0.10824599679208,,,,
2007-08-09 ,-0.29962833928642,,,,
2007-08-10 ,-0.474469080811676,,,,
2007-08-13 ,0.367312080237396,,,,
2007-08-14 ,0.338227215697294,,,,
2007-08-15 ,0.158307002054795,,,,
2007-08-16 ,-0.713223556861954,,,,
2007-08-17 ,-1.36810826188863,,,,
2007-08-20 ,0.388233098295909,,,,
2007-08-21 ,0.809906914810452,,,,
2007-08-22 ,-0.170967773587139,,,,
2007-08-23 ,0.656567355618394,,,,
2007-08-24 ,0.641382533141879,,,,
2007-08-27 ,0.283026733548465,,,,
2007-08-28 ,0.503202063826299,,,,
2007-08-29 ,-0.391127662181834,,,,
2007-08-30 ,0.435954263235411,,,,
2007-08-31 ,0.140803275552638,,,,
2007-09-04 ,0.146276937595774,,,,
2007-09-05 ,0.683002596825996,,,,
2007-09-06 ,0.313841847146907,,,,
2007-09-07 ,0.498108233413869,,,,
2007-09-10 ,0.466794961991568,,,,
2007-09-11 ,0.104044469542572,,,,
2007-09-12 ,0.388885227918717,,,,
2007-09-13 ,0.129801522879624,,,,
2007-09-14 ,-0.0488145204838796,,,,
2007-09-17 ,-0.180571698928341,,,,
2007-09-18 ,0.391055732424552,,,,
2007-09-19 ,0.200049465427841,,,,
2007-09-20 ,0.674082144671213,,,,
2007-09-21 ,1.16514142762022,,,,
2007-09-24 ,0.448201469447457,,,,
2007-09-25 ,0.124111556084251,,,,
2007-09-26 ,0.676361899673954,,,,
2007-09-27 ,-0.0843052809040904,,,,
2007-09-28 ,0.556398043185758,,,,
2007-10-01 ,-0.384282155820048,,,,
2007-10-02 ,0.0238120267229081,,,,
2007-10-03 ,-1.09503630931027,,,,
2007-10-04 ,-0.91813978608052,,,,
2007-10-05 ,0.474085440316972,,,,
2007-10-08 ,0.134900706598169,,,,
2007-10-09 ,-0.321377322953074,,,,
2007-10-10 ,0.328751756793763,,,,
2007-10-11 ,-0.0424660390280683,,,,
2007-10-12 ,0.424995360472547,,,,
2007-10-15 ,-0.175773893196729,,,,
2007-10-16 ,0.357507967208175,,,,
2007-10-17 ,0.10264208757649,,,,
2007-10-18 ,0.118424640589939,,,,
2007-10-19 ,-0.310549974339373,,,,
2007-10-22 ,-0.458993721378449,,,,
2007-10-23 ,-0.473963735748793,,,,
2007-10-24 ,-0.221559144710831,,,,
2007-10-25 ,0.599136221547299,,,,
2007-10-26 ,0.132234598267809,,,,
2007-10-29 ,-0.441388622125063,,,,
2007-10-30 ,0.623795742020355,,,,
2007-10-31 ,-0.656110791662636,,,,
2007-11-01 ,-0.76873104310871,,,,
2007-11-02 ,-0.797323892194734,,,,
2007-11-05 ,0.36815810284648,,,,
2007-11-06 ,-0.159459313082175,,,,
2007-11-07 ,1.65992583856983,,,,
2007-11-08 ,-0.382240640757485,,,,
2007-11-09 ,2.18227083301297,,,,
2007-11-12 ,-0.278925866220247,,,,
2007-11-13 ,-3.64650072265261,,,,
2007-11-14 ,0.544260611012732,,,,
2007-11-15 ,0.731207743677929,,,,
2007-11-16 ,-1.05671887695771,,,,
2007-11-19 ,1.35190950406481,,,,
2007-11-20 ,0.0616225475884265,,,,
2007-11-21 ,1.71527396046916,,,,
2007-11-23 ,-0.619051765123775,,,,
2007-11-26 ,0.515327497115079,,,,
2007-11-27 ,-0.0841094338667507,,,,
2007-11-28 ,-0.4849818877172,,,,
2007-11-29 ,-0.183838999344328,,,,
2007-11-30 ,0.545772691635308,,,,
2007-12-03 ,-0.167617766569015,,,,
2007-12-04 ,0.796377753566683,,,,
2007-12-05 ,-0.321859272788017,,,,
2007-12-06 ,1.01276919076448,,,,
2007-12-07 ,0.672027860778269,,,,
2007-12-10 ,0.216181693140689,,,,
2007-12-11 ,-0.234767696842164,,,,
2007-12-12 ,-0.684610303171357,,,,
2007-12-13 ,1.56757396054144,,,,
2007-12-14 ,0.208642585098258,,,,
2007-12-17 ,-0.0460856931042118,,,,
2007-12-18 ,-0.0388441336326864,,,,
2007-12-19 ,0.738837995690445,,,,
2007-12-20 ,0.614135007144011,,,,
2007-12-21 ,-0.385588139239982,,,,
2007-12-24 ,0.560914144206369,,,,
2007-12-26 ,0.483848512292756,,,,
2007-12-27 ,0.300043497012488,,,,
2007-12-28 ,0.441647363459351,,,,
2007-12-31 ,0.423239727548337,,,,
2008-01-02 ,-0.320306167857833,,,,
2008-01-03 ,1.09382516216751,,,,
2008-01-04 ,0.956596171338543,,,,
2008-01-07 ,1.62413463582913,,,,
2008-01-08 ,1.14492673882073,,,,
2008-01-09 ,0.620576893821711,,,,
2008-01-10 ,0.459635349133502,,,,
2008-01-11 ,-1.65850894087909,,,,
2008-01-14 ,1.1651758034829,,,,
2008-01-15 ,-0.533408627957167,,,,
2008-01-16 ,1.08273856007106,,,,
2008-01-17 ,-1.7534322389096,,,,
2008-01-18 ,-0.654998221462327,,,,
2008-01-22 ,-0.749606930434391,,,,
2008-01-23 ,-1.09153871341252,,,,
2008-01-24 ,-1.65273581437057,,,,
2008-01-25 ,-0.745312152646582,,,,
2008-01-28 ,0.406578368382545,,,,
2008-01-29 ,-0.143060312896885,,,,
2008-01-30 ,0.107975572705652,,,,
2008-01-31 ,0.355669495269781,,,,
2008-02-01 ,-0.535371570155136,,,,
2008-02-04 ,-1.52738604996406,,,,
2008-02-05 ,1.7519912560749,,,,
2008-02-06 ,-0.962625488517267,,,,
2008-02-07 ,-0.283674407558019,,,,
2008-02-08 ,-0.601719868226129,,,,
2008-02-11 ,1.7054035639127,,,,
2008-02-12 ,0.87813569597574,,,,
2008-02-13 ,-0.608385802300003,,,,
2008-02-14 ,0.606793490168764,,,,
2008-02-15 ,1.24127578635281,,,,
2008-02-19 ,-0.313505653283015,,,,
2008-02-20 ,1.88396640742682,,,,
2008-02-21 ,0.81546925890445,,,,
2008-02-22 ,-0.467838212811675,,,,
2008-02-25 ,0.0767976830579573,,,,
2008-02-26 ,0.742654242561313,,,,
2008-02-27 ,0.167106815137457,,,,
2008-02-28 ,-0.400298402859858,,,,
2008-02-29 ,2.88607051754687,,,,
2008-03-03 ,-0.639025054325311,,,,
2008-03-04 ,0.360599232137985,,,,
2008-03-05 ,-0.0408876191270701,,,,
2008-03-06 ,-0.204649802220069,,,,
2008-03-07 ,-0.361456430320684,,,,
2008-03-10 ,0.378472330556778,,,,
2008-03-11 ,0.124883415704101,,,,
2008-03-12 ,0.601689069519362,,,,
2008-03-13 ,-1.16711461985796,,,,
2008-03-14 ,0.620168923666637,,,,
2008-03-17 ,0.690933793010293,,,,
2008-03-18 ,0.187063008912633,,,,
2008-03-19 ,-0.614125641745344,,,,
2008-03-20 ,0.0831081662758059,,,,
2008-03-24 ,0.0192353534156468,,,,
2008-03-25 ,-1.23324714048057,,,,
2008-03-26 ,0.00718600292108519,,,,
2008-03-27 ,-0.920741673142892,,,,
2008-03-28 ,0.987113698394232,,,,
2008-03-31 ,-0.602270556577106,,,,
2008-04-01 ,0.272898264298284,,,,
2008-04-02 ,-2.02802337207862,,,,
2008-04-03 ,0.475548823557416,,,,
2008-04-04 ,0.289748908996702,,,,
2008-04-07 ,1.78433015114693,,,,
2008-04-08 ,-0.365507022272614,,,,
2008-04-09 ,1.21288985465103,,,,
2008-04-10 ,1.95016080458379,,,,
2008-04-11 ,-0.509265833860765,,,,
2008-04-14 ,0.0463682434100603,,,,
2008-04-15 ,1.41004094733105,,,,
2008-04-16 ,1.02990233437873,,,,
2008-04-17 ,0.517046146842723,,,,
2008-04-18 ,-0.235379346141942,,,,
2008-04-21 ,-0.705224814533327,,,,
2008-04-22 ,0.564040005442869,,,,
2008-04-23 ,1.92145413674168,,,,
2008-04-24 ,-1.53590406528732,,,,
2008-04-25 ,-3.57095310698789,,,,
2008-04-28 ,0.370237407916218,,,,
2008-04-29 ,-0.414820759209433,,,,
2008-04-30 ,-2.8630188549974,,,,
2008-05-01 ,2.0313372727701,,,,
2008-05-02 ,-0.712980270603108,,,,
2008-05-05 ,0.491293805913825,,,,
2008-05-06 ,0.266250534125477,,,,
2008-05-07 ,-0.227806832356235,,,,
2008-05-08 ,-0.332547334843905,,,,
2008-05-09 ,0.50039739049152,,,,
2008-05-12 ,-0.64245779556354,,,,
2008-05-13 ,0.151011147434187,,,,
2008-05-14 ,0.472047102172345,,,,
2008-05-15 ,-0.832333432129257,,,,
2008-05-16 ,-0.83033039720095,,,,
2008-05-19 ,-0.0902281254255573,,,,
2008-05-20 ,0.831073077749609,,,,
2008-05-21 ,0.373952015395868,,,,
2008-05-22 ,-0.477719266238039,,,,
2008-05-23 ,-0.449099883715336,,,,
2008-05-27 ,0.148779336194059,,,,
2008-05-28 ,0.327992170203614,,,,
2008-05-29 ,-0.358300294638192,,,,
2008-05-30 ,-0.413245376658241,,,,
2008-06-02 ,-1.15528479972861,,,,
2008-06-03 ,0.913928648190305,,,,
2008-06-04 ,-1.21564245519325,,,,
2008-06-05 ,-1.7353436513506,,,,
2008-06-06 ,1.76099421032132,,,,
2008-06-09 ,1.70095372053021,,,,
2008-06-10 ,1.51054524557708,,,,
2008-06-11 ,-1.42022929230876,,,,
2008-06-12 ,1.88557545434115,,,,
2008-06-13 ,-0.304396195500609,,,,
2008-06-16 ,-0.080687867803533,,,,
2008-06-17 ,0.267396955286252,,,,
2008-06-18 ,1.36712832158281,,,,
2008-06-19 ,0.783169482348867,,,,
2008-06-20 ,-2.08840123293187,,,,
2008-06-23 ,0.647926724976279,,,,
2008-06-24 ,3.16138634469238,,,,
2008-06-25 ,-1.36108622847609,,,,
2008-06-26 ,-0.907771105771484,,,,
2008-06-27 ,0.416197809783993,,,,
2008-06-30 ,0.619196333191831,,,,
2008-07-01 ,1.48745892912773,,,,
2008-07-02 ,-0.272088714408264,,,,
2008-07-03 ,-0.791670783641297,,,,
2008-07-07 ,-0.343173648403103,,,,
2008-07-08 ,-1.5369623301217,,,,
2008-07-09 ,-2.58726009290262,,,,
2008-07-10 ,1.417048157114,,,,
2008-07-11 ,2.49008433877903,,,,
2008-07-14 ,1.05319749592085,,,,
2008-07-15 ,1.36643445520074,,,,
2008-07-16 ,-1.84843169657953,,,,
2008-07-17 ,-4.27752134480852,,,,
2008-07-18 ,-3.28342001507884,,,,
2008-07-21 ,0.261286080547308,,,,
2008-07-22 ,2.06377786865064,,,,
2008-07-23 ,-2.87803734453899,,,,
2008-07-24 ,-3.51723387893608,,,,
2008-07-25 ,1.16935495917754,,,,
2008-07-28 ,0.0731041911042113,,,,
2008-07-29 ,1.827495908724,,,,
2008-07-30 ,-2.5743508109934,,,,
2008-07-31 ,2.80980496632287,,,,
2008-08-01 ,-1.40642547300749,,,,
2008-08-04 ,-1.00726041938653,,,,
2008-08-05 ,-3.27366807887822,,,,
2008-08-06 ,-3.20421653683037,,,,
2008-08-07 ,1.53839006481798,,,,
2008-08-08 ,-0.0615533937684844,,,,
2008-08-11 ,-4.68067492085589,,,,
2008-08-12 ,-3.27995084737454,,,,
2008-08-13 ,0.936050587665222,,,,
2008-08-14 ,4.42767521031987,,,,
2008-08-15 ,-3.18061980258354,,,,
2008-08-18 ,-3.13528234970475,,,,
2008-08-19 ,1.38119835667682,,,,
2008-08-20 ,4.36614907972812,,,,
2008-08-21 ,2.5970208216093,,,,
2008-08-22 ,1.5219706882152,,,,
2008-08-25 ,-3.0493914930986,,,,
2008-08-26 ,1.17963918510092,,,,
2008-08-27 ,1.29893159271938,,,,
2008-08-28 ,-0.0960569295704685,,,,
2008-08-29 ,-2.79662584890327,,,,
2008-09-02 ,-0.18081411567664,,,,
2008-09-03 ,2.13471149686726,,,,
2008-09-04 ,1.53063226426777,,,,
2008-09-05 ,0.443448776134232,,,,
2008-09-08 ,-0.174767252853569,,,,
2008-09-09 ,2.06822940653507,,,,
2008-09-10 ,1.22598722764487,,,,
2008-09-11 ,-0.995459024731697,,,,
2008-09-12 ,0.162239274139423,,,,
2008-09-15 ,-0.615619102042498,,,,
2008-09-16 ,1.49916702106461,,,,
2008-09-17 ,-0.0932603323857121,,,,
2008-09-18 ,-0.329512745340321,,,,
2008-09-19 ,-0.308442596008081,,,,
2008-09-22 ,-1.61426349917005,,,,
2008-09-23 ,-0.2614334024991,,,,
2008-09-24 ,0.965604171778543,,,,
2008-09-25 ,0.326831606473749,,,,
2008-09-26 ,0.0341120570273868,,,,
2008-09-29 ,1.40924759617276,,,,
2008-09-30 ,1.95420415353973,,,,
2008-10-01 ,-1.86013172801279,,,,
2008-10-02 ,1.19323260723471,,,,
2008-10-03 ,1.65629820510336,,,,
2008-10-06 ,-0.229197246204684,,,,
2008-10-07 ,0.709406076460838,,,,
2008-10-08 ,-0.297013754343872,,,,
2008-10-09 ,-1.10841406649731,,,,
2008-10-10 ,-1.86563704107372,,,,
2008-10-13 ,0.330797260675108,,,,
2008-10-14 ,-1.25593103984303,,,,
2008-10-15 ,-0.12623227892757,,,,
2008-10-16 ,0.559087419239607,,,,
2008-10-17 ,0.43760093204015,,,,
2008-10-20 ,-0.602255924356509,,,,
2008-10-21 ,0.673840212454531,,,,
2008-10-22 ,-0.000800272471327544,,,,
2008-10-23 ,0.131850049749644,,,,
2008-10-24 ,1.48607841985206,,,,
2008-10-27 ,-0.0997340276006367,,,,
2008-10-28 ,-0.245567718680267,,,,
2008-10-29 ,-0.162463676685068,,,,
2008-10-30 ,-1.20842668229894,,,,
2008-10-31 ,-0.716042062172512,,,,
2008-11-03 ,1.62318912703692,,,,
2008-11-04 ,-2.03612350133723,,,,
2008-11-05 ,-1.15746576001725,,,,
2008-11-06 ,2.46747083690266,,,,
2008-11-07 ,3.20940642120786,,,,
2008-11-10 ,-0.0351743273670731,,,,
2008-11-11 ,-0.0615328444794479,,,,
2008-11-12 ,3.0360732383049,,,,
2008-11-13 ,1.88617705404843,,,,
2008-11-14 ,-1.0532171208798,,,,
2008-11-17 ,1.04390561168404,,,,
2008-11-18 ,-0.172912606448209,,,,
2008-11-19 ,1.42255969153142,,,,
2008-11-20 ,0.632755304742815,,,,
2008-11-21 ,0.327417263882908,,,,
2008-11-24 ,0.243287433563481,,,,
2008-11-25 ,-2.00178702512802,,,,
2008-11-26 ,-0.844561777259188,,,,
2008-11-28 ,-2.60671635345418,,,,
2008-12-01 ,0.298265000920207,,,,
2008-12-02 ,1.2193066672224,,,,
2008-12-03 ,-1.38305932400756,,,,
2008-12-04 ,-0.19945030081524,,,,
2008-12-05 ,-1.15278498424927,,,,
2008-12-08 ,-1.14088867383438,,,,
2008-12-09 ,-2.57566710115093,,,,
2008-12-10 ,-0.392405579092226,,,,
2008-12-11 ,0.0106350283655173,,,,
2008-12-12 ,1.54920263937929,,,,
2008-12-15 ,-1.29733307458519,,,,
2008-12-16 ,0.931172445331993,,,,
2008-12-17 ,-2.13600693192965,,,,
2008-12-18 ,-2.63502772763329,,,,
2008-12-19 ,0.991794130105477,,,,
2008-12-22 ,0.11545020601589,,,,
2008-12-23 ,2.95699544842133,,,,
2008-12-24 ,-0.113102280456208,,,,
2008-12-26 ,-0.37338664369621,,,,
2008-12-29 ,-0.344435649375993,,,,
2008-12-30 ,1.46877493223631,,,,
2008-12-31 ,-0.941161954245435,,,,
2009-01-02 ,-0.947524811753632,,,,
2009-01-05 ,-1.80392289560205,,,,
2009-01-06 ,0.13902459824942,,,,
2009-01-07 ,-1.70940391518887,,,,
2009-01-08 ,0.445902475099737,,,,
2009-01-09 ,-0.0384146111610434,,,,
2009-01-12 ,0.446587925856751,,,,
2009-01-13 ,0.194219932191613,,,,
2009-01-14 ,0.797082936980959,,,,
2009-01-15 ,-0.0305341146168015,,,,
2009-01-16 ,-0.660664663791242,,,,
2009-01-20 ,-0.293697758007967,,,,
2009-01-21 ,1.50610491910604,,,,
2009-01-22 ,0.234657484228548,,,,
2009-01-23 ,-1.41661543064743,,,,
2009-01-26 ,0.773717231952697,,,,
2009-01-27 ,0.513934809045976,,,,
2009-01-28 ,-0.470446986542821,,,,
2009-01-29 ,-1.77992578907678,,,,
2009-01-30 ,1.47189145120635,,,,
2009-02-02 ,0.0788951382603643,,,,
2009-02-03 ,-0.317272573001269,,,,
2009-02-04 ,-0.271144142199846,,,,
2009-02-05 ,0.691697390557911,,,,
2009-02-06 ,-0.0334871613226007,,,,
2009-02-09 ,0.771453159314687,,,,
2009-02-10 ,0.0262089218151634,,,,
2009-02-11 ,-0.668183679607202,,,,
2009-02-12 ,0.152219326127592,,,,
2009-02-13 ,-0.857017641360374,,,,
2009-02-17 ,-0.745124024515894,,,,
2009-02-18 ,-0.973465599243468,,,,
2009-02-19 ,0.0864967550375847,,,,
2009-02-20 ,-0.751062424530836,,,,
2009-02-23 ,1.92884500817387,,,,
2009-02-24 ,-1.31775860283719,,,,
2009-02-25 ,0.294777715313389,,,,
2009-02-26 ,-1.2214076174946,,,,
2009-02-27 ,-0.559216145109274,,,,
2009-03-02 ,-0.475225191058182,,,,
2009-03-03 ,-0.573866715120657,,,,
2009-03-04 ,1.04558234373146,,,,
2009-03-05 ,0.223272459801798,,,,
2009-03-06 ,0.468806794681449,,,,
2009-03-09 ,0.0462222714027537,,,,
2009-03-10 ,-1.05602146829314,,,,
2009-03-11 ,-2.70600088735608,,,,
2009-03-12 ,-0.904441610416121,,,,
2009-03-13 ,-1.28016713435387,,,,
2009-03-16 ,-0.577945400188847,,,,
2009-03-17 ,1.51857599927441,,,,
2009-03-18 ,-1.58215362023027,,,,
2009-03-19 ,-1.31892208467505,,,,
2009-03-20 ,3.63938765151575,,,,
2009-03-23 ,0.954905391019668,,,,
2009-03-24 ,-1.67218116423763,,,,
2009-03-25 ,-0.254901049459019,,,,
2009-03-26 ,-0.444564585004959,,,,
2009-03-27 ,-2.24453715310402,,,,
2009-03-30 ,-0.36564317937146,,,,
2009-03-31 ,0.168918978910792,,,,
2009-04-01 ,-0.527932314020392,,,,
2009-04-02 ,0.367090503841367,,,,
2009-04-03 ,-0.451356240582689,,,,
2009-04-06 ,0.604409529910474,,,,
2009-04-07 ,-1.22401842975523,,,,
2009-04-08 ,-0.348070753228757,,,,
2009-04-09 ,0.125619029998313,,,,
2009-04-13 ,-0.0628134062038318,,,,
2009-04-14 ,0.0858992987993292,,,,
2009-04-15 ,0.303618044859531,,,,
2009-04-16 ,0.0249947360435459,,,,
2009-04-17 ,-1.74745842379591,,,,
2009-04-20 ,-0.363844624415801,,,,
2009-04-21 ,-1.18743069382531,,,,
2009-04-22 ,0.408736326777444,,,,
2009-04-23 ,-1.40519818521266,,,,
2009-04-24 ,0.328105397760811,,,,
2009-04-27 ,1.17370229065457,,,,
2009-04-28 ,-1.53441281313461,,,,
2009-04-29 ,0.195540115693964,,,,
2009-04-30 ,-0.249765486532622,,,,
2009-05-01 ,-1.44554696643536,,,,
2009-05-04 ,0.296064376256949,,,,
2009-05-05 ,1.81154959661099,,,,
2009-05-06 ,-0.76879698180539,,,,
2009-05-07 ,1.52975683357606,,,,
2009-05-08 ,-1.03114693116992,,,,
2009-05-11 ,1.56832316873465,,,,
2009-05-12 ,-1.44094001502881,,,,
2009-05-13 ,-0.216399780138087,,,,
2009-05-14 ,-1.71087395363781,,,,
2009-05-15 ,0.604621441054306,,,,
2009-05-18 ,-0.631604273102171,,,,
2009-05-19 ,1.39563598867925,,,,
2009-05-20 ,0.468049080536221,,,,
2009-05-21 ,-0.0879803991712863,,,,
2009-05-22 ,-0.519971492794122,,,,
2009-05-26 ,0.287842253395637,,,,
2009-05-27 ,0.322433424279779,,,,
2009-05-28 ,-0.271234801850448,,,,
2009-05-29 ,1.01980798463183,,,,
2009-06-01 ,0.37887429722727,,,,
2009-06-02 ,2.39610759050371,,,,
2009-06-03 ,-0.539845858094871,,,,
2009-06-04 ,-1.71133687656241,,,,
2009-06-05 ,1.89145886611939,,,,
2009-06-08 ,-0.386115113958335,,,,
2009-06-09 ,-0.239316378930472,,,,
2009-06-10 ,0.378480103452218,,,,
2009-06-11 ,-0.229973589542756,,,,
2009-06-12 ,0.113116083671739,,,,
2009-06-15 ,-0.342856163709535,,,,
2009-06-16 ,-1.77956845185023,,,,
2009-06-17 ,-0.51413252616975,,,,
2009-06-18 ,-2.08318643816928,,,,
2009-06-19 ,0.0599071970857044,,,,
2009-06-22 ,0.477767369522781,,,,
2009-06-23 ,-3.34339312960487,,,,
2009-06-24 ,0.977332138707991,,,,
2009-06-25 ,0.780018617325244,,,,
2009-06-26 ,-0.0297516825197089,,,,
2009-06-29 ,0.403944597083448,,,,
2009-06-30 ,-0.480660680887231,,,,
2009-07-01 ,-0.00936192688355395,,,,
2009-07-02 ,-0.316319136706037,,,,
2009-07-06 ,-0.33013000936482,,,,
2009-07-07 ,-1.48121390774139,,,,
2009-07-08 ,-0.269433161900061,,,,
2009-07-09 ,-1.20220067148175,,,,
2009-07-10 ,0.579095883107016,,,,
2009-07-13 ,-0.697488399290763,,,,
2009-07-14 ,-0.0225720721961919,,,,
2009-07-15 ,0.416426307926628,,,,
2009-07-16 ,0.725373157157647,,,,
2009-07-17 ,0.573134260965909,,,,
2009-07-20 ,0.495628339193609,,,,
2009-07-21 ,0.386438232193405,,,,
2009-07-22 ,0.115659156748109,,,,
2009-07-23 ,-1.92032702906393,,,,
2009-07-24 ,0.643377574040105,,,,
2009-07-27 ,0.318819484894377,,,,
2009-07-28 ,0.216979837905674,,,,
2009-07-29 ,-1.3373066906713,,,,
2009-07-30 ,-1.5191997715359,,,,
2009-07-31 ,1.26095647795512,,,,
2009-08-03 ,0.342867707110533,,,,
2009-08-04 ,-0.560553579298943,,,,
2009-08-05 ,-0.543162770947249,,,,
2009-08-06 ,-0.109300448879967,,,,
2009-08-07 ,0.60547648809394,,,,
2009-08-10 ,-0.421490426425496,,,,
2009-08-11 ,0.635658917067393,,,,
2009-08-12 ,0.162974164254394,,,,
2009-08-13 ,-0.391376642441037,,,,
2009-08-14 ,-0.854736975449644,,,,
2009-08-17 ,0.497943244911982,,,,
2009-08-18 ,0.75562676092695,,,,
2009-08-19 ,-0.4768842105753,,,,
2009-08-20 ,0.0609165461847786,,,,
2009-08-21 ,0.305605678627627,,,,
2009-08-24 ,-0.307654169024702,,,,
2009-08-25 ,0.241281617530553,,,,
2009-08-26 ,-0.0705241496888574,,,,
2009-08-27 ,-0.58446414890927,,,,
2009-08-28 ,-0.455344962595968,,,,
2009-08-31 ,-0.270086942052614,,,,
2009-09-01 ,0.530770200085405,,,,
2009-09-02 ,-0.852255916987613,,,,
2009-09-03 ,-0.415210082095029,,,,
2009-09-04 ,0.967206006334943,,,,
2009-09-08 ,0.144956963978532,,,,
2009-09-09 ,1.1730830555154,,,,
2009-09-10 ,0.913629696752683,,,,
2009-09-11 ,0.645040736954333,,,,
2009-09-14 ,0.554685245091867,,,,
2009-09-15 ,0.547515946862022,,,,
2009-09-16 ,1.2722924490017,,,,
2009-09-17 ,0.473455849946662,,,,
2009-09-18 ,-0.350534489774318,,,,
2009-09-21 ,-0.440671827807925,,,,
2009-09-22 ,-0.655798601316452,,,,
2009-09-23 ,1.10708154614692,,,,
2009-09-24 ,-0.870635548372172,,,,
2009-09-25 ,-0.452769639577109,,,,
2009-09-28 ,-0.173725451327807,,,,
2009-09-29 ,0.503402508317251,,,,
2009-09-30 ,-0.0178360079875743,,,,
2009-10-01 ,-0.658821148920566,,,,
2009-10-02 ,-0.240268275418161,,,,
2009-10-05 ,0.0554947224705931,,,,
2009-10-06 ,0.212740776042067,,,,
2009-10-07 ,-0.751448581918442,,,,
2009-10-08 ,0.384543073398925,,,,
2009-10-09 ,0.61894674050311,,,,
2009-10-12 ,0.136105293131108,,,,
2009-10-13 ,-0.192192752827917,,,,
2009-10-14 ,-0.0129704980775998,,,,
2009-10-15 ,0.749443158444232,,,,
2009-10-16 ,0.451822475341379,,,,
2009-10-19 ,-0.408948376724684,,,,
2009-10-20 ,0.289561913460849,,,,
2009-10-21 ,-0.00685047508599694,,,,
2009-10-22 ,-0.10542675786799,,,,
2009-10-23 ,0.526756246847017,,,,
2009-10-26 ,-0.878963296093464,,,,
2009-10-27 ,-0.0806610457318852,,,,
2009-10-28 ,0.272447825217684,,,,
2009-10-29 ,-0.835343033998997,,,,
2009-10-30 ,0.954453910211961,,,,
2009-11-02 ,-0.687829667320666,,,,
2009-11-03 ,0.00171497155307007,,,,
2009-11-04 ,0.896738918663883,,,,
2009-11-05 ,-0.499729838241105,,,,
2009-11-06 ,0.13135429611791,,,,
2009-11-09 ,-1.16095358102794,,,,
2009-11-10 ,0.875200394565355,,,,
2009-11-11 ,0.337703109020878,,,,
2009-11-12 ,-0.734027831564913,,,,
2009-11-13 ,-0.0781388879556216,,,,
2009-11-16 ,0.651128372972062,,,,
2009-11-17 ,0.502453460526838,,,,
2009-11-18 ,0.204297563581417,,,,
2009-11-19 ,0.209544808090265,,,,
2009-11-20 ,0.120724564183229,,,,
2009-11-23 ,-0.0378514490281008,,,,
2009-11-24 ,0.266549693419891,,,,
2009-11-25 ,-0.149080399723618,,,,
2009-11-27 ,1.00643915020269,,,,
2009-11-30 ,-1.03859683008214,,,,
2009-12-01 ,0.503172975947788,,,,
2009-12-02 ,-0.24205775350747,,,,
2009-12-03 ,-0.399302576377421,,,,
2009-12-04 ,-0.245576500902282,,,,
2009-12-07 ,-0.662254746828912,,,,
2009-12-08 ,-0.230221326813193,,,,
2009-12-09 ,-0.314686846245694,,,,
2009-12-10 ,0.0689696746012968,,,,
2009-12-11 ,0.299897199675642,,,,
2009-12-14 ,-0.27769478350502,,,,
2009-12-15 ,-0.212677268544219,,,,
2009-12-16 ,0.469779707931547,,,,
2009-12-17 ,0.0545303819978835,,,,
2009-12-18 ,0.018084168795698,,,,
2009-12-21 ,-0.889396585278713,,,,
2009-12-22 ,-0.158321727844019,,,,
2009-12-23 ,-0.141611952201275,,,,
2009-12-24 ,-0.168614960587236,,,,
2009-12-28 ,0.136150451100379,,,,
2009-12-29 ,0.465154492349782,,,,
2009-12-30 ,-0.284910869813561,,,,
2009-12-31 ,-0.3407057646422,,,,
2010-01-04 ,-0.295768619221929,,,,
2010-01-05 ,0.421656410647827,,,,
2010-01-06 ,0.455154996397871,,,,
2010-01-07 ,-0.014486771066256,,,,
2010-01-08 ,-0.186980785994946,,,,
2010-01-11 ,0.580797904463781,,,,
2010-01-12 ,0.146548323742241,,,,
2010-01-13 ,-1.13572268267137,,,,
2010-01-14 ,0.0545895775110171,,,,
2010-01-15 ,0.187102938895713,,,,
2010-01-19 ,0.0184087951830242,,,,
2010-01-20 ,0.507835676206823,,,,
2010-01-21 ,-0.781308895890774,,,,
2010-01-22 ,-1.34246510540305,,,,
2010-01-25 ,0.293158060452937,,,,
2010-01-26 ,0.103605420723528,,,,
2010-01-27 ,-0.671661200266801,,,,
2010-01-28 ,-0.691692316706336,,,,
2010-01-29 ,-0.185548839372321,,,,
2010-02-01 ,-0.459269876682609,,,,
2010-02-02 ,0.180629574518661,,,,
2010-02-03 ,0.224886983164128,,,,
2010-02-04 ,0.0791782585327511,,,,
2010-02-05 ,-0.448920620356129,,,,
2010-02-08 ,0.0871195933971163,,,,
2010-02-09 ,0.142192877465978,,,,
2010-02-10 ,-0.146873434214209,,,,
2010-02-11 ,-0.46563402261049,,,,
2010-02-12 ,-0.624820734916189,,,,
2010-02-16 ,0.568525050485268,,,,
2010-02-17 ,0.386775088212187,,,,
2010-02-18 ,0.0545505649329949,,,,
2010-02-19 ,0.390715367146424,,,,
2010-02-22 ,0.381695814942085,,,,
2010-02-23 ,-0.356823651631096,,,,
2010-02-24 ,-0.197283667720794,,,,
2010-02-25 ,-0.0751183074439719,,,,
2010-02-26 ,0.0762117400560022,,,,
2010-03-01 ,-0.492221312363105,,,,
2010-03-02 ,-0.775135231046396,,,,
2010-03-03 ,0.13322262244211,,,,
2010-03-04 ,0.035946676390513,,,,
2010-03-05 ,-0.22001214840023,,,,
2010-03-08 ,-0.21241926499066,,,,
2010-03-09 ,-0.0753412550674259,,,,
2010-03-10 ,-0.333981766203767,,,,
2010-03-11 ,-0.361136151647545,,,,
2010-03-12 ,-0.10001632320143,,,,
2010-03-15 ,-0.00782783153925484,,,,
2010-03-16 ,0.647754727517339,,,,
2010-03-17 ,-0.836201971104356,,,,
2010-03-18 ,-0.368252498190002,,,,
2010-03-19 ,-0.00734103052334257,,,,
2010-03-22 ,0.379114409715329,,,,
2010-03-23 ,-0.858817029397957,,,,
2010-03-24 ,-0.80965415686253,,,,
2010-03-25 ,0.477821924479147,,,,
2010-03-26 ,-0.0294770373376713,,,,
2010-03-29 ,-0.290149153045615,,,,
2010-03-30 ,0.047057399361882,,,,
2010-03-31 ,0.0222421383291739,,,,
2010-04-01 ,0.0684497253159044,,,,
2010-04-05 ,0.492410131469906,,,,
2010-04-06 ,0.366931263053736,,,,
2010-04-07 ,-0.0937120161448443,,,,
2010-04-08 ,-0.390449359426396,,,,
2010-04-09 ,-0.216544905198619,,,,
2010-04-12 ,0.116486403106723,,,,
2010-04-13 ,-0.780480568858833,,,,
2010-04-14 ,0.167963880402597,,,,
2010-04-15 ,-0.399915412727744,,,,
2010-04-16 ,-0.44673380844132,,,,
2010-04-19 ,-0.734358696930436,,,,
2010-04-20 ,0.147528075524697,,,,
2010-04-21 ,-0.0645383527880616,,,,
2010-04-22 ,0.0762265536262076,,,,
2010-04-23 ,0.199905807355389,,,,
2010-04-26 ,0.953803813098078,,,,
2010-04-27 ,-0.00519530814207652,,,,
2010-04-28 ,0.0257901459169409,,,,
2010-04-29 ,0.607139507662272,,,,
2010-04-30 ,-0.589334989017889,,,,
2010-05-03 ,-0.308296409072336,,,,
2010-05-04 ,-0.192824574429591,,,,
2010-05-05 ,-0.448828900676544,,,,
2010-05-06 ,-0.262426115136383,,,,
2010-05-07 ,-0.597569368526402,,,,
2010-05-10 ,0.423784035397565,,,,
2010-05-11 ,0.88159777062392,,,,
2010-05-12 ,-0.88706830580191,,,,
2010-05-13 ,-0.237209182212562,,,,
2010-05-14 ,-0.0465342871688606,,,,
2010-05-17 ,-0.474909962609603,,,,
2010-05-18 ,-0.624560796631421,,,,
2010-05-19 ,-0.445389167502027,,,,
2010-05-20 ,-0.242833007276097,,,,
2010-05-21 ,-0.329391674228092,,,,
2010-05-24 ,0.988861390359568,,,,
2010-05-25 ,-0.350496840904001,,,,
2010-05-26 ,0.642995078328417,,,,
2010-05-27 ,0.377426910975706,,,,
2010-05-28 ,0.868371330762282,,,,
2010-06-01 ,-0.403804424923243,,,,
2010-06-02 ,0.247360594957032,,,,
2010-06-03 ,0.43692205733223,,,,
2010-06-04 ,-0.230014710392487,,,,
2010-06-07 ,0.015147482212143,,,,
2010-06-08 ,1.11619289455838,,,,
2010-06-09 ,0.445120935809557,,,,
2010-06-10 ,-0.0991431588190011,,,,
2010-06-11 ,0.624843983195693,,,,
2010-06-14 ,-0.126675402046225,,,,
2010-06-15 ,-0.23635591312972,,,,
2010-06-16 ,-0.162806292400712,,,,
2010-06-17 ,0.960820565508557,,,,
2010-06-18 ,0.153465943922206,,,,
2010-06-21 ,0.237773538555941,,,,
2010-06-22 ,-0.288840773445619,,,,
2010-06-23 ,-0.675607332503939,,,,
2010-06-24 ,-0.357262293848399,,,,
2010-06-25 ,0.249160497856677,,,,
2010-06-28 ,0.979230849581692,,,,
2010-06-29 ,-0.490888424380585,,,,
2010-06-30 ,0.344240469830545,,,,
2010-07-01 ,-0.190191125133419,,,,
2010-07-02 ,-0.991998654048725,,,,
2010-07-06 ,-0.234024705156516,,,,
2010-07-07 ,0.657638862250168,,,,
2010-07-08 ,-0.975855701563953,,,,
2010-07-09 ,0.285706477359508,,,,
2010-07-12 ,-0.429434582512786,,,,
2010-07-13 ,0.127744404027733,,,,
2010-07-14 ,-0.645598788861726,,,,
2010-07-15 ,0.00213468515871426,,,,
2010-07-16 ,0.215836062101505,,,,
2010-07-19 ,0.529673462363271,,,,
2010-07-20 ,-0.139588198704176,,,,
2010-07-21 ,-1.00676049900095,,,,
2010-07-22 ,0.231478008122359,,,,
2010-07-23 ,-0.858896991024003,,,,
2010-07-26 ,-0.835956072858089,,,,
2010-07-27 ,-0.36305513267554,,,,
2010-07-28 ,0.430069136330638,,,,
2010-07-29 ,0.638051401361107,,,,
2010-07-30 ,-0.606404522222914,,,,
2010-08-02 ,-0.239959173888229,,,,
2010-08-03 ,-0.554218044232903,,,,
2010-08-04 ,1.57606795464416,,,,
2010-08-05 ,-0.581211455123391,,,,
2010-08-06 ,0.502441288632891,,,,
2010-08-09 ,0.424803333375827,,,,
2010-08-10 ,-0.500427886499259,,,,
2010-08-11 ,1.45117616847663,,,,
2010-08-12 ,0.180008648525953,,,,
2010-08-13 ,0.585488629482591,,,,
2010-08-16 ,0.402952686851752,,,,
2010-08-17 ,0.251010382699606,,,,
2010-08-18 ,-0.624325822698499,,,,
2010-08-19 ,-0.898444434387728,,,,
2010-08-20 ,0.220207121892977,,,,
2010-08-23 ,-0.189079370652473,,,,
2010-08-24 ,0.615577128067693,,,,
2010-08-25 ,0.596673774570603,,,,
2010-08-26 ,-0.24987155644519,,,,
2010-08-27 ,0.777828704443477,,,,
2010-08-30 ,0.0792761739179158,,,,
2010-08-31 ,0.591180186715191,,,,
2010-09-01 ,0.525979591134633,,,,
2010-09-02 ,0.990097598003469,,,,
2010-09-03 ,-0.80150930150717,,,,
2010-09-07 ,-0.0549304687269149,,,,
2010-09-08 ,-0.142377404107888,,,,
2010-09-09 ,0.28302029770552,,,,
2010-09-10 ,-0.261311451486769,,,,
2010-09-13 ,0.14796101506649,,,,
2010-09-14 ,0.343491253612437,,,,
2010-09-15 ,-0.550526760880636,,,,
2010-09-16 ,-0.647075256735254,,,,
2010-09-17 ,0.297967548584107,,,,
2010-09-20 ,0.350297313265566,,,,
2010-09-21 ,-0.0942844831555251,,,,
2010-09-22 ,-0.338527284080572,,,,
2010-09-23 ,-0.0801735585602867,,,,
2010-09-24 ,-0.64059780947211,,,,
2010-09-27 ,-0.151398352448671,,,,
2010-09-28 ,0.111438634449539,,,,
2010-09-29 ,-0.399860081576793,,,,
2010-09-30 ,-0.108974357671553,,,,
2010-10-01 ,-0.0151630455085617,,,,
2010-10-04 ,0.1637828474405,,,,
2010-10-05 ,0.108137916959397,,,,
2010-10-06 ,-0.323950842794458,,,,
2010-10-07 ,0.0174673635272238,,,,
2010-10-08 ,-0.578458524524778,,,,
2010-10-11 ,-0.488938127912603,,,,
2010-10-12 ,-0.237197079737805,,,,
2010-10-13 ,-0.00517017393253759,,,,
2010-10-14 ,0.571986388060077,,,,
2010-10-15 ,0.509197400216725,,,,
2010-10-18 ,-0.142224159861134,,,,
2010-10-19 ,0.205038724621495,,,,
2010-10-20 ,-0.0884990969714657,,,,
2010-10-21 ,0.0843106864453666,,,,
2010-10-22 ,-0.265698836591351,,,,
2010-10-25 ,-0.0561161046396502,,,,
2010-10-26 ,0.182918888727011,,,,
2010-10-27 ,0.238943664688836,,,,
2010-10-28 ,-0.848204042115275,,,,
2010-10-29 ,0.39406988688624,,,,
2010-11-01 ,-0.21087859461355,,,,
2010-11-02 ,0.130665306857303,,,,
2010-11-03 ,0.696218145424436,,,,
2010-11-04 ,0.0824347274091679,,,,
2010-11-05 ,1.18488296648197,,,,
2010-11-08 ,0.0173903635620665,,,,
2010-11-09 ,-0.0964732929966362,,,,
2010-11-10 ,-0.0113731110201357,,,,
2010-11-11 ,0.235078556519039,,,,
2010-11-12 ,0.0227359015221566,,,,
2010-11-15 ,-0.666461711788629,,,,
2010-11-16 ,-0.334256875229528,,,,
2010-11-17 ,-0.866105517521692,,,,
2010-11-18 ,0.162589647635365,,,,
2010-11-19 ,0.331439771393369,,,,
2010-11-22 ,0.0565226164797485,,,,
2010-11-23 ,-0.566338846500971,,,,
2010-11-24 ,-0.701003269675089,,,,
2010-11-26 ,0.411316988313261,,,,
2010-11-29 ,-0.42614532100744,,,,
2010-11-30 ,0.120173549501576,,,,
2010-12-01 ,-0.313239259306692,,,,
2010-12-02 ,0.600921621706363,,,,
2010-12-03 ,-0.170803208790458,,,,
2010-12-06 ,0.2379701211238,,,,
2010-12-07 ,0.26445905702825,,,,
2010-12-08 ,-0.369092144313672,,,,
2010-12-09 ,-0.282492427802809,,,,
2010-12-10 ,0.240102706339687,,,,
2010-12-13 ,-0.0294377294311985,,,,
2010-12-14 ,0.0357447474264646,,,,
2010-12-15 ,-0.109039989285938,,,,
2010-12-16 ,-0.374044597226663,,,,
2010-12-17 ,-0.498414913890157,,,,
2010-12-20 ,-0.501812147072703,,,,
2010-12-21 ,0.186469777977459,,,,
2010-12-22 ,0.0177694331864986,,,,
2010-12-23 ,0.227062089446672,,,,
2010-12-27 ,0.200808853369059,,,,
2010-12-28 ,0.0430523921079126,,,,
2010-12-29 ,-0.175792762643218,,,,
2010-12-30 ,0.54239742230743,,,,
2010-12-31 ,-0.080557060967029,,,,
2011-01-03 ,-0.400348017829652,,,,
2011-01-04 ,0.0276111444287747,,,,
2011-01-05 ,-0.997931069739915,,,,
2011-01-06 ,0.0436835652515457,,,,
2011-01-07 ,-1.61427124712236,,,,
2011-01-10 ,-0.0678918164635963,,,,
2011-01-11 ,0.494081772206642,,,,
2011-01-12 ,1.1324949707393,,,,
2011-01-13 ,0.017323773552955,,,,
2011-01-14 ,-0.365974944208418,,,,
2011-01-18 ,-0.00294215217666325,,,,
2011-01-19 ,0.378643305046112,,,,
2011-01-20 ,-1.09995958738041,,,,
2011-01-21 ,-1.51643515198003,,,,
2011-01-24 ,-0.251692807552385,,,,
2011-01-25 ,-0.330407286184748,,,,
2011-01-26 ,-0.528686580812695,,,,
2011-01-27 ,1.24114789693908,,,,
2011-01-28 ,-0.827275753368457,,,,
2011-01-31 ,1.01921884559224,,,,
2011-02-01 ,0.866291410914599,,,,
2011-02-02 ,0.550120168595524,,,,
2011-02-03 ,0.335133026168357,,,,
2011-02-04 ,-1.0617944877718,,,,
2011-02-07 ,-1.05173352162851,,,,
2011-02-08 ,0.0788464390894466,,,,
2011-02-09 ,-0.631383785741452,,,,
2011-02-10 ,-1.15320816464363,,,,
2011-02-11 ,0.66944806550046,,,,
2011-02-14 ,-0.685963691746116,,,,
2011-02-15 ,1.48152210847078,,,,
2011-02-16 ,-0.483121879284817,,,,
2011-02-17 ,0.456266026807894,,,,
2011-02-18 ,0.597224796696474,,,,
2011-02-22 ,-0.49318307744343,,,,
2011-02-23 ,0.0331369956822892,,,,
2011-02-24 ,1.6466585259492,,,,
2011-02-25 ,-0.827103001075445,,,,
2011-02-28 ,0.692769684768984,,,,
2011-03-01 ,0.467039930936296,,,,
2011-03-02 ,-0.136344384951518,,,,
2011-03-03 ,0.143138385597856,,,,
2011-03-04 ,-0.102584549482044,,,,
2011-03-07 ,0.250595630914638,,,,
2011-03-08 ,-0.170297038006557,,,,
2011-03-09 ,-1.33486806765714,,,,
2011-03-10 ,-0.407254583865394,,,,
2011-03-11 ,-1.10436988749355,,,,
2011-03-14 ,0.336513304938169,,,,
2011-03-15 ,1.23299165437457,,,,
2011-03-16 ,0.290452368755026,,,,
2011-03-17 ,-0.0284384429252409,,,,
2011-03-18 ,1.38813496858162,,,,
2011-03-21 ,-0.317360574189908,,,,
2011-03-22 ,0.653846889658279,,,,
2011-03-23 ,0.538786172692912,,,,
2011-03-24 ,-0.438359593304313,,,,
2011-03-25 ,-0.768316100202288,,,,
2011-03-28 ,0.284055719069589,,,,
2011-03-29 ,-0.0352324810426677,,,,
2011-03-30 ,0.664124898267083,,,,
2011-03-31 ,-0.487004395891334,,,,
2011-04-01 ,0.197676825202919,,,,
2011-04-04 ,-0.0885283678584426,,,,
2011-04-05 ,0.626535249741627,,,,
2011-04-06 ,0.086796534935142,,,,
2011-04-07 ,-0.807021784071093,,,,
2011-04-08 ,0.11204307199847,,,,
2011-04-11 ,0.630601175496828,,,,
2011-04-12 ,-0.338844625905376,,,,
2011-04-13 ,-1.96264815853188,,,,
2011-04-14 ,0.00177124024392861,,,,
2011-04-15 ,0.00106312722758827,,,,
2011-04-18 ,-0.0426585363380696,,,,
2011-04-19 ,-0.329373087634577,,,,
2011-04-20 ,0.319891341085371,,,,
2011-04-21 ,-0.364738838364422,,,,
2011-04-25 ,0.400547929340836,,,,
2011-04-26 ,-0.558719213069095,,,,
2011-04-27 ,-0.264373466976717,,,,
2011-04-28 ,-0.616176577334309,,,,
2011-04-29 ,0.34619093016297,,,,
2011-05-02 ,-0.159274125026244,,,,
2011-05-03 ,-0.269692822108911,,,,
2011-05-04 ,-1.16976815622408,,,,
2011-05-05 ,-1.08465876682806,,,,
2011-05-06 ,-0.527431962252423,,,,
2011-05-09 ,0.412247886109665,,,,
2011-05-10 ,0.581254414504153,,,,
2011-05-11 ,-0.529988098224495,,,,
2011-05-12 ,-1.02304359467938,,,,
2011-05-13 ,-0.44370835192788,,,,
2011-05-16 ,0.111683495701191,,,,
2011-05-17 ,0.692707692321224,,,,
2011-05-18 ,0.508518410580801,,,,
2011-05-19 ,0.197521456942926,,,,
2011-05-20 ,0.0442937374982453,,,,
2011-05-23 ,0.468499038032815,,,,
2011-05-24 ,-0.240945815702127,,,,
2011-05-25 ,0.817574292711683,,,,
2011-05-26 ,0.387140396438549,,,,
2011-05-27 ,-0.457814819432356,,,,
2011-05-31 ,0.114818113739256,,,,
2011-06-01 ,0.310837588756139,,,,
2011-06-02 ,0.838335892510898,,,,
2011-06-03 ,0.170583355066275,,,,
2011-06-06 ,0.41322664734823,,,,
2011-06-07 ,0.215546575465609,,,,
2011-06-08 ,-0.402105942480715,,,,
2011-06-09 ,0.535131118458505,,,,
2011-06-10 ,-0.263191632694703,,,,
2011-06-13 ,0.0850292861147183,,,,
2011-06-14 ,0.0403642623862175,,,,
2011-06-15 ,-0.173985692087747,,,,
2011-06-16 ,-0.0742951738649139,,,,
2011-06-17 ,0.358929557350377,,,,
2011-06-20 ,0.0625843918124889,,,,
2011-06-21 ,-0.128389814805882,,,,
2011-06-22 ,-0.0361349193801327,,,,
2011-06-23 ,0.0265479337717402,,,,
2011-06-24 ,-1.02013985120901,,,,
2011-06-27 ,0.637335317209226,,,,
2011-06-28 ,-0.0772956678813918,,,,
2011-06-29 ,-0.142609298664584,,,,
2011-06-30 ,0.0935643314771268,,,,
2011-07-01 ,-0.31096165183371,,,,
2011-07-05 ,-0.369771114428415,,,,
2011-07-06 ,0.406147785187376,,,,
2011-07-07 ,0.0558591608247465,,,,
2011-07-08 ,-0.84546531423507,,,,
2011-07-11 ,0.176603139049912,,,,
2011-07-12 ,0.347271959874127,,,,
2011-07-13 ,0.462670368255568,,,,
2011-07-14 ,-0.0783009897889444,,,,
2011-07-15 ,0.29653373396549,,,,
2011-07-18 ,-0.0853438919939828,,,,
2011-07-19 ,0.125619246773097,,,,
2011-07-20 ,-0.484896032256204,,,,
2011-07-21 ,-0.116811752727672,,,,
2011-07-22 ,1.05121776081932,,,,
2011-07-25 ,-0.813724816634324,,,,
2011-07-26 ,0.284737789366504,,,,
2011-07-27 ,-0.295325874866775,,,,
2011-07-28 ,0.622185252613844,,,,
2011-07-29 ,0.495654991400979,,,,
2011-08-01 ,0.409863072736122,,,,
2011-08-02 ,-0.293044342688397,,,,
2011-08-03 ,0.28721695377699,,,,
2011-08-04 ,-0.802054218413665,,,,
2011-08-05 ,0.964368444885102,,,,
2011-08-08 ,0.256359709880928,,,,
2011-08-09 ,0.471440778150929,,,,
2011-08-10 ,-0.0914513453904453,,,,
2011-08-11 ,0.383034893299581,,,,
2011-08-12 ,-0.785018079762355,,,,
2011-08-15 ,-0.0450029997424898,,,,
2011-08-16 ,-0.377027851074612,,,,
2011-08-17 ,-0.127742572577402,,,,
2011-08-18 ,0.48805448688957,,,,
2011-08-19 ,0.878486020048285,,,,
2011-08-22 ,-0.34521793195138,,,,
2011-08-23 ,-0.290405145596998,,,,
2011-08-24 ,-0.0790231608772197,,,,
2011-08-25 ,0.986969501497057,,,,
2011-08-26 ,0.1938845384367,,,,
2011-08-29 ,-0.254009449466904,,,,
2011-08-30 ,-0.890252242065995,,,,
2011-08-31 ,-0.155890784147721,,,,
2011-09-01 ,0.24624985323262,,,,
2011-09-02 ,0.811268635233997,,,,
2011-09-06 ,0.933265657233711,,,,
2011-09-07 ,0.373401738963274,,,,
2011-09-08 ,-0.625921508671689,,,,
2011-09-09 ,0.457916977670716,,,,
2011-09-12 ,-0.460010500196096,,,,
2011-09-13 ,-0.379704318957357,,,,
2011-09-14 ,-0.459992877691735,,,,
2011-09-15 ,-1.44158666523403,,,,
2011-09-16 ,-0.419816851270714,,,,
2011-09-19 ,0.137220713278692,,,,
2011-09-20 ,0.252344465658658,,,,
2011-09-21 ,-0.10087285051488,,,,
2011-09-22 ,-0.401057471102308,,,,
2011-09-23 ,-1.01226387377777,,,,
2011-09-26 ,-1.13391014162332,,,,
2011-09-27 ,-0.425191235546412,,,,
2011-09-28 ,-0.387716549257431,,,,
2011-09-29 ,-0.166295039254123,,,,
2011-09-30 ,-0.182705055196919,,,,
2011-10-03 ,-0.366850000406967,,,,
2011-10-04 ,1.50341970850674,,,,
2011-10-05 ,-2.55669276889607,,,,
2011-10-06 ,-1.04277231307534,,,,
2011-10-07 ,-0.763227381295392,,,,
2011-10-10 ,-0.217572382348017,,,,
2011-10-11 ,-0.779412393281607,,,,
2011-10-12 ,-0.12208239335446,,,,
2011-10-13 ,-1.13332062684401,,,,
2011-10-14 ,-0.00491043966648693,,,,
2011-10-17 ,-0.748537746819506,,,,
2011-10-18 ,1.05467614075721,,,,
2011-10-19 ,-1.1782343961739,,,,
2011-10-20 ,-0.291363649369796,,,,
2011-10-21 ,0.2830262804838,,,,
2011-10-24 ,-0.341656519967563,,,,
2011-10-25 ,-1.64363573809019,,,,
2011-10-26 ,2.21783613052813,,,,
2011-10-27 ,-0.579560586387862,,,,
2011-10-28 ,-2.97399359544754,,,,
2011-10-31 ,-0.585019879622437,,,,
2011-11-01 ,0.550416050855529,,,,
2011-11-02 ,0.776776115825286,,,,
2011-11-03 ,-0.563403872217306,,,,
2011-11-04 ,-0.724089890888341,,,,
2011-11-07 ,-0.929168755026309,,,,
2011-11-08 ,1.05829588386919,,,,
2011-11-09 ,0.157237117285778,,,,
2011-11-10 ,1.1256765089831,,,,
2011-11-11 ,-0.110284349473781,,,,
2011-11-14 ,-0.467833864770284,,,,
2011-11-15 ,0.0359159301500393,,,,
2011-11-16 ,-0.203902371867929,,,,
2011-11-17 ,0.301946803948594,,,,
2011-11-18 ,1.30906834597707,,,,
2011-11-21 ,0.592780566469404,,,,
2011-11-22 ,0.647303502448119,,,,
2011-11-23 ,0.0290204018708715,,,,
2011-11-25 ,0.736359849516188,,,,
2011-11-28 ,0.345368994194238,,,,
2011-11-29 ,-1.02755728838852,,,,
2011-11-30 ,0.462677345454699,,,,
2011-12-01 ,-1.25594795290508,,,,
2011-12-02 ,-0.408463334487498,,,,
2011-12-05 ,0.132837711987975,,,,
2011-12-06 ,0.570985097122468,,,,
2011-12-07 ,-0.00106577656505853,,,,
2011-12-08 ,-0.978568126536441,,,,
2011-12-09 ,-1.0255922341383,,,,
2011-12-12 ,0.669455681458877,,,,
2011-12-13 ,-1.60799499885101,,,,
2011-12-14 ,-0.155554854093754,,,,
2011-12-15 ,-1.60676892664698,,,,
2011-12-16 ,-0.51797272319,,,,
2011-12-19 ,0.740345512301918,,,,
2011-12-20 ,-0.597851224230901,,,,
2011-12-21 ,1.07578011909948,,,,
2011-12-22 ,0.158017381822203,,,,
2011-12-23 ,-0.0410635483331638,,,,
2011-12-27 ,-0.02655209151511,,,,
2011-12-28 ,0.138170370081144,,,,
2011-12-29 ,-0.822570253233194,,,,
2011-12-30 ,-0.116703667577633,,,,
2012-01-03 ,0.00796370040476707,,,,
2012-01-04 ,0.667182094452566,,,,
2012-01-05 ,-0.289388770822086,,,,
2012-01-06 ,-0.767210831348295,,,,
2012-01-09 ,-0.398476484922584,,,,
2012-01-10 ,-0.379086520323235,,,,
2012-01-11 ,-0.565955640788597,,,,
2012-01-12 ,-1.27017805600721,,,,
2012-01-13 ,-0.100799465785038,,,,
2012-01-17 ,-0.182440247224873,,,,
2012-01-18 ,-0.0199822670898791,,,,
2012-01-19 ,-0.570093785455021,,,,
2012-01-20 ,-1.17464509284241,,,,
2012-01-23 ,-0.822355722844217,,,,
2012-01-24 ,0.961864648324475,,,,
2012-01-25 ,-0.908583470467618,,,,
2012-01-26 ,0.183743692773763,,,,
2012-01-27 ,-0.872699227052329,,,,
2012-01-30 ,-0.921038580812654,,,,
2012-01-31 ,-0.0172317566317354,,,,
2012-02-01 ,-0.555712107980672,,,,
2012-02-02 ,-0.855525154647215,,,,
2012-02-03 ,-0.265038717493801,,,,
2012-02-06 ,-0.264623937449706,,,,
2012-02-07 ,0.218985760329849,,,,
2012-02-08 ,0.330369339027308,,,,
2012-02-09 ,-0.164804877588875,,,,
2012-02-10 ,-0.368574072571045,,,,
2012-02-13 ,0.465724632429627,,,,
2012-02-14 ,0.0532727022399182,,,,
2012-02-15 ,-0.631148714808843,,,,
2012-02-16 ,-0.288255034519146,,,,
2012-02-17 ,-0.77388032438149,,,,
2012-02-21 ,0.300036353354772,,,,
2012-02-22 ,0.216588859582498,,,,
2012-02-23 ,-0.28173603746557,,,,
2012-02-24 ,0.040444491988355,,,,
2012-02-27 ,-0.134946145907251,,,,
2012-02-28 ,0.486035179871946,,,,
2012-02-29 ,-0.276870166382595,,,,
2012-03-01 ,0.413127092654354,,,,
2012-03-02 ,-0.0574459648167239,,,,
2012-03-05 ,-0.317590235310028,,,,
2012-03-06 ,-1.50753759790179,,,,
2012-03-07 ,-1.08739630172022,,,,
2012-03-08 ,0.162773727515432,,,,
2012-03-09 ,0.500744459248368,,,,
2012-03-12 ,-0.33219148719059,,,,
2012-03-13 ,-0.841417477830819,,,,
2012-03-14 ,0.89309556445053,,,,
2012-03-15 ,-0.271295463801294,,,,
2012-03-16 ,0.362283144519162,,,,
2012-03-19 ,1.17801374499697,,,,
2012-03-20 ,-0.279504451549321,,,,
2012-03-21 ,-0.786275614289702,,,,
2012-03-22 ,-0.646539160446865,,,,
2012-03-23 ,-1.11107666216335,,,,
2012-03-26 ,0.638358685004387,,,,
2012-03-27 ,0.0921911196552126,,,,
2012-03-28 ,-0.347234592544211,,,,
2012-03-29 ,-0.744681714292178,,,,
2012-03-30 ,0.368428200708484,,,,
2012-04-02 ,0.35253242603539,,,,
2012-04-03 ,0.485477408868657,,,,
2012-04-04 ,0.166186089882525,,,,
2012-04-05 ,-0.0508491134809184,,,,
2012-04-09 ,-0.0881750142594469,,,,
2012-04-10 ,0.231619058055298,,,,
2012-04-11 ,-0.298723992862882,,,,
2012-04-12 ,-0.513757836165793,,,,
2012-04-13 ,-0.00211689781818677,,,,
2012-04-16 ,-0.334332713372386,,,,
2012-04-17 ,-0.559781136220006,,,,
2012-04-18 ,-0.0824120561482313,,,,
2012-04-19 ,0.366267491048712,,,,
2012-04-20 ,0.169418444118772,,,,
2012-04-23 ,-0.294905439030324,,,,
2012-04-24 ,0.481120764919704,,,,
2012-04-25 ,0.441306511020369,,,,
2012-04-26 ,0.102982971995181,,,,
2012-04-27 ,0.0927745746052078,,,,
2012-04-30 ,0.000403775849574682,,,,
2012-05-01 ,-0.0403523978986055,,,,
2012-05-02 ,0.0131586496836317,,,,
2012-05-03 ,0.130719401888344,,,,
2012-05-04 ,0.608202882588773,,,,
2012-05-07 ,0.378100427741575,,,,
2012-05-08 ,0.00332693200683608,,,,
2012-05-09 ,-0.266753266765818,,,,
2012-05-10 ,-0.265843801870153,,,,
2012-05-11 ,0.0991723878956122,,,,
2012-05-14 ,0.0830962484394828,,,,
2012-05-15 ,-0.149421441425023,,,,
2012-05-16 ,0.267419541199276,,,,
2012-05-17 ,-0.44271729559763,,,,
2012-05-18 ,0.792613767976761,,,,
2012-05-21 ,0.564265217739676,,,,
2012-05-22 ,-0.521866831415424,,,,
2012-05-23 ,0.401134026673732,,,,
2012-05-24 ,-0.624215986082061,,,,
2012-05-25 ,0.0738508766630817,,,,
2012-05-29 ,-0.279876130618765,,,,
2012-05-30 ,0.0777451834885522,,,,
2012-05-31 ,0.633250899312168,,,,
2012-06-01 ,0.0384163138444443,,,,
2012-06-04 ,1.12903511318589,,,,
2012-06-05 ,0.674282950982756,,,,
2012-06-06 ,-0.146550077012948,,,,
2012-06-07 ,0.757456337590273,,,,
2012-06-08 ,0.370738618351867,,,,
2012-06-11 ,-0.559564006891951,,,,
2012-06-12 ,0.719076272925002,,,,
2012-06-13 ,-0.044766000858386,,,,
2012-06-14 ,0.329088036553725,,,,
2012-06-15 ,0.0554311492275724,,,,
2012-06-18 ,0.0436775137756675,,,,
2012-06-19 ,-0.132790299495832,,,,
2012-06-20 ,-0.857212183034333,,,,
2012-06-21 ,-0.584813686897613,,,,
2012-06-22 ,0.727436364583608,,,,
2012-06-25 ,-0.0590960872667776,,,,
2012-06-26 ,0.434442864831167,,,,
2012-06-27 ,0.315424813597824,,,,
2012-06-28 ,-0.101395117753921,,,,
2012-06-29 ,0.255303220257805,,,,
2012-07-02 ,-0.801571823695951,,,,
2012-07-03 ,0.38671712584179,,,,
2012-07-05 ,-0.435649072843751,,,,
2012-07-06 ,-0.966715616343515,,,,
2012-07-09 ,0.72705626842663,,,,
2012-07-10 ,0.617011802690314,,,,
2012-07-11 ,1.22320924991279,,,,
2012-07-12 ,0.944880573795158,,,,
2012-07-13 ,0.19546388270302,,,,
2012-07-16 ,0.0257426496913757,,,,
2012-07-17 ,0.543629159647064,,,,
2012-07-18 ,0.305063464704081,,,,
2012-07-19 ,-0.752297211301733,,,,
2012-07-20 ,-1.50505582763606,,,,
2012-07-23 ,0.780841198966097,,,,
2012-07-24 ,0.168168549332793,,,,
2012-07-25 ,0.493652173779858,,,,
2012-07-26 ,-0.125428670025895,,,,
2012-07-27 ,-0.705960580555814,,,,
2012-07-30 ,-0.487524669663424,,,,
2012-07-31 ,1.08624351501824,,,,
2012-08-01 ,-0.315454014032084,,,,
2012-08-02 ,0.934760274325222,,,,
2012-08-03 ,-0.873309084928396,,,,
2012-08-06 ,-0.378519154496822,,,,
2012-08-07 ,-0.727816899582348,,,,
2012-08-08 ,-0.276544868163998,,,,
2012-08-09 ,-0.156313899212533,,,,
2012-08-10 ,0.435209893359043,,,,
2012-08-13 ,-0.11172349064188,,,,
2012-08-14 ,-0.621606536863659,,,,
2012-08-15 ,0.795037645220872,,,,
2012-08-16 ,-0.461766563819258,,,,
2012-08-17 ,-0.443032038353359,,,,
2012-08-20 ,-0.900557457174703,,,,
2012-08-21 ,-0.0287919988104482,,,,
2012-08-22 ,-0.0319394125271209,,,,
2012-08-23 ,-0.00434312259046775,,,,
2012-08-24 ,-0.60779939953936,,,,
2012-08-27 ,0.0818278148186483,,,,
2012-08-28 ,0.3010829040659,,,,
2012-08-29 ,-0.22090092042501,,,,
2012-08-30 ,-0.420871768348678,,,,
2012-08-31 ,-0.129187150418845,,,,
2012-09-04 ,-0.109556982521284,,,,
2012-09-05 ,-0.190039480781522,,,,
2012-09-06 ,-0.454021034888861,,,,
2012-09-07 ,-0.543346410926622,,,,
2012-09-10 ,0.427096552933395,,,,
2012-09-11 ,0.0944663476513981,,,,
2012-09-12 ,0.396654873000276,,,,
2012-09-13 ,-0.432495509068479,,,,
2012-09-14 ,0.321843548144902,,,,
2012-09-17 ,-0.136728273821735,,,,
2012-09-18 ,0.18272932095533,,,,
2012-09-19 ,-0.210391473215552,,,,
2012-09-20 ,-1.41229819344381,,,,
2012-09-21 ,0.679903412750247,,,,
2012-09-24 ,0.392761978156605,,,,
2012-09-25 ,0.622216538891344,,,,
2012-09-26 ,0.461602243357498,,,,
2012-09-27 ,-0.312367393439017,,,,
2012-09-28 ,-0.0295374402239285,,,,
2012-10-01 ,-0.607812961746758,,,,
2012-10-02 ,-0.234773491339963,,,,
2012-10-03 ,0.190254937327754,,,,
2012-10-04 ,-1.1041005650862,,,,
2012-10-05 ,0.477770562195061,,,,
2012-10-08 ,-0.669183588557816,,,,
2012-10-09 ,-0.117524102422648,,,,
2012-10-10 ,0.404679056713182,,,,
2012-10-11 ,-0.666590672364269,,,,
2012-10-12 ,0.321823392557964,,,,
2012-10-15 ,-0.299904303736894,,,,
2012-10-16 ,-0.235531113151341,,,,
2012-10-17 ,0.914606238047488,,,,
2012-10-18 ,0.812112794189693,,,,
2012-10-19 ,0.044403959775826,,,,
2012-10-22 ,0.587733989913313,,,,
2012-10-23 ,0.177482547454342,,,,
2012-10-24 ,-0.985824487761628,,,,
2012-10-25 ,-0.265228792795969,,,,
2012-10-26 ,0.772702127206688,,,,
2012-10-31 ,-0.514119933316722,,,,
2012-11-01 ,0.334471846113315,,,,
2012-11-02 ,-0.782058900384212,,,,
2012-11-05 ,-0.603454826625754,,,,
2012-11-06 ,-0.0670428719248564,,,,
2012-11-07 ,0.759168443979594,,,,
2012-11-08 ,-0.276431028980569,,,,
2012-11-09 ,0.0419544000807207,,,,
2012-11-12 ,-0.0394416473749067,,,,
2012-11-13 ,0.175837802282338,,,,
2012-11-14 ,-0.284222699018728,,,,
2012-11-15 ,-0.114839533539704,,,,
2012-11-16 ,-0.306489201643522,,,,
2012-11-19 ,-0.458008633951838,,,,
2012-11-20 ,0.281070852342158,,,,
2012-11-21 ,-0.431489580733439,,,,
2012-11-23 ,-0.371204660010339,,,,
2012-11-26 ,-0.00814108459745721,,,,
2012-11-27 ,-0.282658089351881,,,,
2012-11-28 ,-0.552331343820713,,,,
2012-11-29 ,-0.206289686180649,,,,
2012-11-30 ,0.0166601339327597,,,,
2012-12-03 ,-0.625842031898917,,,,
2012-12-04 ,-0.219932586028998,,,,
2012-12-05 ,-0.0357586497894283,,,,
2012-12-06 ,0.418778324086408,,,,
2012-12-07 ,-0.559905049169583,,,,
2012-12-10 ,0.127989282972569,,,,
2012-12-11 ,-0.431643120094944,,,,
2012-12-12 ,-0.22825445989379,,,,
2012-12-13 ,0.0769577143000928,,,,
2012-12-14 ,-0.0993554692061922,,,,
2012-12-17 ,0.430077619531385,,,,
2012-12-18 ,-0.016931177642125,,,,
2012-12-19 ,0.411393788988098,,,,
2012-12-20 ,-0.0399161502160569,,,,
2012-12-21 ,0.338936084326498,,,,
2012-12-24 ,0.0494756487640696,,,,
2012-12-26 ,-0.106959236969644,,,,
2012-12-27 ,0.335227781397475,,,,
2012-12-28 ,-0.32886946980192,,,,
2012-12-31 ,-0.22365816434476,,,,
2013-01-02 ,-0.206713318177388,,,,
2013-01-03 ,-0.0809082005426036,,,,
2013-01-04 ,-0.420884159403385,,,,
2013-01-07 ,0.0483691170373743,,,,
2013-01-08 ,-0.125884899082433,,,,
2013-01-09 ,-0.305284284137295,,,,
2013-01-10 ,-0.107339316552035,,,,
2013-01-11 ,0.268860989546108,,,,
2013-01-14 ,0.112282813028398,,,,
2013-01-15 ,-0.16394793971087,,,,
2013-01-16 ,-0.5369058861899,,,,
2013-01-17 ,-0.298195508630723,,,,
2013-01-18 ,0.19159023533347,,,,
2013-01-22 ,0.100999771487222,,,,
2013-01-23 ,0.509567158665324,,,,
2013-01-24 ,-0.176029734960666,,,,
2013-01-25 ,-0.631537106704664,,,,
2013-01-28 ,-0.217708748878744,,,,
2013-01-29 ,0.460260624938948,,,,
2013-01-30 ,0.579124385683224,,,,
2013-01-31 ,-0.407091400594049,,,,
2013-02-01 ,-1.21211797468253,,,,
2013-02-04 ,0.291067786469445,,,,
2013-02-05 ,0.240574636780205,,,,
2013-02-06 ,-0.447674532542272,,,,
2013-02-07 ,0.32354182192034,,,,
2013-02-08 ,-0.187386297812008,,,,
2013-02-11 ,0.14981116093365,,,,
2013-02-12 ,0.0479443516325398,,,,
2013-02-13 ,0.0522044911766725,,,,
2013-02-14 ,0.153257528090072,,,,
2013-02-15 ,0.0630969965224242,,,,
2013-02-19 ,-0.856912549805271,,,,
2013-02-20 ,0.129876897541476,,,,
2013-02-21 ,-1.06317250863852,,,,
2013-02-22 ,-0.557286982920432,,,,
2013-02-25 ,0.033646290864834,,,,
2013-02-26 ,-0.480727161678102,,,,
2013-02-27 ,0.0387123506539233,,,,
2013-02-28 ,-0.259240783418128,,,,
2013-03-01 ,-0.547892085437731,,,,
2013-03-04 ,0.0951239109513859,,,,
2013-03-05 ,-0.0167096775193312,,,,
2013-03-06 ,0.451477170056762,,,,
2013-03-07 ,-0.195339885091061,,,,
2013-03-08 ,-0.112251549626315,,,,
2013-03-11 ,-0.171245943082879,,,,
2013-03-12 ,-0.156427016715115,,,,
2013-03-13 ,-0.00717678434935538,,,,
2013-03-14 ,-0.271323027643156,,,,
2013-03-15 ,0.307279795078509,,,,
2013-03-18 ,0.141045824996503,,,,
2013-03-19 ,-0.190107747518147,,,,
2013-03-20 ,-0.667117760318161,,,,
2013-03-21 ,-0.213182930873767,,,,
2013-03-22 ,-0.616826836773136,,,,
2013-03-25 ,-0.252775887477777,,,,
2013-03-26 ,-0.337656669967709,,,,
2013-03-27 ,0.445191777950127,,,,
2013-03-28 ,0.0703565427060088,,,,
2013-04-01 ,-0.0977359443058874,,,,
2013-04-02 ,0.257806791426119,,,,
2013-04-03 ,0.448151614861056,,,,
2013-04-04 ,0.414723150854464,,,,
2013-04-05 ,-0.0616510363965474,,,,
2013-04-08 ,-0.0404497522542836,,,,
2013-04-09 ,0.0820156895655865,,,,
2013-04-10 ,0.101165526759855,,,,
2013-04-11 ,-0.168111897543006,,,,
2013-04-12 ,-0.906126553565375,,,,
2013-04-15 ,-0.334739593597729,,,,
2013-04-16 ,0.58374737866865,,,,
2013-04-17 ,-0.475870214036037,,,,
2013-04-18 ,0.0255389142923407,,,,
2013-04-19 ,0.893808891924664,,,,
2013-04-22 ,0.16637344154389,,,,
2013-04-23 ,-0.155132521882345,,,,
2013-04-24 ,-0.903209121447591,,,,
2013-04-25 ,-0.175041556924636,,,,
2013-04-26 ,-0.485966124158884,,,,
2013-04-29 ,-0.597962735417436,,,,
2013-04-30 ,0.504844704505331,,,,
2013-05-01 ,-0.396318062133425,,,,
2013-05-02 ,0.22976584116112,,,,
2013-05-03 ,-0.259264013609085,,,,
2013-05-06 ,-0.151581389752709,,,,
2013-05-07 ,-0.210534242101404,,,,
2013-05-08 ,0.206875381500697,,,,
2013-05-09 ,-0.715831777074501,,,,
2013-05-10 ,-0.845273607585135,,,,
2013-05-13 ,-0.213215463060527,,,,
2013-05-14 ,-0.216392800565212,,,,
2013-05-15 ,0.231900060011999,,,,
2013-05-16 ,0.0382074293761915,,,,
2013-05-17 ,-0.439026970378027,,,,
2013-05-20 ,0.0340146827582717,,,,
2013-05-21 ,-0.340997583358274,,,,
2013-05-22 ,0.272592703437597,,,,
2013-05-23 ,0.0196450084036956,,,,
2013-05-24 ,-0.0819934666148558,,,,
2013-05-28 ,0.132131674159442,,,,
2013-05-29 ,-0.253755707086747,,,,
2013-05-30 ,0.0611107317145612,,,,
2013-05-31 ,-0.216887365559675,,,,
2013-06-03 ,-0.27015081947982,,,,
2013-06-04 ,0.481262496894517,,,,
2013-06-05 ,0.23657119090016,,,,
2013-06-06 ,-0.100572832423905,,,,
2013-06-07 ,-0.0356057259085557,,,,
2013-06-10 ,-0.792184932684228,,,,
2013-06-11 ,0.22959881841211,,,,
2013-06-12 ,0.20077157563461,,,,
2013-06-13 ,-0.621644121013547,,,,
2013-06-14 ,-0.0621132808698232,,,,
2013-06-17 ,-0.203611611116289,,,,
2013-06-18 ,0.0252145637563385,,,,
2013-06-19 ,0.10371183959944,,,,
2013-06-20 ,-0.330081179793144,,,,
2013-06-21 ,0.0489002680941336,,,,
2013-06-24 ,0.308848816703227,,,,
2013-06-25 ,0.784372957946168,,,,
2013-06-26 ,-0.156499593473247,,,,
2013-06-27 ,0.198179151527191,,,,
2013-06-28 ,-0.544545387051484,,,,
2013-07-01 ,-0.516152381171657,,,,
2013-07-02 ,0.222824961640303,,,,
2013-07-03 ,-0.153944285408873,,,,
2013-07-05 ,0.302364947835,,,,
2013-07-08 ,0.572703192436606,,,,
2013-07-09 ,-0.227452826729783,,,,
2013-07-10 ,-0.422074436970137,,,,
2013-07-11 ,-0.182647656673513,,,,
2013-07-12 ,-0.190835948209868,,,,
2013-07-15 ,0.12477334984813,,,,
2013-07-16 ,0.497369808693808,,,,
2013-07-17 ,-0.0252045890590367,,,,
2013-07-18 ,-0.220272773321732,,,,
2013-07-19 ,0.0241097290737789,,,,
2013-07-22 ,0.441892394293911,,,,
2013-07-23 ,0.487225283611408,,,,
2013-07-24 ,0.0918889141360295,,,,
2013-07-25 ,0.0944365749578096,,,,
2013-07-26 ,0.0821610507436375,,,,
2013-07-29 ,-0.0199970564708687,,,,
2013-07-30 ,0.164571695454085,,,,
2013-07-31 ,-0.140572911547899,,,,
2013-08-01 ,-0.453895680996566,,,,
2013-08-02 ,0.0288688549439222,,,,
2013-08-05 ,-0.00707842696817085,,,,
2013-08-06 ,-0.0592645495008635,,,,
2013-08-07 ,0.402851751644009,,,,
2013-08-08 ,0.351444916916853,,,,
2013-08-09 ,-0.572535248532253,,,,
2013-08-12 ,-0.348051078891676,,,,
2013-08-13 ,-0.885233155399749,,,,
2013-08-14 ,0.312753296534532,,,,
2013-08-15 ,-0.106798365396482,,,,
2013-08-16 ,-0.127296832108759,,,,
2013-08-19 ,-0.146476038436619,,,,
2013-08-20 ,0.213199131783319,,,,
2013-08-21 ,-1.12913850890902,,,,
2013-08-22 ,0.0104039082237814,,,,
2013-08-23 ,-0.214788807771514,,,,
2013-08-26 ,0.164603478085075,,,,
2013-08-27 ,-0.525537090243389,,,,
2013-08-28 ,1.3942872304664,,,,
2013-08-29 ,0.0558739653051587,,,,
2013-08-30 ,-0.820144752810479,,,,
2013-09-03 ,0.456325652805131,,,,
2013-09-04 ,0.841002337933075,,,,
2013-09-05 ,-0.189213939257947,,,,
2013-09-06 ,0.0263110608471913,,,,
2013-09-09 ,-0.167732361957513,,,,
2013-09-10 ,-0.473316204768913,,,,
2013-09-11 ,0.0306492766915218,,,,
2013-09-12 ,-0.477267932211805,,,,
2013-09-13 ,-0.403830748786889,,,,
2013-09-16 ,-0.0169646553912775,,,,
2013-09-17 ,-0.061297818942876,,,,
2013-09-18 ,0.047847923002114,,,,
2013-09-19 ,0.138630647364561,,,,
2013-09-20 ,-0.0914936053299435,,,,
2013-09-23 ,0.109122163529445,,,,
2013-09-24 ,0.524075579501714,,,,
2013-09-25 ,-0.187744861487754,,,,
2013-09-26 ,0.386156252484044,,,,
2013-09-27 ,-0.131803106699878,,,,
2013-09-30 ,0.282466090386004,,,,
2013-10-01 ,-0.273160271844115,,,,
2013-10-02 ,-0.527208131208611,,,,
2013-10-03 ,0.389735375315761,,,,
2013-10-04 ,-0.34497902020257,,,,
2013-10-07 ,0.531781889959821,,,,
2013-10-08 ,0.30948957234071,,,,
2013-10-09 ,-0.189492496126851,,,,
2013-10-10 ,-0.165253489093898,,,,
2013-10-11 ,0.14480336716364,,,,
2013-10-14 ,-0.0875763801239592,,,,
2013-10-15 ,0.107843673820216,,,,
2013-10-16 ,0.917488723550407,,,,
2013-10-17 ,-0.393349479343319,,,,
2013-10-18 ,-0.281845350566558,,,,
2013-10-21 ,0.885527788863943,,,,
2013-10-22 ,0.453415831290197,,,,
2013-10-23 ,-0.506544809636521,,,,
2013-10-24 ,-0.135823159089095,,,,
2013-10-25 ,0.254714998102447,,,,
2013-10-28 ,0.0379561320690168,,,,
2013-10-29 ,-0.640636770995881,,,,
2013-10-30 ,-0.404147648717383,,,,
2013-10-31 ,-0.0800991292500032,,,,
2013-11-01 ,-0.322669092064349,,,,
2013-11-04 ,0.0102498517724177,,,,
2013-11-05 ,0.662486102173495,,,,
2013-11-06 ,-0.624846662490895,,,,
2013-11-07 ,-0.295415444401522,,,,
2013-11-08 ,-0.664411333497722,,,,
2013-11-11 ,0.410430835933664,,,,
2013-11-12 ,0.153789560478395,,,,
2013-11-13 ,-0.846414506442609,,,,
2013-11-14 ,0.0618008317100581,,,,
2013-11-15 ,0.360666206634267,,,,
2013-11-18 ,-0.146484221540039,,,,
2013-11-19 ,-0.364995209501846,,,,
2013-11-20 ,-0.50071950735716,,,,
2013-11-21 ,-0.253415610756312,,,,
2013-11-22 ,0.311939708533984,,,,
2013-11-25 ,-0.172251910131228,,,,
2013-11-26 ,-0.698968622978217,,,,
2013-11-27 ,0.319197949559748,,,,
2013-11-29 ,-1.03533937818199,,,,
2013-12-02 ,-0.0322538222712459,,,,
2013-12-03 ,0.149935477587433,,,,
2013-12-04 ,-0.114436814528514,,,,
2013-12-05 ,0.141872800298886,,,,
2013-12-06 ,0.0825918298647015,,,,
2013-12-09 ,-0.248960551175022,,,,
2013-12-10 ,-0.895915168590393,,,,
2013-12-11 ,-0.330303982135599,,,,
2013-12-12 ,0.355988582956213,,,,
2013-12-13 ,-0.077896824899123,,,,
2013-12-16 ,-0.47822729195772,,,,
2013-12-17 ,0.162865258652307,,,,
2013-12-18 ,-0.448071112985278,,,,
2013-12-19 ,0.0846165374010551,,,,
2013-12-20 ,0.302674975060116,,,,
2013-12-23 ,-0.622128831957537,,,,
2013-12-24 ,-0.544039765769462,,,,
2013-12-26 ,-0.175298212683438,,,,
2013-12-27 ,0.211342685432714,,,,
2013-12-30 ,0.501418541633025,,,,
2013-12-31 ,-0.0577097576172348,,,,
2014-01-02 ,-0.398471625621772,,,,
2014-01-03 ,0.0811840329352179,,,,
2014-01-06 ,0.309164358119885,,,,
2014-01-07 ,-0.0969670281135763,,,,
2014-01-08 ,0.13094552786315,,,,
2014-01-09 ,-0.0480912857183637,,,,
2014-01-10 ,0.898350009227158,,,,
2014-01-13 ,-0.333376242073821,,,,
2014-01-14 ,0.371892706505882,,,,
2014-01-15 ,0.115113508739753,,,,
2014-01-16 ,-0.470781755750802,,,,
2014-01-17 ,0.0811790552588025,,,,
2014-01-21 ,-0.101810993952391,,,,
2014-01-22 ,0.0688934672070402,,,,
2014-01-23 ,-0.3052125921301,,,,
2014-01-24 ,0.266649681634817,,,,
2014-01-27 ,0.0402226727019508,,,,
2014-01-28 ,0.535134692780992,,,,
2014-01-29 ,-0.495115917590016,,,,
2014-01-30 ,0.477394566483912,,,,
2014-01-31 ,0.0533212326875173,,,,
2014-02-03 ,-0.533708990156556,,,,
2014-02-04 ,0.470524243031489,,,,
2014-02-05 ,0.0105817909084466,,,,
2014-02-06 ,-0.03970814563018,,,,
2014-02-07 ,0.081072846422273,,,,
2014-02-10 ,-0.789303832835396,,,,
2014-02-11 ,-0.239221665612348,,,,
2014-02-12 ,-0.0621065023097382,,,,
2014-02-13 ,0.604269372211238,,,,
2014-02-14 ,-0.479423226371047,,,,
2014-02-18 ,0.732731504951738,,,,
2014-02-19 ,-0.0120044467870523,,,,
2014-02-20 ,-0.132496894831467,,,,
2014-02-21 ,-0.0929009684851354,,,,
2014-02-24 ,0.209872209741209,,,,
2014-02-25 ,0.205837005989752,,,,
2014-02-26 ,-0.869071474436733,,,,
2014-02-27 ,-0.885788175240861,,,,
2014-02-28 ,-0.511916488867111,,,,
2014-03-03 ,-0.156546905952412,,,,
2014-03-04 ,0.379622441952267,,,,
2014-03-05 ,0.136561611689636,,,,
2014-03-06 ,-0.395365572801158,,,,
2014-03-07 ,-0.300328490223949,,,,
2014-03-10 ,0.196941202705198,,,,
2014-03-11 ,0.0513587418445536,,,,
2014-03-12 ,-0.0192865510363811,,,,
2014-03-13 ,0.561363933539957,,,,
2014-03-14 ,0.244038709533491,,,,
2014-03-17 ,-0.0910715111185628,,,,
2014-03-18 ,-0.0439044600143598,,,,
2014-03-19 ,0.226732827548001,,,,
2014-03-20 ,-0.271998733771336,,,,
2014-03-21 ,-0.182375284785529,,,,
2014-03-24 ,-0.0841510073495636,,,,
2014-03-25 ,-0.563276316536338,,,,
2014-03-26 ,0.547016481775442,,,,
2014-03-27 ,-0.116244179562562,,,,
2014-03-28 ,0.0013990262316663,,,,
2014-03-31 ,-0.310297070204802,,,,
2014-04-01 ,0.177422062631706,,,,
2014-04-02 ,-0.248642857750076,,,,
2014-04-03 ,0.19440827845359,,,,
2014-04-04 ,0.377528690921915,,,,
2014-04-07 ,0.156612318198819,,,,
2014-04-08 ,0.0997782412218626,,,,
2014-04-09 ,0.0398645333191264,,,,
2014-04-10 ,0.216299377549581,,,,
2014-04-11 ,0.167254081626603,,,,
2014-04-14 ,0.551603987789422,,,,
2014-04-15 ,0.23429475574046,,,,
2014-04-16 ,0.723443749799808,,,,
2014-04-17 ,-0.0223819195601901,,,,
2014-04-21 ,-0.678026109706774,,,,
2014-04-22 ,-0.341628753213354,,,,
2014-04-23 ,-0.340876294612016,,,,
2014-04-24 ,-0.191116020532088,,,,
2014-04-25 ,0.261793393215838,,,,
2014-04-28 ,0.357547585638731,,,,
2014-04-29 ,-0.472902747968118,,,,
2014-04-30 ,0.180935708732241,,,,
2014-05-01 ,-0.43462007691415,,,,
2014-05-02 ,-1.63614006485032,,,,
2014-05-05 ,0.253803359402222,,,,
2014-05-06 ,-0.166374248476296,,,,
2014-05-07 ,2.04757221184357,,,,
2014-05-08 ,2.58157245763035,,,,
2014-05-09 ,0.255309772193461,,,,
2014-05-12 ,-0.916446119847089,,,,
2014-05-13 ,-1.82469471075803,,,,
2014-05-14 ,0.492408207596452,,,,
2014-05-15 ,0.263307025889488,,,,
2014-05-16 ,-0.147817779366344,,,,
2014-05-19 ,-0.220383606515699,,,,
2014-05-20 ,-1.10946434837739,,,,
2014-05-21 ,0.0595397617598164,,,,
2014-05-22 ,-0.376222506057207,,,,
2014-05-23 ,-1.17333169679459,,,,
2014-05-27 ,-0.902897879556073,,,,
2014-05-28 ,-1.05093510475368,,,,
2014-05-29 ,0.359944947713007,,,,
2014-05-30 ,-0.202957753308765,,,,
2014-06-02 ,0.559970876602901,,,,
2014-06-03 ,0.149100529142886,,,,
2014-06-04 ,0.386158003546698,,,,
2014-06-05 ,-0.506832028227087,,,,
2014-06-06 ,-0.596530955237993,,,,
2014-06-09 ,-0.295452686528639,,,,
2014-06-10 ,-0.065256020349133,,,,
2014-06-11 ,-0.491038698879037,,,,
2014-06-12 ,-0.0010467895668548,,,,
2014-06-13 ,0.947673508767018,,,,
2014-06-16 ,-0.365017489610121,,,,
2014-06-17 ,-0.633234904688362,,,,
2014-06-18 ,-1.06236067027521,,,,
2014-06-19 ,0.117932087910909,,,,
2014-06-20 ,0.963046439240061,,,,
2014-06-23 ,0.600573604897742,,,,
2014-06-24 ,-0.215268715303952,,,,
2014-06-25 ,-0.577581744081654,,,,
2014-06-26 ,-0.693329555350251,,,,
2014-06-27 ,-0.173911702670884,,,,
2014-06-30 ,-0.0654369687465823,,,,
2014-07-01 ,-0.465570694201079,,,,
2014-07-02 ,-0.172717669515352,,,,
2014-07-03 ,-0.170765489528101,,,,
2014-07-07 ,0.03442476955443,,,,
2014-07-08 ,0.489014334986313,,,,
2014-07-09 ,0.908347165348311,,,,
2014-07-10 ,0.0285069014757077,,,,
2014-07-11 ,0.0516483743399009,,,,
2014-07-14 ,-0.118720963096009,,,,
2014-07-15 ,0.363113457977504,,,,
2014-07-16 ,-0.0582813764820851,,,,
2014-07-17 ,0.274893100335855,,,,
2014-07-18 ,0.135712369703009,,,,
2014-07-21 ,-0.0380275726030204,,,,
2014-07-22 ,0.207219626747889,,,,
2014-07-23 ,0.343006508519057,,,,
2014-07-24 ,0.563469235999671,,,,
2014-07-25 ,-0.765226370784328,,,,
2014-07-28 ,-0.00405574126764287,,,,
2014-07-29 ,-0.203373195279393,,,,
2014-07-30 ,-0.653310793263115,,,,
2014-07-31 ,-1.04332691891935,,,,
2014-08-01 ,-0.14598810325102,,,,
2014-08-04 ,-0.452255324219018,,,,
2014-08-05 ,0.709274660590904,,,,
2014-08-06 ,-0.735676219529972,,,,
2014-08-07 ,-0.0124200149694821,,,,
2014-08-08 ,0.517780629785545,,,,
2014-08-11 ,-0.388839970622873,,,,
2014-08-12 ,-0.102725373777141,,,,
2014-08-13 ,-0.324057345275509,,,,
2014-08-14 ,-0.186957941271853,,,,
2014-08-15 ,-0.741164864248406,,,,
2014-08-18 ,0.587426292218664,,,,
2014-08-19 ,-0.463954163150844,,,,
2014-08-20 ,-0.372154561618331,,,,
2014-08-21 ,-0.479121137866785,,,,
2014-08-22 ,0.436638094423007,,,,
2014-08-25 ,-0.452014398559212,,,,
2014-08-26 ,0.015467563643058,,,,
2014-08-27 ,0.185775976877806,,,,
2014-08-28 ,-0.225481925454421,,,,
2014-08-29 ,0.0240679699332782,,,,
2014-09-02 ,0.156150311512197,,,,
2014-09-03 ,-0.699812609108257,,,,
2014-09-04 ,0.539880117384414,,,,
2014-09-05 ,-0.458451547614141,,,,
2014-09-08 ,-0.288269661082389,,,,
2014-09-09 ,-0.589233095595668,,,,
2014-09-10 ,0.0225199886220585,,,,
2014-09-11 ,-0.498603300252361,,,,
2014-09-12 ,-0.323092844860999,,,,
2014-09-15 ,-0.116392801728725,,,,
2014-09-16 ,1.38272903381417,,,,
2014-09-17 ,0.0967252203822168,,,,
2014-09-18 ,0.135131396697002,,,,
2014-09-19 ,0.0553491660594216,,,,
2014-09-22 ,0.258461997014471,,,,
2014-09-23 ,0.238870810341288,,,,
2014-09-24 ,0.0925849271164686,,,,
2014-09-25 ,-0.224958402878555,,,,
2014-09-26 ,0.179758365783072,,,,
2014-09-29 ,0.0760191551248976,,,,
2014-09-30 ,0.148798063230899,,,,
2014-10-01 ,-0.294886776585361,,,,
2014-10-02 ,0.161717621421191,,,,
2014-10-03 ,-0.0492491259684168,,,,
2014-10-06 ,-0.663718092038329,,,,
2014-10-07 ,-0.0166741090270153,,,,
2014-10-08 ,0.244526334102618,,,,
2014-10-09 ,0.323262467040161,,,,
2014-10-10 ,-0.324302583765805,,,,
2014-10-13 ,-0.218132194594802,,,,
2014-10-14 ,0.814527331136079,,,,
2014-10-15 ,-0.450296047278301,,,,
2014-10-16 ,-0.410753717503075,,,,
2014-10-17 ,-0.27328858231259,,,,
2014-10-20 ,0.31342319392112,,,,
2014-10-21 ,-0.721429078221382,,,,
2014-10-22 ,-0.406834682057664,,,,
2014-10-23 ,-0.00772388000175474,,,,
2014-10-24 ,0.196337517629054,,,,
2014-10-27 ,0.00850742269930713,,,,
2014-10-28 ,-0.519732187244292,,,,
2014-10-29 ,0.14166280313066,,,,
2014-10-30 ,-0.00250275189730646,,,,
2014-10-31 ,-0.440669029803558,,,,
2014-11-03 ,-0.822689807867444,,,,
2014-11-04 ,0.439864133854458,,,,
2014-11-05 ,0.935451632120395,,,,
2014-11-06 ,0.931876965071057,,,,
2014-11-07 ,-0.302285385364985,,,,
2014-11-10 ,-0.877681196362492,,,,
2014-11-11 ,0.717208290368718,,,,
2014-11-12 ,0.022868277803179,,,,
2014-11-13 ,-0.288449460628157,,,,
2014-11-14 ,0.437542632882215,,,,
2014-11-17 ,-0.342811368794292,,,,
2014-11-18 ,0.310866780244461,,,,
2014-11-19 ,0.00611144190539132,,,,
2014-11-20 ,1.12097281338586,,,,
2014-11-21 ,-0.729603445755984,,,,
2014-11-24 ,-0.478840065603202,,,,
2014-11-25 ,-0.19152467356387,,,,
2014-11-26 ,0.0100759625718223,,,,
2014-11-28 ,0.0946242042255794,,,,
2014-12-01 ,1.20272326951051,,,,
2014-12-02 ,0.983956619031468,,,,
2014-12-03 ,0.741255054306244,,,,
2014-12-04 ,0.000859978612375778,,,,
2014-12-05 ,-0.0745247973969718,,,,
2014-12-08 ,-0.0145368889252791,,,,
2014-12-09 ,1.48534783750644,,,,
2014-12-10 ,-0.0337707565671745,,,,
2014-12-11 ,0.702749928303078,,,,
2014-12-12 ,0.283987064634934,,,,
2014-12-15 ,0.0195758570023274,,,,
2014-12-16 ,0.73786855977421,,,,
2014-12-17 ,0.477965188937226,,,,
2014-12-18 ,-0.401817642050144,,,,
2014-12-19 ,-0.139463464673087,,,,
2014-12-22 ,-0.0938316886864752,,,,
2014-12-23 ,0.314538856947978,,,,
2014-12-24 ,-0.780252617396678,,,,
2014-12-26 ,0.144292357774734,,,,
2014-12-29 ,0.0920253315104591,,,,
2014-12-30 ,0.308492235721216,,,,
2014-12-31 ,-0.139746559120581,,,,
2015-01-02 ,-0.100764999999999,,,,
2015-01-05 ,0.0810578908068821,,,,
2015-01-06 ,1.2855285927823,,,,
2015-01-07 ,0.619706234912605,,,,
2015-01-08 ,0.775261166576119,,,,
2015-01-09 ,-0.849677534416134,,,,
2015-01-12 ,0.318116541836068,,,,
2015-01-13 ,1.59260126010985,,,,
2015-01-14 ,0.41990806457758,,,,
2015-01-15 ,-0.383962322968248,,,,
2015-01-16 ,0.797248894096549,,,,
2015-01-20 ,-0.627851030552977,,,,
2015-01-21 ,0.699245709613394,,,,
2015-01-22 ,-1.15004104177062,,,,
2015-01-23 ,0.338287888825916,,,,
2015-01-26 ,0.165860692380212,,,,
2015-01-27 ,-0.761744966519286,,,,
2015-01-28 ,-0.638411989200801,,,,
2015-01-29 ,1.50277808880081,,,,
2015-01-30 ,0.204976646869262,,,,
2015-02-02 ,-0.879233166344383,,,,
2015-02-03 ,-0.0768176305556678,,,,
2015-02-04 ,-1.26433735584837,,,,
2015-02-05 ,0.0656020164875905,,,,
2015-02-06 ,-0.110594787518326,,,,
2015-02-09 ,-0.389867159907098,,,,
2015-02-10 ,-0.481803403841118,,,,
2015-02-11 ,0.590934795358022,,,,
2015-02-12 ,-0.613840675983358,,,,
2015-02-13 ,-0.543055868006446,,,,
2015-02-17 ,-1.30470120304526,,,,
2015-02-18 ,-0.442934948180165,,,,
2015-02-19 ,0.686763680390876,,,,
2015-02-20 ,0.0257058257003634,,,,
2015-02-23 ,-0.314797286366466,,,,
2015-02-24 ,0.896405133867717,,,,
2015-02-25 ,-0.40505284452018,,,,
2015-02-26 ,-0.246490479757107,,,,
2015-02-27 ,-0.45118681345039,,,,
2015-03-02 ,-0.34970505003687,,,,
2015-03-03 ,-0.12898997281292,,,,
2015-03-04 ,0.463805782439645,,,,
2015-03-05 ,0.0819742990884386,,,,
2015-03-06 ,0.667591263023401,,,,
2015-03-09 ,-0.914614302469269,,,,
2015-03-10 ,0.196292987050487,,,,
2015-03-11 ,0.605781083381022,,,,
2015-03-12 ,-0.0783603832485759,,,,
2015-03-13 ,-0.102505627240563,,,,
2015-03-16 ,-0.107274869328423,,,,
2015-03-17 ,0.385227908640663,,,,
2015-03-18 ,-0.359557728859092,,,,
2015-03-19 ,0.627988730376327,,,,
2015-03-20 ,-0.398711088732448,,,,
2015-03-23 ,0.355224024026475,,,,
2015-03-24 ,-0.278369517151689,,,,
2015-03-25 ,0.100010939343598,,,,
2015-03-26 ,0.606442773127623,,,,
2015-03-27 ,0.132624553172363,,,,
2015-03-30 ,-0.0105576837955211,,,,
2015-03-31 ,0.253756708374658,,,,
2015-04-01 ,-0.396683609308175,,,,
2015-04-02 ,0.618826400086378,,,,
2015-04-06 ,-0.0167105672288757,,,,
2015-04-07 ,0.356269094654269,,,,
2015-04-08 ,0.0234596633360696,,,,
2015-04-09 ,-1.45871741503929,,,,
2015-04-10 ,0.302975605216769,,,,
2015-04-13 ,0.145578238745469,,,,
2015-04-14 ,-0.400755806024156,,,,
2015-04-15 ,0.711465910193592,,,,
2015-04-16 ,0.801655389642889,,,,
2015-04-17 ,-0.675513838757167,,,,
2015-04-20 ,-0.152322521869426,,,,
2015-04-21 ,0.0352056427770412,,,,
2015-04-22 ,-0.672102930985371,,,,
2015-04-23 ,0.894723452562596,,,,
2015-04-24 ,0.322473030623124,,,,
2015-04-27 ,-0.148342031021041,,,,
2015-04-28 ,0.310106019464295,,,,
2015-04-29 ,0.0592927494516864,,,,
2015-04-30 ,0.918199103161408,,,,
2015-05-01 ,0.179404998508353,,,,
2015-05-04 ,-0.282152768154463,,,,
2015-05-05 ,0.312035500813235,,,,
2015-05-06 ,-0.446513631080077,,,,
2015-05-07 ,0.203904630512369,,,,
2015-05-08 ,-0.322460384330751,,,,
2015-05-11 ,0.102763369156147,,,,
2015-05-12 ,-0.492509969955062,,,,
2015-05-13 ,0.399313821305716,,,,
2015-05-14 ,-0.433267706775543,,,,
2015-05-15 ,0.0935494489031873,,,,
2015-05-18 ,-0.158091492624414,,,,
2015-05-19 ,0.517683059377541,,,,
2015-05-20 ,0.285562663046235,,,,
2015-05-21 ,0.265569547419723,,,,
2015-05-22 ,0.281513005711761,,,,
2015-05-26 ,0.339813487811638,,,,
2015-05-27 ,-0.0414428395650173,,,,
2015-05-28 ,0.177845232628258,,,,
2015-05-29 ,-0.318657770457236,,,,
2015-06-01 ,-0.0158094104623024,,,,
2015-06-02 ,-0.596889345689429,,,,
2015-06-03 ,1.10399017026456,,,,
2015-06-04 ,-0.282251203122813,,,,
2015-06-05 ,-0.454906650946441,,,,
2015-06-08 ,0.251564608086181,,,,
2015-06-09 ,0.26090512122765,,,,
2015-06-10 ,0.306108763370912,,,,
2015-06-11 ,0.28209139608358,,,,
2015-06-12 ,-0.556275898468892,,,,
2015-06-15 ,-0.405674561109326,,,,
2015-06-16 ,0.239137754077656,,,,
2015-06-17 ,0.394614039556619,,,,
2015-06-18 ,-0.504563991035992,,,,
2015-06-19 ,-1.08003260058174,,,,
2015-06-22 ,-0.633886588256268,,,,
2015-06-23 ,0.0652136189107522,,,,
2015-06-24 ,0.342387515450872,,,,
2015-06-25 ,0.244842330658342,,,,
2015-06-26 ,-0.786995661058693,,,,
2015-06-29 ,0.595588587840722,,,,
2015-06-30 ,0.387181282313532,,,,
2015-07-01 ,-0.496484830679204,,,,
2015-07-02 ,0.570808878604871,,,,
2015-07-06 ,0.0780663152823287,,,,
2015-07-07 ,0.0594740610390988,,,,
2015-07-08 ,-0.730389479808878,,,,
2015-07-09 ,0.480369325865571,,,,
2015-07-10 ,-0.491837868692636,,,,
2015-07-13 ,0.210460250106012,,,,
2015-07-14 ,-0.285682106761052,,,,
2015-07-15 ,0.348408966648926,,,,
2015-07-16 ,0.598998499466807,,,,
2015-07-17 ,0.266501923363637,,,,
2015-07-20 ,0.908700233935667,,,,
2015-07-21 ,0.453352831231192,,,,
2015-07-22 ,-0.226960976000227,,,,
2015-07-23 ,-0.412622490708628,,,,
2015-07-24 ,0.35408351346259,,,,
2015-07-27 ,0.115090494414092,,,,
2015-07-28 ,0.391890603098189,,,,
2015-07-29 ,-0.365437953308228,,,,
2015-07-30 ,0.172407566562189,,,,
2015-07-31 ,-0.504533717845071,,,,
2015-08-03 ,-0.195283998065682,,,,
2015-08-04 ,-0.287573937708787,,,,
2015-08-05 ,-0.0450695912490063,,,,
2015-08-06 ,0.136622364120188,,,,
2015-08-07 ,0.462788544975575,,,,
2015-08-10 ,0.035325431990352,,,,
2015-08-11 ,-0.277225231375631,,,,
2015-08-12 ,1.01176784194225,,,,
2015-08-13 ,0.080446186465745,,,,
2015-08-14 ,-0.17372979362008,,,,
2015-08-17 ,-0.0834327569132703,,,,
2015-08-18 ,-0.185276071878267,,,,
2015-08-19 ,0.707429523009999,,,,
2015-08-20 ,-0.0515044233176141,,,,
2015-08-21 ,0.951497418006618,,,,
2015-08-24 ,-0.450116821111648,,,,
2015-08-25 ,-0.518871344234395,,,,
2015-08-26 ,0.372328402479865,,,,
2015-08-27 ,0.183790284348928,,,,
2015-08-28 ,-0.217210404360491,,,,
2015-08-31 ,-0.296172353705373,,,,
2015-09-01 ,-0.295958523486779,,,,
2015-09-02 ,0.65784856653827,,,,
2015-09-03 ,-0.12621229597033,,,,
2015-09-04 ,-0.232559907536929,,,,
2015-09-08 ,0.530666879404452,,,,
2015-09-09 ,-0.275960831178051,,,,
2015-09-10 ,-0.240440026958831,,,,
2015-09-11 ,-0.0413094773600104,,,,
2015-09-14 ,0.192612704047775,,,,
2015-09-15 ,0.0555514406739162,,,,
2015-09-16 ,-0.365473661792575,,,,
2015-09-17 ,-1.10571052008592,,,,
2015-09-18 ,0.333284778722182,,,,
2015-09-21 ,0.816133509987179,,,,
2015-09-22 ,0.517391036802299,,,,
2015-09-23 ,0.499580530398131,,,,
2015-09-24 ,1.44499531575858,,,,
2015-09-25 ,-0.738655329001952,,,,
2015-09-28 ,-0.0374887584901004,,,,
2015-09-29 ,0.494383864750958,,,,
2015-09-30 ,0.107892025452203,,,,
2015-10-01 ,-0.227386486206847,,,,
2015-10-02 ,-0.33954994893328,,,,
2015-10-05 ,-0.440098219284554,,,,
2015-10-06 ,0.446596480999553,,,,
2015-10-07 ,1.21062120399389,,,,
2015-10-08 ,-0.567679350383842,,,,
2015-10-09 ,0.867764641602405,,,,
2015-10-12 ,-0.595062964832053,,,,
2015-10-13 ,-0.22708396229922,,,,
2015-10-14 ,0.356157719859406,,,,
2015-10-15 ,0.0016844465132545,,,,
2015-10-16 ,-0.0948877401902336,,,,
2015-10-19 ,-0.440009836478844,,,,
2015-10-20 ,-0.391277498100989,,,,
2015-10-21 ,0.928075153852162,,,,
2015-10-22 ,0.573283105134758,,,,
2015-10-23 ,0.807911805137305,,,,
2015-10-26 ,-1.38888304786107,,,,
2015-10-27 ,-0.449446819933461,,,,
2015-10-28 ,-1.4163623844656,,,,
2015-10-29 ,0.0449306238549049,,,,
2015-10-30 ,1.28245029031332,,,,
2015-11-02 ,-0.186587175353181,,,,
2015-11-03 ,-0.806448925637368,,,,
2015-11-04 ,-0.718480725968858,,,,
2015-11-05 ,0.594793407030441,,,,
2015-11-06 ,1.17362172541111,,,,
2015-11-09 ,-1.00222704286308,,,,
2015-11-10 ,0.383204247622043,,,,
2015-11-11 ,0.73181169558795,,,,
2015-11-12 ,1.1610246344806,,,,
2015-11-13 ,0.412264916760608,,,,
2015-11-16 ,0.220258352469508,,,,
2015-11-17 ,-0.370518225552495,,,,
2015-11-18 ,-0.270761861600921,,,,
2015-11-19 ,-0.350090231977493,,,,
2015-11-20 ,0.786924385497792,,,,
2015-11-23 ,-0.314047039326326,,,,
2015-11-24 ,-0.221494847441391,,,,
2015-11-25 ,-0.656715276142076,,,,
2015-11-27 ,-0.439684420760631,,,,
2015-11-30 ,0.129284717415751,,,,
2015-12-01 ,-0.0191652926978302,,,,
2015-12-02 ,0.0637263177793554,,,,
2015-12-03 ,-1.14376916304782,,,,
2015-12-04 ,0.509368588870396,,,,
2015-12-07 ,-1.19864346083394,,,,
2015-12-08 ,-1.83100280111647,,,,
2015-12-09 ,-0.431744912437836,,,,
2015-12-10 ,1.05715237192272,,,,
2015-12-11 ,-0.427513338683069,,,,
2015-12-14 ,-0.262073057954681,,,,
2015-12-15 ,0.368008128673467,,,,
2015-12-16 ,1.31924652026803,,,,
2015-12-17 ,-1.40455149612943,,,,
2015-12-18 ,-0.684928008974717,,,,
2015-12-21 ,-0.947121250734837,,,,
2015-12-22 ,-0.595953877602929,,,,
2015-12-23 ,0.507209529414538,,,,
2015-12-24 ,1.49462747695325,,,,
2015-12-28 ,-0.246105026705552,,,,
2015-12-29 ,-0.723865278534363,,,,
2015-12-30 ,0.0309072182190032,,,,
2015-12-31 ,-0.457855715510175,,,,
2016-01-04 ,0.201067036476163,,,,
2016-01-05 ,-0.463251701866915,,,,
2016-01-06 ,0.191523189372924,,,,
2016-01-07 ,0.123182698106868,,,,
2016-01-08 ,0.533491270330668,,,,
2016-01-11 ,0.110340402211946,,,,
2016-01-12 ,0.406334886369802,,,,
2016-01-13 ,0.407882557203712,,,,
2016-01-14 ,0.408383269139015,,,,
2016-01-15 ,0.682256127623423,,,,
2016-01-19 ,-0.266281105556059,,,,
2016-01-20 ,0.783944231588721,,,,
2016-01-21 ,-0.508591335659969,,,,
2016-01-22 ,-0.524280840197462,,,,
2016-01-25 ,0.201765566490162,,,,
2016-01-26 ,0.0582272820496344,,,,
2016-01-27 ,-0.528598786616288,,,,
2016-01-28 ,-0.0812599784113392,,,,
2016-01-29 ,-0.166661921603842,,,,
2016-02-01 ,-0.00949991350720818,,,,
2016-02-02 ,0.374479487036589,,,,
2016-02-03 ,1.08225872003258,,,,
2016-02-04 ,-1.0354214315857,,,,
2016-02-05 ,-0.583081528693658,,,,
2016-02-08 ,0.940837284302527,,,,
2016-02-09 ,1.00732409024959,,,,
2016-02-10 ,0.984278982314886,,,,
2016-02-11 ,0.471778264704905,,,,
2016-02-12 ,-0.460449037200148,,,,
2016-02-16 ,-1.36263435452403,,,,
2016-02-17 ,-0.6032348263762,,,,
2016-02-18 ,-1.25774849298724,,,,
2016-02-19 ,0.864234781693839,,,,
2016-02-22 ,1.01741735292437,,,,
2016-02-23 ,-1.7288450175017,,,,
2016-02-24 ,1.77109529844144,,,,
2016-02-25 ,-0.34319883853297,,,,
2016-02-26 ,0.0234695628770554,,,,
2016-02-29 ,-1.38193313328842,,,,
2016-03-01 ,-0.24492590652466,,,,
2016-03-02 ,-1.44028231582775,,,,
2016-03-03 ,-0.0914386907982505,,,,
2016-03-04 ,-0.687043806491044,,,,
2016-03-07 ,-0.459194796471863,,,,
2016-03-08 ,0.49434271872181,,,,
2016-03-09 ,1.42462867883382,,,,
2016-03-10 ,-0.108643656844622,,,,
2016-03-11 ,0.691389329609134,,,,
2016-03-14 ,-1.2600336743869,,,,
2016-03-15 ,0.234064542568282,,,,
2016-03-16 ,0.876713446612854,,,,
2016-03-17 ,-0.296756683657258,,,,
2016-03-18 ,0.174212935936219,,,,
2016-03-21 ,-1.30833620907441,,,,
2016-03-22 ,-0.421894125962043,,,,
2016-03-23 ,-0.278634695890796,,,,
2016-03-24 ,1.79095196590038,,,,
2016-03-28 ,0.345959268521214,,,,
2016-03-29 ,0.188558866017404,,,,
2016-03-30 ,-0.235555703187327,,,,
2016-03-31 ,-0.313384891934214,,,,
2016-04-01 ,-0.593937409243777,,,,
2016-04-04 ,-0.335675129415197,,,,
2016-04-05 ,0.0571848771114118,,,,
2016-04-06 ,-0.517237092314812,,,,
2016-04-07 ,-0.753516408141813,,,,
2016-04-08 ,-0.238033538553659,,,,
2016-04-11 ,-0.154990407780892,,,,
2016-04-12 ,0.645213060093472,,,,
2016-04-13 ,-1.0882678550755,,,,
2016-04-14 ,0.0829678041115955,,,,
2016-04-15 ,-0.286814352897223,,,,
2016-04-18 ,0.404863616596849,,,,
2016-04-19 ,-0.540944254432362,,,,
2016-04-20 ,0.387014739612745,,,,
2016-04-21 ,-0.40251586634466,,,,
2016-04-22 ,-0.642445405040632,,,,
2016-04-25 ,-0.501010812741442,,,,
2016-04-26 ,0.599895368621662,,,,
2016-04-27 ,0.168321647281212,,,,
2016-04-28 ,-0.50824058887141,,,,
2016-04-29 ,0.128065558074713,,,,
2016-05-02 ,-0.445336066161156,,,,
2016-05-03 ,-0.368636433366031,,,,
2016-05-04 ,-0.286118202127673,,,,
2016-05-05 ,0.398083505854825,,,,
2016-05-06 ,0.752930893632712,,,,
2016-05-09 ,0.937077515488751,,,,
2016-05-10 ,-0.527139136934208,,,,
2016-05-11 ,0.453035020652696,,,,
2016-05-12 ,1.38686818740533,,,,
2016-05-13 ,0.288608475467177,,,,
2016-05-16 ,-0.431598928347762,,,,
2016-05-17 ,0.516543714276671,,,,
2016-05-18 ,0.447864337202858,,,,
2016-05-19 ,-0.00816232544845765,,,,
2016-05-20 ,-0.310180849039193,,,,
2016-05-23 ,0.411011527612956,,,,
2016-05-24 ,0.0639276976769525,,,,
2016-05-25 ,0.249708250720875,,,,
2016-05-26 ,0.513801081593128,,,,
2016-05-27 ,-0.439111620274442,,,,
2016-05-31 ,-0.104982415279756,,,,
2016-06-01 ,-0.424184110091435,,,,
2016-06-02 ,0.134889789563746,,,,
2016-06-03 ,-0.0216162383340323,,,,
2016-06-06 ,0.753405121259371,,,,
2016-06-07 ,1.08993103493611,,,,
2016-06-08 ,-0.748295394035221,,,,
2016-06-09 ,0.251454514615384,,,,
2016-06-10 ,-0.518607401840765,,,,
2016-06-13 ,-0.486529207043199,,,,
2016-06-14 ,0.325392997358783,,,,
2016-06-15 ,-0.889760202401089,,,,
2016-06-16 ,-0.45233923650055,,,,
2016-06-17 ,-0.38932718359703,,,,
2016-06-20 ,0.224574947960318,,,,
2016-06-21 ,0.0727176623574674,,,,
2016-06-22 ,-0.0607561118588264,,,,
2016-06-23 ,0.0316358008469304,,,,
2016-06-24 ,0.136353504895691,,,,
2016-06-27 ,-0.65487629168464,,,,
2016-06-28 ,-0.338662839356162,,,,
2016-06-29 ,0.114570082319876,,,,
2016-06-30 ,0.095517425530245,,,,
2016-07-01 ,-0.0731028000881289,,,,
2016-07-05 ,-0.997307192586243,,,,
2016-07-06 ,0.760314167887776,,,,
2016-07-07 ,-0.18994548846291,,,,
2016-07-08 ,-0.357077204939805,,,,
2016-07-11 ,-0.534481351628055,,,,
2016-07-12 ,-0.48398776499222,,,,
2016-07-13 ,-1.34903444211831,,,,
2016-07-14 ,0.206504564099291,,,,
2016-07-15 ,-0.284461431855668,,,,
2016-07-18 ,0.155224456896264,,,,
2016-07-19 ,-0.0750839170150027,,,,
2016-07-20 ,0.298479806087419,,,,
2016-07-21 ,0.373985403174763,,,,
2016-07-22 ,0.468435159285731,,,,
2016-07-25 ,0.179697522051212,,,,
2016-07-26 ,-0.146489708843156,,,,
2016-07-27 ,-0.402385858836503,,,,
2016-07-28 ,0.28217655824441,,,,
2016-07-29 ,-0.0932127626723139,,,,
2016-08-01 ,-0.550074521427245,,,,
2016-08-02 ,0.0744793713751108,,,,
2016-08-03 ,0.780989433653199,,,,
2016-08-04 ,-0.822701384273282,,,,
2016-08-05 ,0.201961416425087,,,,
2016-08-08 ,-0.501333875735905,,,,
2016-08-09 ,-0.00297044180211872,,,,
2016-08-10 ,-0.127827748378058,,,,
2016-08-11 ,0.107739244056711,,,,
2016-08-12 ,-0.717400951116779,,,,
2016-08-15 ,-0.273383131101366,,,,
2016-08-16 ,-0.964224730806275,,,,
2016-08-17 ,-0.184359157560511,,,,
2016-08-18 ,0.225975998618875,,,,
2016-08-19 ,0.0803584516428843,,,,
2016-08-22 ,-0.549448559435184,,,,
2016-08-23 ,-0.0640554271965182,,,,
2016-08-24 ,-1.19968872760009,,,,
2016-08-25 ,0.341299366613785,,,,
2016-08-26 ,0.133806289832712,,,,
2016-08-29 ,-0.5646424979371,,,,
2016-08-30 ,0.689899927272259,,,,
2016-08-31 ,-0.569576995473831,,,,
2016-09-01 ,-0.0311887388201403,,,,
2016-09-02 ,0.233618812809227,,,,
2016-09-06 ,-0.449348741401957,,,,
2016-09-07 ,-0.115589950678684,,,,
2016-09-08 ,0.324752614381687,,,,
2016-09-09 ,-0.363255456686792,,,,
2016-09-12 ,-0.541305069578157,,,,
2016-09-13 ,0.494878336722883,,,,
2016-09-14 ,0.435434622733819,,,,
2016-09-15 ,0.719072422493678,,,,
2016-09-16 ,0.144771184904574,,,,
2016-09-19 ,-0.119067440301667,,,,
2016-09-20 ,0.337369121542226,,,,
2016-09-21 ,-0.196223120662913,,,,
2016-09-22 ,-0.0707344980174925,,,,
2016-09-23 ,0.127692698605034,,,,
2016-09-26 ,-0.336122601752565,,,,
2016-09-27 ,-0.278066358871181,,,,
2016-09-28 ,0.527945054532495,,,,
2016-09-29 ,-0.467318885535808,,,,
2016-09-30 ,-0.0303493457767218,,,,
2016-10-03 ,-0.211377431922416,,,,
2016-10-04 ,0.386562602086967,,,,
2016-10-05 ,1.15811114191993,,,,
2016-10-06 ,0.385264829164135,,,,
2016-10-07 ,0.123088334128239,,,,
2016-10-10 ,-0.547608791569752,,,,
2016-10-11 ,0.922651381675971,,,,
2016-10-12 ,-0.232093654310733,,,,
2016-10-13 ,-0.579453029625018,,,,
2016-10-14 ,-0.164152098894442,,,,
2016-10-17 ,0.357903514174732,,,,
2016-10-18 ,0.194837030453277,,,,
2016-10-19 ,0.0999367239568994,,,,
2016-10-20 ,-0.286980139366966,,,,
2016-10-21 ,-0.00554085981600254,,,,
2016-10-24 ,0.20208797693474,,,,
2016-10-25 ,0.655504953786026,,,,
2016-10-26 ,0.393303554118811,,,,
2016-10-27 ,-0.1010762004734,,,,
2016-10-28 ,-0.107964689465016,,,,
2016-10-31 ,-0.372902079355378,,,,
2016-11-01 ,-1.0178697592081,,,,
2016-11-02 ,0.317028198642933,,,,
2016-11-03 ,-0.323650344407628,,,,
2016-11-04 ,0.95928085421924,,,,
2016-11-07 ,-0.234170722323172,,,,
2016-11-08 ,-0.208103915915845,,,,
2016-11-09 ,0.834073758145058,,,,
2016-11-10 ,-1.19040772672608,,,,
2016-11-11 ,-0.0300634164638267,,,,
2016-11-14 ,-1.12687916104518,,,,
2016-11-15 ,-0.909924121454924,,,,
2016-11-16 ,0.521151546903657,,,,
2016-11-17 ,-0.178192102590838,,,,
2016-11-18 ,-0.334800619579964,,,,
2016-11-21 ,0.183656024051579,,,,
2016-11-22 ,0.234727806763047,,,,
2016-11-23 ,-1.18175773256244,,,,
2016-11-25 ,-0.237209988064545,,,,
2016-11-28 ,-0.358750613553967,,,,
2016-11-29 ,0.123367646932459,,,,
2016-11-30 ,-0.0740289250109393,,,,
2016-12-01 ,1.82045373512035,,,,
2016-12-02 ,0.129146103435657,,,,
2016-12-05 ,0.17535191919095,,,,
2016-12-06 ,-0.392438806042281,,,,
2016-12-07 ,-0.438856767110639,,,,
2016-12-08 ,0.716847615162207,,,,
2016-12-09 ,0.154798165924678,,,,
2016-12-12 ,0.289910408313362,,,,
2016-12-13 ,0.539112644539231,,,,
2016-12-14 ,-0.0730685064260164,,,,
2016-12-15 ,0.554301528795286,,,,
2016-12-16 ,0.374357778633491,,,,
2016-12-19 ,-0.138301911468241,,,,
2016-12-20 ,0.197426177220764,,,,
2016-12-21 ,0.215452161531704,,,,
2016-12-22 ,-0.509502507753523,,,,
2016-12-23 ,0.179566290407783,,,,
2016-12-27 ,-0.23438314555551,,,,
2016-12-28 ,0.00235744030840155,,,,
2016-12-29 ,0.177027782101284,,,,
2016-12-30 ,0.296997414229893,,,,
2017-01-03 ,-0.233673433358129,,,,
2017-01-04 ,-0.0519170327446733,,,,
2017-01-05 ,0.0770066363564485,,,,
2017-01-06 ,-0.885266667399165,,,,
2017-01-09 ,-0.283363157154617,,,,
2017-01-10 ,-0.493409189649645,,,,
2017-01-11 ,0.288746520874137,,,,
2017-01-12 ,-0.0130159012733344,,,,
2017-01-13 ,-0.49074806715403,,,,
2017-01-17 ,-0.111291715737182,,,,
2017-01-18 ,-0.201633111050762,,,,
2017-01-19 ,-0.145702672576197,,,,
2017-01-20 ,0.438668401155874,,,,
2017-01-23 ,0.67435781890297,,,,
2017-01-24 ,-0.394642320032038,,,,
2017-01-25 ,0.754644468794979,,,,
2017-01-26 ,0.266182431951258,,,,
2017-01-27 ,0.00488868484386844,,,,
2017-01-30 ,-0.218651145674443,,,,
2017-01-31 ,-0.941899464191263,,,,
2017-02-01 ,-0.786221880852225,,,,
2017-02-02 ,0.714634424888184,,,,
2017-02-03 ,-0.770441179055123,,,,
2017-02-06 ,-0.175431964312003,,,,
2017-02-07 ,0.413586581901117,,,,
2017-02-08 ,0.343572495315119,,,,
2017-02-09 ,-0.420218680743221,,,,
2017-02-10 ,-0.532965899610977,,,,
2017-02-13 ,0.101007468657807,,,,
2017-02-14 ,0.296468591117441,,,,
2017-02-15 ,-0.748676177201468,,,,
2017-02-16 ,-0.154636854668835,,,,
2017-02-17 ,1.02412334125464,,,,
2017-02-21 ,-0.0199225828452404,,,,
2017-02-22 ,-0.247999526431437,,,,
2017-02-23 ,0.50906352745071,,,,
2017-02-24 ,1.00852752939156,,,,
2017-02-27 ,0.235834978392099,,,,
2017-02-28 ,-0.420264077777377,,,,
2017-03-01 ,1.07432996868467,,,,
2017-03-02 ,-0.0488846821311734,,,,
2017-03-03 ,0.0130412312995363,,,,
2017-03-06 ,0.358169544072357,,,,
2017-03-07 ,0.272592885618813,,,,
2017-03-08 ,0.506598048967952,,,,
2017-03-09 ,0.308479900003972,,,,
2017-03-10 ,-0.0331875672465539,,,,
2017-03-13 ,0.0655076328926223,,,,
2017-03-14 ,0.168842269600065,,,,
2017-03-15 ,-0.0213263609817814,,,,
2017-03-16 ,-0.468850568217437,,,,
2017-03-17 ,-0.299979973366701,,,,
2017-03-20 ,-0.021302562187236,,,,
2017-03-21 ,0.142252325379711,,,,
2017-03-22 ,0.670866513411523,,,,
2017-03-23 ,0.119118744303828,,,,
2017-03-24 ,0.120253827465016,,,,
2017-03-27 ,0.191708905317926,,,,
2017-03-28 ,-0.101442675978624,,,,
2017-03-29 ,-0.181228977678606,,,,
2017-03-30 ,-0.409302880711818,,,,
2017-03-31 ,0.29306809830451,,,,
2017-04-03 ,-0.355048079836606,,,,
2017-04-04 ,0.447353808246498,,,,
2017-04-05 ,-0.228773721246923,,,,
2017-04-06 ,0.319848791473205,,,,
2017-04-07 ,-0.655737133188035,,,,
2017-04-10 ,0.100364007660314,,,,
2017-04-11 ,-0.350328651693031,,,,
2017-04-12 ,-0.22984849357274,,,,
2017-04-13 ,0.157714729954225,,,,
2017-04-17 ,0.509765874275372,,,,
2017-04-18 ,0.0865436960433329,,,,
2017-04-19 ,-0.107021220121788,,,,
2017-04-20 ,0.483793755666539,,,,
2017-04-21 ,-0.267559160329424,,,,
2017-04-24 ,0.217211614179827,,,,
2017-04-25 ,0.303642513701176,,,,
2017-04-26 ,-0.292856888250457,,,,
2017-04-27 ,-0.264346561337641,,,,
2017-04-28 ,0.305896842430573,,,,
2017-05-01 ,0.165229338500339,,,,
2017-05-02 ,0.574076605360246,,,,
2017-05-03 ,0.29028049832338,,,,
2017-05-04 ,-0.283295418802767,,,,
2017-05-05 ,0.202143710896727,,,,
2017-05-08 ,-0.196782490888435,,,,
2017-05-09 ,-0.0655842338804541,,,,
2017-05-10 ,-0.618417460753907,,,,
2017-05-11 ,-0.266930987770877,,,,
2017-05-12 ,0.826436473147107,,,,
2017-05-15 ,0.712281841566073,,,,
2017-05-16 ,-0.194576099913589,,,,
2017-05-17 ,0.343325499819192,,,,
2017-05-18 ,0.0512420388022792,,,,
2017-05-19 ,0.666494944884623,,,,
2017-05-22 ,-0.806676352282501,,,,
2017-05-23 ,0.374620024193146,,,,
2017-05-24 ,-0.0577326689227385,,,,
2017-05-25 ,0.0797612849426992,,,,
2017-05-26 ,0.284545022600871,,,,
2017-05-30 ,0.0285812919574131,,,,
2017-05-31 ,0.281808295969207,,,,
2017-06-01 ,0.0946380468494263,,,,
2017-06-02 ,0.42832065562236,,,,
2017-06-05 ,0.555251898891312,,,,
2017-06-06 ,0.275214593266002,,,,
2017-06-07 ,-0.585386640461828,,,,
2017-06-08 ,0.797547175690319,,,,
2017-06-09 ,0.361921373462793,,,,
2017-06-12 ,-0.605799020513441,,,,
2017-06-13 ,-0.525390247333377,,,,
2017-06-14 ,0.239032494079654,,,,
2017-06-15 ,0.715492353376925,,,,
2017-06-16 ,0.754673935769118,,,,
2017-06-19 ,-0.100007433235303,,,,
2017-06-20 ,0.225106246688809,,,,
2017-06-21 ,0.568461310212417,,,,
2017-06-22 ,0.184600469597005,,,,
2017-06-23 ,-0.458263477249128,,,,
2017-06-26 ,-0.600693867398845,,,,
2017-06-27 ,-0.685800638839135,,,,
2017-06-28 ,-0.00440174625785465,,,,
2017-06-29 ,0.211757665909916,,,,
2017-06-30 ,-0.730267558457359,,,,
2017-07-03 ,-0.365184594137189,,,,
2017-07-05 ,-0.93490734371691,,,,
2017-07-06 ,1.10205101991691,,,,
2017-07-07 ,0.978657161254649,,,,
2017-07-10 ,0.545768935141837,,,,
2017-07-11 ,-0.114701005455827,,,,
2017-07-12 ,0.20735941101121,,,,
2017-07-13 ,0.673783076427057,,,,
2017-07-14 ,-0.478613936891807,,,,
2017-07-17 ,0.128680561746941,,,,
2017-07-18 ,-0.413988017930994,,,,
2017-07-19 ,0.680668834415783,,,,
2017-07-20 ,-1.2075031497676,,,,
2017-07-21 ,0.102066390400546,,,,
2017-07-24 ,0.144755339723645,,,,
2017-07-25 ,0.394386398688053,,,,
2017-07-26 ,-0.927048905369273,,,,
2017-07-27 ,0.0478458686677834,,,,
2017-07-28 ,-1.12947253482185,,,,
2017-07-31 ,0.804983100363819,,,,
2017-08-01 ,-0.464119061887203,,,,
2017-08-02 ,-0.287604887220461,,,,
2017-08-03 ,0.22968910713582,,,,
2017-08-04 ,0.369920891122183,,,,
2017-08-07 ,-1.0190956920461,,,,
2017-08-08 ,-0.157234272492304,,,,
2017-08-09 ,0.0249747528528047,,,,
2017-08-10 ,0.313437797941245,,,,
2017-08-11 ,0.469845989003111,,,,
2017-08-14 ,-0.521057078154305,,,,
2017-08-15 ,0.189275820634944,,,,
2017-08-16 ,0.609231314133246,,,,
2017-08-17 ,-0.345469023535728,,,,
2017-08-18 ,0.577096909584169,,,,
2017-08-21 ,0.0275488018597668,,,,
2017-08-22 ,0.282616506514698,,,,
2017-08-23 ,-0.458869641085542,,,,
2017-08-24 ,-0.614955930405285,,,,
2017-08-25 ,0.122058645943213,,,,
2017-08-28 ,-0.158056431637768,,,,
2017-08-29 ,0.262610381896339,,,,
2017-08-30 ,-0.0218582605144541,,,,
2017-08-31 ,0.0178431795760646,,,,
2017-09-01 ,-0.0744364830657622,,,,
2017-09-05 ,-0.604297008190474,,,,
2017-09-06 ,-0.352446596115629,,,,
2017-09-07 ,-0.146642608780166,,,,
2017-09-08 ,-0.119452334399617,,,,
2017-09-11 ,0.166015968128223,,,,
2017-09-12 ,0.0816838944961637,,,,
2017-09-13 ,-0.383909352491289,,,,
2017-09-14 ,-0.444377794980985,,,,
2017-09-15 ,0.0943407481968418,,,,
2017-09-18 ,0.0688720993717277,,,,
2017-09-19 ,0.494206738137329,,,,
2017-09-20 ,0.44466792542837,,,,
2017-09-21 ,-0.43551692778049,,,,
2017-09-22 ,-0.179818776843937,,,,
2017-09-25 ,-0.0784240321187744,,,,
2017-09-26 ,-0.613507729340461,,,,
2017-09-27 ,-0.295228444309827,,,,
2017-09-28 ,0.195932439838973,,,,
2017-09-29 ,-0.0381363909137274,,,,