Dates,Returns,,,,
2007-01-03,0.04817763573462,,,,
2007-01-04,-0.127375637499642,,,,
2007-01-05,0.00946042761305737,,,,
2007-01-08,0.19808748621406,,,,
2007-01-09,-0.00326584500766812,,,,
2007-01-10,0.0700056492502168,,,,
2007-01-11,0.0333937954128293,,,,
2007-01-12,-0.0104320730238099,,,,
2007-01-16,-0.120540963679956,,,,
2007-01-17,-0.0436643315425835,,,,
2007-01-18,0.01836729096176,,,,
2007-01-19,-0.0248731812935501,,,,
2007-01-22,-0.160295283034157,,,,
2007-01-23,0.0768708336766291,,,,
2007-01-24,-0.100054211231254,,,,
2007-01-25,-0.1521861790252,,,,
2007-01-26,0.260290483379643,,,,
2007-01-29,-0.0333940862075644,,,,
2007-01-30,0.0133449543080039,,,,
2007-01-31,-0.141422205100571,,,,
2007-02-01,-0.0880685125687778,,,,
2007-02-02,-0.110541763824696,,,,
2007-02-05,-0.00506715544887069,,,,
2007-02-06,0.0189888515008771,,,,
2007-02-07,-0.0374759495621268,,,,
2007-02-08,-0.0496300772532473,,,,
2007-02-09,0.0208709515078061,,,,
2007-02-12,0.0992938050824405,,,,
2007-02-13,0.0473897660981181,,,,
2007-02-14,-0.193586074615694,,,,
2007-02-15,-0.0926388614261934,,,,
2007-02-16,-0.0130838953962534,,,,
2007-02-20,-0.0159652982305227,,,,
2007-02-21,-0.0329939012190929,,,,
2007-02-22,0.0258012471840289,,,,
2007-02-23,-0.0548073073622303,,,,
2007-02-26,-0.0124297946588456,,,,
2007-02-27,-0.0992973822332302,,,,
2007-02-28,0.583175721701454,,,,
2007-03-01,-0.0518889049386079,,,,
2007-03-02,-0.0372026896472113,,,,
2007-03-05,0.149162832788897,,,,
2007-03-06,0.232458730839902,,,,
2007-03-07,-0.276078976481808,,,,
2007-03-08,0.0125319119927908,,,,
2007-03-09,-0.132017292278312,,,,
2007-03-12,0.00968237393473713,,,,
2007-03-13,-0.0165673712790881,,,,
2007-03-14,0.428937762754702,,,,
2007-03-15,-0.114076723887762,,,,
2007-03-16,-0.140960484712528,,,,
2007-03-19,0.157153722359462,,,,
2007-03-20,-0.156167717179788,,,,
2007-03-21,-0.152668183588159,,,,
2007-03-22,-0.22589958943793,,,,
2007-03-23,0.211876462625643,,,,
2007-03-26,-0.0916674945858536,,,,
2007-03-27,-0.035588666724649,,,,
2007-03-28,0.125741287420673,,,,
2007-03-29,0.130825950305241,,,,
2007-03-30,-0.0481944784741696,,,,
2007-04-02,0.0606812593505661,,,,
2007-04-03,0.218195323217578,,,,
2007-04-04,-0.117207653426023,,,,
2007-04-05,0.0917392077805656,,,,
2007-04-09,0.077383690510108,,,,
2007-04-10,-0.0544111247543912,,,,
2007-04-11,-0.0736388604568334,,,,
2007-04-12,0.142507655468183,,,,
2007-04-13,-0.0729348501851781,,,,
2007-04-16,-0.123328812834165,,,,
2007-04-17,-0.171651881881201,,,,
2007-04-18,-0.15586495711012,,,,
2007-04-19,-0.18837882983809,,,,
2007-04-20,0.0265527248691782,,,,
2007-04-23,-0.0609359605816918,,,,
2007-04-24,0.217449584467964,,,,
2007-04-25,0.0954405585645709,,,,
2007-04-26,-0.354421376986631,,,,
2007-04-27,-0.120282460505361,,,,
2007-04-30,0.0438600971972348,,,,
2007-05-01,0.300727389719561,,,,
2007-05-02,0.0225852659808295,,,,
2007-05-03,-0.161365280443716,,,,
2007-05-04,-0.234247060839162,,,,
2007-05-07,-0.0892567114594844,,,,
2007-05-08,-0.0709639909502504,,,,
2007-05-09,0.0371031038165167,,,,
2007-05-10,-0.105307150936354,,,,
2007-05-11,0.177293239310656,,,,
2007-05-14,-0.218892504130169,,,,
2007-05-15,0.060344499367091,,,,
2007-05-16,0.0882734202629162,,,,
2007-05-17,-0.185482641047101,,,,
2007-05-18,-0.0969503657915383,,,,
2007-05-21,-0.120746427039642,,,,
2007-05-22,-0.0828499826577237,,,,
2007-05-23,-0.0195992859878515,,,,
2007-05-24,0.0849764797953735,,,,
2007-05-25,0.257944147621722,,,,
2007-05-29,-0.05970819693789,,,,
2007-05-30,-0.0142078587500959,,,,
2007-05-31,-0.117031468289394,,,,
2007-06-01,0.0112604716019977,,,,
2007-06-04,-0.0485163136970536,,,,
2007-06-05,-0.00982354481651513,,,,
2007-06-06,0.099767943383516,,,,
2007-06-07,0.167906205334786,,,,
2007-06-08,0.392381664413479,,,,
2007-06-11,-0.198246023040644,,,,
2007-06-12,-0.0911648799933209,,,,
2007-06-13,0.203069010538129,,,,
2007-06-14,-0.196820604286186,,,,
2007-06-15,-0.0922481916165788,,,,
2007-06-18,-0.144516955815487,,,,
2007-06-19,0.0263337422612527,,,,
2007-06-20,-0.0429849003643028,,,,
2007-06-21,0.371099955247392,,,,
2007-06-22,-0.122599065245302,,,,
2007-06-25,0.251924438053239,,,,
2007-06-26,0.145972900875555,,,,
2007-06-27,0.0240669067043827,,,,
2007-06-28,-0.135572148280658,,,,
2007-06-29,-0.00212565759926046,,,,
2007-07-02,0.0704245033270892,,,,
2007-07-03,-0.264668124558567,,,,
2007-07-05,-0.00672455588848764,,,,
2007-07-06,0.0230999396555658,,,,
2007-07-09,-0.0501037336136373,,,,
2007-07-10,-0.0700887143150251,,,,
2007-07-11,0.355463371457809,,,,
2007-07-12,-0.119805550483436,,,,
2007-07-13,-0.304364359402182,,,,
2007-07-16,-0.0908952014728057,,,,
2007-07-17,0.154685232602961,,,,
2007-07-18,0.038587577357053,,,,
2007-07-19,0.106415175656423,,,,
2007-07-20,-0.0292060719926738,,,,
2007-07-23,0.272077156121169,,,,
2007-07-24,0.07460876715164,,,,
2007-07-25,0.437409225003108,,,,
2007-07-26,-0.0541565881499311,,,,
2007-07-27,0.396331218837886,,,,
2007-07-30,0.341380977462436,,,,
2007-07-31,-0.126152846142958,,,,
2007-08-01,0.37278984756286,,,,
2007-08-02,-0.0614690781544408,,,,
2007-08-03,-0.0698235853823295,,,,
2007-08-06,0.778767994288724,,,,
2007-08-07,-0.567082447737312,,,,
2007-08-08,-0.188043076216873,,,,
2007-08-09,-0.372928349883377,,,,
2007-08-10,0.68079282378464,,,,
2007-08-13,-0.0458477671667935,,,,
2007-08-14,0.176050529662904,,,,
2007-08-15,0.438106869898484,,,,
2007-08-16,0.165211342957422,,,,
2007-08-17,-0.354318671683801,,,,
2007-08-20,-0.590758313569298,,,,
2007-08-21,0.145787710683031,,,,
2007-08-22,-0.0175174018648483,,,,
2007-08-23,-0.206929341808093,,,,
2007-08-24,0.0528717592476856,,,,
2007-08-27,-0.073499076339583,,,,
2007-08-28,0.169373670633126,,,,
2007-08-29,0.523203270683597,,,,
2007-08-30,-0.355563003761121,,,,
2007-08-31,0.0750821821540888,,,,
2007-09-04,-0.217815424497866,,,,
2007-09-05,-0.220972765483911,,,,
2007-09-06,0.244926847421977,,,,
2007-09-07,0.131963277127562,,,,
2007-09-10,0.275826655092857,,,,
2007-09-11,0.173394260153132,,,,
2007-09-12,-0.319979035823825,,,,
2007-09-13,-0.113042333181567,,,,
2007-09-14,-0.321902455248902,,,,
2007-09-17,-0.0534428454629606,,,,
2007-09-18,0.0388733912214463,,,,
2007-09-19,-0.912119176613374,,,,
2007-09-20,-0.516364002758251,,,,
2007-09-21,0.5310402810946,,,,
2007-09-24,-0.0857261852139415,,,,
2007-09-25,0.224720047764169,,,,
2007-09-26,0.0472231486860824,,,,
2007-09-27,-0.203462553923843,,,,
2007-09-28,-0.123228852197243,,,,
2007-10-01,0.0639463019395815,,,,
2007-10-02,-0.385236401703365,,,,
2007-10-03,-0.207894755845698,,,,
2007-10-04,0.0863528495193576,,,,
2007-10-05,-0.0460757374845815,,,,
2007-10-08,-0.306722893481923,,,,
2007-10-09,0.144743753915634,,,,
2007-10-10,-0.169066601701599,,,,
2007-10-11,0.127969398945519,,,,
2007-10-12,0.0141181661742905,,,,
2007-10-15,-0.020386314512363,,,,
2007-10-16,0.325816692750777,,,,
2007-10-17,0.327310825696886,,,,
2007-10-18,0.291118611808517,,,,
2007-10-19,0.135098100977139,,,,
2007-10-22,0.696741834473583,,,,
2007-10-23,0.00588073767160143,,,,
2007-10-24,-0.0306745420510202,,,,
2007-10-25,0.0944512694337924,,,,
2007-10-26,0.385832771961741,,,,
2007-10-29,-0.612876629871251,,,,
2007-10-30,0.00822309124907749,,,,
2007-10-31,0.241670913582631,,,,
2007-11-01,-0.169668250362922,,,,
2007-11-02,0.551425938688949,,,,
2007-11-05,0.122647701680747,,,,
2007-11-06,0.162779035597507,,,,
2007-11-07,-0.25790566922094,,,,
2007-11-08,0.609234672114119,,,,
2007-11-09,-0.0627493624481159,,,,
2007-11-12,0.0551410023957583,,,,
2007-11-13,-0.0308350201470648,,,,
2007-11-14,-0.65866313058186,,,,
2007-11-15,0.0907154736745412,,,,
2007-11-16,0.320767789454265,,,,
2007-11-19,0.0503713031914226,,,,
2007-11-20,0.351443007766107,,,,
2007-11-21,-0.110153045549848,,,,
2007-11-23,0.352500492779163,,,,
2007-11-26,-0.385340605706704,,,,
2007-11-27,0.481060493880363,,,,
2007-11-28,-0.140276581315859,,,,
2007-11-29,-0.524533246346636,,,,
2007-11-30,0.106382175745838,,,,
2007-12-03,-0.467839317101191,,,,
2007-12-04,0.288151012752902,,,,
2007-12-05,0.153950315418844,,,,
2007-12-06,-0.0341119883304623,,,,
2007-12-07,-0.391319770300708,,,,
2007-12-10,0.164272051123751,,,,
2007-12-11,-0.360679690848004,,,,
2007-12-12,0.555699663641141,,,,
2007-12-13,0.000657293590097441,,,,
2007-12-14,0.0815117002134378,,,,
2007-12-17,0.327624051894348,,,,
2007-12-18,0.379410495087721,,,,
2007-12-19,-0.150054768590464,,,,
2007-12-20,0.104734097649725,,,,
2007-12-21,0.339419997445071,,,,
2007-12-24,-0.265941419651036,,,,
2007-12-26,-0.168768191372037,,,,
2007-12-27,-0.0762019946437164,,,,
2007-12-28,0.179669975081779,,,,
2007-12-31,0.174410122675482,,,,
2008-01-02,-0.0244297829059664,,,,
2008-01-03,0.193583909836255,,,,
2008-01-04,0.0466336479530004,,,,
2008-01-07,0.428338633476059,,,,
2008-01-08,-0.119112332138914,,,,
2008-01-09,0.740936700423968,,,,
2008-01-10,-0.091396978997324,,,,
2008-01-11,-0.267319935138999,,,,
2008-01-14,-0.0740686181632421,,,,
2008-01-15,-0.0803002752114105,,,,
2008-01-16,0.454676543834307,,,,
2008-01-17,0.282980313490207,,,,
2008-01-18,0.758972780747664,,,,
2008-01-22,0.23193229890925,,,,
2008-01-23,-0.486662454570115,,,,
2008-01-24,-0.808452154882113,,,,
2008-01-25,0.148413898483626,,,,
2008-01-28,0.207925622904909,,,,
2008-01-29,-0.463725230068729,,,,
2008-01-30,-0.315747425022898,,,,
2008-01-31,0.213240889511129,,,,
2008-02-01,-0.430075275846526,,,,
2008-02-04,-0.288704862882232,,,,
2008-02-05,0.14319832294049,,,,
2008-02-06,0.368404383958085,,,,
2008-02-07,0.147981689322973,,,,
2008-02-08,0.142595355239508,,,,
2008-02-11,0.228754628822427,,,,
2008-02-12,0.0771865244970861,,,,
2008-02-13,-0.144611186704563,,,,
2008-02-14,-0.153591794618264,,,,
2008-02-15,0.153583219205526,,,,
2008-02-19,-0.141278162783344,,,,
2008-02-20,-0.0738707383584561,,,,
2008-02-21,-0.0908606159893442,,,,
2008-02-22,0.252285175872706,,,,
2008-02-25,-0.170222091727635,,,,
2008-02-26,-0.100589272495883,,,,
2008-02-27,-0.162113504371396,,,,
2008-02-28,-0.198864378502683,,,,
2008-02-29,0.325773969926369,,,,
2008-03-03,0.523751632672869,,,,
2008-03-04,-0.0207867151224274,,,,
2008-03-05,0.300449371487452,,,,
2008-03-06,0.00501024320118221,,,,
2008-03-07,0.425592674925581,,,,
2008-03-10,0.0560875659444257,,,,
2008-03-11,0.434750909972983,,,,
2008-03-12,-0.764691142089352,,,,
2008-03-13,0.366830873548507,,,,
2008-03-14,0.118001654376819,,,,
2008-03-17,0.401446041303085,,,,
2008-03-18,0.400143560887454,,,,
2008-03-19,-0.694556986477716,,,,
2008-03-20,0.410386171737035,,,,
2008-03-24,-0.555740147222411,,,,
2008-03-25,-0.141555724079433,,,,
2008-03-26,0.0115571734322481,,,,
2008-03-27,0.335975150425829,,,,
2008-03-28,0.119124770093588,,,,
2008-03-31,0.10700906433896,,,,
2008-04-01,-0.147698159425684,,,,
2008-04-02,-0.685757061021049,,,,
2008-04-03,-0.033835312078939,,,,
2008-04-04,-0.195869334702122,,,,
2008-04-07,0.0123953275598193,,,,
2008-04-08,-0.289825781969097,,,,
2008-04-09,0.0889792011228593,,,,
2008-04-10,0.39697136109094,,,,
2008-04-11,-0.0751306912098393,,,,
2008-04-14,0.294886078805417,,,,
2008-04-15,0.144658357522083,,,,
2008-04-16,-0.0236193748835,,,,
2008-04-17,-0.588758840995445,,,,
2008-04-18,-0.023224027438188,,,,
2008-04-21,-0.0746198957585049,,,,
2008-04-22,-0.0711286442603622,,,,
2008-04-23,0.12537995228483,,,,
2008-04-24,-0.0929914383861004,,,,
2008-04-25,-0.360747477577217,,,,
2008-04-28,-0.351383137649836,,,,
2008-04-29,0.0762272052623499,,,,
2008-04-30,0.0803869169160228,,,,
2008-05-01,0.0115522541566462,,,,
2008-05-02,-0.308432702553099,,,,
2008-05-05,-0.119658813147298,,,,
2008-05-06,0.128690284024172,,,,
2008-05-07,-0.0158848724855153,,,,
2008-05-08,0.399337382625847,,,,
2008-05-09,0.0484753649618878,,,,
2008-05-12,0.0869162355458508,,,,
2008-05-13,-0.198764751523247,,,,
2008-05-14,0.122554506076221,,,,
2008-05-15,-0.0722206344942384,,,,
2008-05-16,-0.155801470191621,,,,
2008-05-19,-0.188520400475559,,,,
2008-05-20,-0.0737754774049377,,,,
2008-05-21,0.243902313523541,,,,
2008-05-22,0.302666748877794,,,,
2008-05-23,-0.21848311814744,,,,
2008-05-27,0.181424784727585,,,,
2008-05-28,-0.106574122552137,,,,
2008-05-29,0.0345222802162953,,,,
2008-05-30,-0.217810782341072,,,,
2008-06-02,-0.0995263443781759,,,,
2008-06-03,0.0644924123142352,,,,
2008-06-04,0.0762672314421282,,,,
2008-06-05,0.173188499828945,,,,
2008-06-06,-0.373265596273513,,,,
2008-06-09,0.580780458490454,,,,
2008-06-10,-0.145441720429814,,,,
2008-06-11,0.122080797066519,,,,
2008-06-12,0.212796480201712,,,,
2008-06-13,-0.0541121820819895,,,,
2008-06-16,-0.13525413246988,,,,
2008-06-17,-0.030395854275673,,,,
2008-06-18,0.134489483371528,,,,
2008-06-19,0.185581008636844,,,,
2008-06-20,-0.00166987537383361,,,,
2008-06-23,0.247426599653533,,,,
2008-06-24,0.128562868888464,,,,
2008-06-25,0.0670453622514766,,,,
2008-06-26,-0.0246395333908518,,,,
2008-06-27,0.438470358162031,,,,
2008-06-30,0.0583228273473239,,,,
2008-07-01,-0.0138709242804701,,,,
2008-07-02,0.00365778670605448,,,,
2008-07-03,0.29167940439442,,,,
2008-07-07,0.133261656272869,,,,
2008-07-08,0.189326428576237,,,,
2008-07-09,-0.479378240669034,,,,
2008-07-10,0.445624885385588,,,,
2008-07-11,0.0739017312006953,,,,
2008-07-14,0.446303691819819,,,,
2008-07-15,0.211092681920837,,,,
2008-07-16,0.371239860178793,,,,
2008-07-17,-0.590433888075227,,,,
2008-07-18,-0.259793721103061,,,,
2008-07-21,-0.0889695096117436,,,,
2008-07-22,0.0208060262748127,,,,
2008-07-23,-0.595889294871656,,,,
2008-07-24,-0.352230781965739,,,,
2008-07-25,0.605346219534741,,,,
2008-07-28,0.0477326841390105,,,,
2008-07-29,0.309939626079612,,,,
2008-07-30,-0.439857959378684,,,,
2008-07-31,-0.380566392397206,,,,
2008-08-01,0.0338852377169249,,,,
2008-08-04,0.157388799167457,,,,
2008-08-05,0.556412955053233,,,,
2008-08-06,-0.453866234447726,,,,
2008-08-07,-0.196388043459497,,,,
2008-08-08,0.368975365991704,,,,
2008-08-11,-0.0859845885236996,,,,
2008-08-12,-0.157998025134794,,,,
2008-08-13,0.156521148217701,,,,
2008-08-14,-0.114347604866314,,,,
2008-08-15,0.107335707241399,,,,
2008-08-18,0.154050699262489,,,,
2008-08-19,0.281444283887327,,,,
2008-08-20,-0.137941047898133,,,,
2008-08-21,-0.3149322499441,,,,
2008-08-22,-0.0735578889625402,,,,
2008-08-25,0.0503135998665772,,,,
2008-08-26,0.325292606246357,,,,
2008-08-27,-0.132629515490433,,,,
2008-08-28,-0.22018261784616,,,,
2008-08-29,-0.175524815442587,,,,
2008-09-02,0.020765977690836,,,,
2008-09-03,0.253449650563165,,,,
2008-09-04,-0.0707843558207338,,,,
2008-09-05,0.631645759006907,,,,
2008-09-08,-0.167256262130043,,,,
2008-09-09,-0.416741473646469,,,,
2008-09-10,1.03601730614877,,,,
2008-09-11,-0.24698444491282,,,,
2008-09-12,-0.249548151544202,,,,
2008-09-15,-0.2426503898281,,,,
2008-09-16,0.947764457589202,,,,
2008-09-17,-0.649916007109137,,,,
2008-09-18,0.805279650965041,,,,
2008-09-19,-1.02378916020414,,,,
2008-09-22,-1.22065653384921,,,,
2008-09-23,0.726681421216431,,,,
2008-09-24,0.576477564288295,,,,
2008-09-25,0.150145034206858,,,,
2008-09-26,-0.132099861574092,,,,
2008-09-29,-0.0110341931291302,,,,
2008-09-30,1.57994854234499,,,,
2008-10-01,-0.414232274842236,,,,
2008-10-02,0.293711662249086,,,,
2008-10-03,1.65984051547312,,,,
2008-10-06,0.00768120188867205,,,,
2008-10-07,0.26981097757361,,,,
2008-10-08,1.0293050007013,,,,
2008-10-09,0.466954915697275,,,,
2008-10-10,1.02183397520738,,,,
2008-10-13,0.436420164492958,,,,
2008-10-14,-1.12240941582996,,,,
2008-10-15,-0.423073157748005,,,,
2008-10-16,1.30432988907207,,,,
2008-10-17,-0.270658372251336,,,,
2008-10-20,-0.153984407193052,,,,
2008-10-21,-0.705499754829184,,,,
2008-10-22,0.530417858058202,,,,
2008-10-23,1.05697899767168,,,,
2008-10-24,-0.00415673816024247,,,,
2008-10-27,0.260153317386998,,,,
2008-10-28,0.654196464071594,,,,
2008-10-29,-0.543112572178555,,,,
2008-10-30,-0.00399268239999898,,,,
2008-10-31,-0.027869086091825,,,,
2008-11-03,-0.336596312314907,,,,
2008-11-04,-0.252950620674095,,,,
2008-11-05,-0.912167155049063,,,,
2008-11-06,1.05635206234278,,,,
2008-11-07,1.24756408327062,,,,
2008-11-10,-0.364767990679553,,,,
2008-11-11,0.311660576691387,,,,
2008-11-12,0.508453963261014,,,,
2008-11-13,1.15334471880971,,,,
2008-11-14,-0.874888832365266,,,,
2008-11-17,0.679511000047817,,,,
2008-11-18,0.512876739128483,,,,
2008-11-19,-0.0187951153315292,,,,
2008-11-20,1.05518524579439,,,,
2008-11-21,1.40129313192574,,,,
2008-11-24,-1.17194620541108,,,,
2008-11-25,-0.931059819960092,,,,
2008-11-26,-0.232807793310431,,,,
2008-11-28,-0.662777598948449,,,,
2008-12-01,-0.126116728690002,,,,
2008-12-02,1.62423441081098,,,,
2008-12-03,-0.369220746258949,,,,
2008-12-04,-0.222064615766344,,,,
2008-12-05,0.486552498536997,,,,
2008-12-08,-0.592688930621712,,,,
2008-12-09,-1.27923902625804,,,,
2008-12-10,0.266059471395383,,,,
2008-12-11,-0.65379948306972,,,,
2008-12-12,0.475977526648796,,,,
2008-12-15,0.0671464931162025,,,,
2008-12-16,0.416678884879778,,,,
2008-12-17,-1.21416675865266,,,,
2008-12-18,-0.0632582933892853,,,,
2008-12-19,0.745719697857149,,,,
2008-12-22,-0.117676385953526,,,,
2008-12-23,0.646636042008201,,,,
2008-12-24,0.167260390828149,,,,
2008-12-26,-0.0297220987246734,,,,
2008-12-29,-0.159559297104285,,,,
2008-12-30,0.274080936078578,,,,
2008-12-31,-0.501875231541188,,,,
2009-01-02,-0.281541914669441,,,,
2009-01-05,-0.625466261348195,,,,
2009-01-06,-0.229316373585083,,,,
2009-01-07,-0.0776503295143654,,,,
2009-01-08,0.667317742160322,,,,
2009-01-09,0.0804693502073212,,,,
2009-01-12,0.418635637401566,,,,
2009-01-13,0.647680357817519,,,,
2009-01-14,-0.143729338119923,,,,
2009-01-15,0.828765204165536,,,,
2009-01-16,0.0845032458010589,,,,
2009-01-20,-0.0693683329295319,,,,
2009-01-21,1.06421246434771,,,,
2009-01-22,-0.967676277400817,,,,
2009-01-23,0.372269274935724,,,,
2009-01-26,-0.169376462983556,,,,
2009-01-27,0.143961686425252,,,,
2009-01-28,-0.169549218161429,,,,
2009-01-29,-0.726958206114314,,,,
2009-01-30,0.685262262195053,,,,
2009-02-02,0.341851224881655,,,,
2009-02-03,0.158192363992582,,,,
2009-02-04,0.316434185143096,,,,
2009-02-05,-0.124450131528611,,,,
2009-02-06,-0.427713138419935,,,,
2009-02-09,-0.925376687032999,,,,
2009-02-10,-0.214450434068375,,,,
2009-02-11,1.48866094049007,,,,
2009-02-12,-0.276821275563772,,,,
2009-02-13,0.168885507862425,,,,
2009-02-17,0.190573641400233,,,,
2009-02-18,1.43731770866944,,,,
2009-02-19,-0.255231763432528,,,,
2009-02-20,0.347011736103593,,,,
2009-02-23,-0.0794452503134242,,,,
2009-02-24,0.487420896949353,,,,
2009-02-25,-1.10986376885775,,,,
2009-02-26,-0.13996448395136,,,,
2009-02-27,-0.360548471972961,,,,
2009-03-02,0.45915582740161,,,,
2009-03-03,1.03526311622755,,,,
2009-03-04,0.156974434626921,,,,
2009-03-05,-0.48608851088408,,,,
2009-03-06,0.944050859633541,,,,
2009-03-09,-0.113495388029967,,,,
2009-03-10,0.483137396367923,,,,
2009-03-11,-1.08291921980137,,,,
2009-03-12,0.096041919243434,,,,
2009-03-13,-0.835245768114172,,,,
2009-03-16,-0.106668109504363,,,,
2009-03-17,-0.280425572313493,,,,
2009-03-18,-0.706218032816624,,,,
2009-03-19,-0.571708771060961,,,,
2009-03-20,0.167139290669296,,,,
2009-03-23,0.507565716726234,,,,
2009-03-24,-1.38308199511646,,,,
2009-03-25,0.525154979738313,,,,
2009-03-26,-0.0430176186858003,,,,
2009-03-27,-0.573973966743749,,,,
2009-03-30,0.49059430283177,,,,
2009-03-31,0.963629536732898,,,,
2009-04-01,-0.575058876085179,,,,
2009-04-02,-0.319141815718612,,,,
2009-04-03,-0.599156173938377,,,,
2009-04-06,-0.451557958454503,,,,
2009-04-07,0.444110533232422,,,,
2009-04-08,0.673325334970262,,,,
2009-04-09,-0.0877285448078797,,,,
2009-04-13,-1.37456723792983,,,,
2009-04-14,-0.395681257254985,,,,
2009-04-15,0.525521738102802,,,,
2009-04-16,-0.415234826182917,,,,
2009-04-17,-0.41983907752855,,,,
2009-04-20,-0.512459024250255,,,,
2009-04-21,1.49723543627698,,,,
2009-04-22,-0.281059382112203,,,,
2009-04-23,0.313630021349926,,,,
2009-04-24,-0.0175944436300825,,,,
2009-04-27,-0.540913543012869,,,,
2009-04-28,0.616916387179883,,,,
2009-04-29,0.246039135963131,,,,
2009-04-30,-0.713120227863326,,,,
2009-05-01,-0.0576036027757679,,,,
2009-05-04,0.0912233827869928,,,,
2009-05-05,-1.47431010858998,,,,
2009-05-06,0.148587149446286,,,,
2009-05-07,-0.742837680559709,,,,
2009-05-08,0.731224155650419,,,,
2009-05-11,-1.07200244093364,,,,
2009-05-12,0.918989746493872,,,,
2009-05-13,0.293498449703805,,,,
2009-05-14,0.521455667780575,,,,
2009-05-15,-0.191164555954479,,,,
2009-05-18,0.268431970179378,,,,
2009-05-19,-0.577518042977258,,,,
2009-05-20,0.062420422571003,,,,
2009-05-21,0.257047647077459,,,,
2009-05-22,0.240072495780714,,,,
2009-05-26,-0.0432722379594745,,,,
2009-05-27,-0.601067910544921,,,,
2009-05-28,0.478577309807882,,,,
2009-05-29,-0.544473847101499,,,,
2009-06-01,-0.391808209595015,,,,
2009-06-02,-0.542685309587406,,,,
2009-06-03,-0.517201083157126,,,,
2009-06-04,0.338249912699274,,,,
2009-06-05,-0.344522866967251,,,,
2009-06-08,-0.0684719579084716,,,,
2009-06-09,0.162525195810298,,,,
2009-06-10,-0.0598907282451,,,,
2009-06-11,0.0346267032346119,,,,
2009-06-12,-0.0890371688290666,,,,
2009-06-15,0.0884736760673775,,,,
2009-06-16,0.477903507227005,,,,
2009-06-17,0.157519258833586,,,,
2009-06-18,0.187162080438196,,,,
2009-06-19,-0.232455840320587,,,,
2009-06-22,-0.0443390093875205,,,,
2009-06-23,0.708753464372816,,,,
2009-06-24,-0.112623804442912,,,,
2009-06-25,-0.260097098564852,,,,
2009-06-26,-0.348879923188223,,,,
2009-06-29,-0.0256891935659298,,,,
2009-06-30,-0.13664382802039,,,,
2009-07-01,0.101419971594008,,,,
2009-07-02,0.012405621190302,,,,
2009-07-06,0.535802095595916,,,,
2009-07-07,0.0500315378591738,,,,
2009-07-08,0.438318776723985,,,,
2009-07-09,0.224247880866424,,,,
2009-07-10,-0.218961440338827,,,,
2009-07-13,0.00397688367249348,,,,
2009-07-14,-0.437738245805567,,,,
2009-07-15,-0.0135655111086796,,,,
2009-07-16,-0.549143852690159,,,,
2009-07-17,-0.228632381943202,,,,
2009-07-20,0.141087848238318,,,,
2009-07-21,-0.167337320053111,,,,
2009-07-22,0.0865664438941077,,,,
2009-07-23,-0.122409553612553,,,,
2009-07-24,-0.598961602762865,,,,
2009-07-27,-0.261305239993311,,,,
2009-07-28,-0.142463281803958,,,,
2009-07-29,0.141985907269446,,,,
2009-07-30,0.275514120987419,,,,
2009-07-31,-0.461054159419086,,,,
2009-08-03,-0.26119778586029,,,,
2009-08-04,-0.383561278642774,,,,
2009-08-05,-0.0846796680948282,,,,
2009-08-06,0.0329463614596724,,,,
2009-08-07,-0.0505523013034343,,,,
2009-08-10,-0.266008499631659,,,,
2009-08-11,0.215246965095519,,,,
2009-08-12,0.376932048672342,,,,
2009-08-13,-0.210691309686002,,,,
2009-08-14,-0.127621568511514,,,,
2009-08-17,0.128181008561745,,,,
2009-08-18,0.405012306224207,,,,
2009-08-19,-0.240350135837598,,,,
2009-08-20,-0.0925326203138208,,,,
2009-08-21,-0.273697401861453,,,,
2009-08-24,-0.287274062532949,,,,
2009-08-25,-0.0339004883785,,,,
2009-08-26,-0.012080915534698,,,,
2009-08-27,0.0726902201551164,,,,
2009-08-28,-0.143014506604767,,,,
2009-08-31,-0.0315746871896074,,,,
2009-09-01,0.179822904433244,,,,
2009-09-02,0.431893405355796,,,,
2009-09-03,0.0806166786056896,,,,
2009-09-04,-0.161522098524823,,,,
2009-09-08,-0.212723733964123,,,,
2009-09-09,-0.0330222345839237,,,,
2009-09-10,-0.28352602487871,,,,
2009-09-11,-0.20926162652233,,,,
2009-09-14,0.0443451136795288,,,,
2009-09-15,-0.10165112824301,,,,
2009-09-16,-0.0264470496575565,,,,
2009-09-17,-0.434269651132101,,,,
2009-09-18,0.124365328218709,,,,
2009-09-21,0.0273231059427539,,,,
2009-09-22,0.162691736520924,,,,
2009-09-23,-0.128629635099509,,,,
2009-09-24,0.252034578372743,,,,
2009-09-25,0.160950748904485,,,,
2009-09-28,0.113774316920336,,,,
2009-09-29,-0.299317900802271,,,,
2009-09-30,0.15413189970281,,,,
2009-10-01,0.0676386935093673,,,,
2009-10-02,0.499965687299721,,,,
2009-10-05,0.0968818751063408,,,,
2009-10-06,-0.37950431458638,,,,
2009-10-07,-0.0192951023119273,,,,
2009-10-08,-0.123455784885532,,,,
2009-10-09,-0.0534311266609108,,,,
2009-10-12,-0.155096864669505,,,,
2009-10-13,-0.100196785984629,,,,
2009-10-14,0.041741475816837,,,,
2009-10-15,-0.339475485210601,,,,
2009-10-16,0.0549316930238266,,,,
2009-10-19,0.117089257211996,,,,
2009-10-20,-0.189503245488014,,,,
2009-10-21,0.174166603231002,,,,
2009-10-22,0.101443831765262,,,,
2009-10-23,-0.291275798854173,,,,
2009-10-26,-0.0946011182320512,,,,
2009-10-27,0.193888880718603,,,,
2009-10-28,0.160952461857279,,,,
2009-10-29,0.405465219869462,,,,
2009-10-30,-0.430560279210368,,,,
2009-11-02,0.538516853967349,,,,
2009-11-03,-0.110531394249746,,,,
2009-11-04,-0.218348973673652,,,,
2009-11-05,0.0260966491499705,,,,
2009-11-06,-0.216428903145614,,,,
2009-11-09,-0.0443802570333478,,,,
2009-11-10,-0.533120959572172,,,,
2009-11-11,-0.0352324258442109,,,,
2009-11-12,-0.0997966806155302,,,,
2009-11-13,0.288511756577125,,,,
2009-11-16,-0.132580093947549,,,,
2009-11-17,-0.300601864862283,,,,
2009-11-18,-0.0696365415055877,,,,
2009-11-19,0.113293556682865,,,,
2009-11-20,0.321420219703312,,,,
2009-11-23,0.0932680890261993,,,,
2009-11-24,-0.383173554530139,,,,
2009-11-25,-0.135186967971977,,,,
2009-11-27,-0.162681191154415,,,,
2009-11-30,0.30679237452909,,,,
2009-12-01,-0.11754931234839,,,,
2009-12-02,-0.348360215503613,,,,
2009-12-03,-0.0879434845824857,,,,
2009-12-04,0.328256638568254,,,,
2009-12-07,-0.176842418790588,,,,
2009-12-08,0.0808067253907806,,,,
2009-12-09,0.022302625747285,,,,
2009-12-10,-0.042486568858627,,,,
2009-12-11,-0.197434460262874,,,,
2009-12-14,-0.124388967878177,,,,
2009-12-15,-0.279308551866031,,,,
2009-12-16,0.0131821184761447,,,,
2009-12-17,-0.217978917850856,,,,
2009-12-18,0.204463866534483,,,,
2009-12-21,-0.0118902294674839,,,,
2009-12-22,-0.27283611846773,,,,
2009-12-23,-0.152883649265413,,,,
2009-12-24,-0.0549568461554292,,,,
2009-12-28,-0.0817354189043422,,,,
2009-12-29,0.0168609588999089,,,,
2009-12-30,0.113788332674911,,,,
2009-12-31,0.00948707588285758,,,,
2010-01-04,0.213831365332905,,,,
2010-01-05,-0.156662701928332,,,,
2010-01-06,0.0421515014225297,,,,
2010-01-07,0.0325077302288174,,,,
2010-01-08,-0.121065287383744,,,,
2010-01-11,0.00617277851761846,,,,
2010-01-12,-0.0739621321419199,,,,
2010-01-13,0.129766108642658,,,,
2010-01-14,-0.17429026373501,,,,
2010-01-15,-0.0611032942215776,,,,
2010-01-19,0.165072801595345,,,,
2010-01-20,-0.313949473765099,,,,
2010-01-21,0.127059880192433,,,,
2010-01-22,0.292349979650384,,,,
2010-01-25,0.441665656319302,,,,
2010-01-26,-0.0304278055232943,,,,
2010-01-27,0.0830309884173194,,,,
2010-01-28,-0.197855711626525,,,,
2010-01-29,0.0663405164125578,,,,
2010-02-01,0.0319638758202007,,,,
2010-02-02,-0.154153692409653,,,,
2010-02-03,-0.142118543920168,,,,
2010-02-04,0.151127591255909,,,,
2010-02-05,0.645487008610995,,,,
2010-02-08,-0.156856550549591,,,,
2010-02-09,0.165078339514264,,,,
2010-02-10,-0.167597588272849,,,,
2010-02-11,0.0429450629723454,,,,
2010-02-12,-0.153619902371442,,,,
2010-02-16,-0.0215633956236704,,,,
2010-02-17,-0.276389896215743,,,,
2010-02-18,-0.049026532671818,,,,
2010-02-19,-0.106859723443761,,,,
2010-02-22,-0.105020613315905,,,,
2010-02-23,-0.101924556771613,,,,
2010-02-24,0.276324392045177,,,,
2010-02-25,-0.262133564814795,,,,
2010-02-26,-0.062495188265734,,,,
2010-03-01,-0.109414824452429,,,,
2010-03-02,-0.256007070320036,,,,
2010-03-03,-0.0681598513072389,,,,
2010-03-04,-0.0796874904434904,,,,
2010-03-05,-0.0119600662889956,,,,
2010-03-08,-0.237677826755131,,,,
2010-03-09,-0.0432195759430166,,,,
2010-03-10,0.103223883145551,,,,
2010-03-11,-0.0551964977111745,,,,
2010-03-12,-0.126059099381876,,,,
2010-03-15,0.0545709404162621,,,,
2010-03-16,0.0311984674377228,,,,
2010-03-17,-0.108905939382129,,,,
2010-03-18,-0.111578090198329,,,,
2010-03-19,-0.0167557807822381,,,,
2010-03-22,0.0679617443175933,,,,
2010-03-23,-0.0625917307232497,,,,
2010-03-24,-0.0394865014478814,,,,
2010-03-25,-0.0475166264767902,,,,
2010-03-26,-0.00356386919297404,,,,
2010-03-29,-0.0366669118101381,,,,
2010-03-30,-0.124574537105229,,,,
2010-03-31,0.0623930789887555,,,,
2010-04-01,0.0434763626679838,,,,
2010-04-05,-0.143030902273974,,,,
2010-04-06,-0.144097167931934,,,,
2010-04-07,-0.0246260226249929,,,,
2010-04-08,0.203329295713942,,,,
2010-04-09,-0.066023746244559,,,,
2010-04-12,-0.0914973587146826,,,,
2010-04-13,-0.0314769088575433,,,,
2010-04-14,0.0451743171300777,,,,
2010-04-15,-0.147889339105591,,,,
2010-04-16,0.0353060042062696,,,,
2010-04-19,0.339892442936539,,,,
2010-04-20,-0.136175637462264,,,,
2010-04-21,-0.182577508985929,,,,
2010-04-22,0.0717537863600401,,,,
2010-04-23,-0.0871185293136028,,,,
2010-04-26,-0.092792273237381,,,,
2010-04-27,0.231998887029064,,,,
2010-04-28,0.483540778998645,,,,
2010-04-29,-0.0905772994742546,,,,
2010-04-30,-0.183952750700503,,,,
2010-05-03,0.224892897656963,,,,
2010-05-04,-0.307192319328806,,,,
2010-05-05,0.458401819956305,,,,
2010-05-06,0.0127845817818396,,,,
2010-05-07,0.464642576879776,,,,
2010-05-10,0.186679526810252,,,,
2010-05-11,-0.695377687496573,,,,
2010-05-12,-0.0223260437964893,,,,
2010-05-13,-0.222509358028163,,,,
2010-05-14,0.319742730103439,,,,
2010-05-17,0.288662374998887,,,,
2010-05-18,-0.0674495094861825,,,,
2010-05-19,0.2571901228434,,,,
2010-05-20,0.0313934915860694,,,,
2010-05-21,0.665206582858107,,,,
2010-05-24,-0.308180495895326,,,,
2010-05-25,0.266904321081895,,,,
2010-05-26,0.0339674883077714,,,,
2010-05-27,0.108117393779485,,,,
2010-05-28,-0.624029861913406,,,,
2010-06-01,0.254504531772807,,,,
2010-06-02,0.417606918467416,,,,
2010-06-03,-0.568850092276385,,,,
2010-06-04,0.0107291067213502,,,,
2010-06-07,0.649685968236801,,,,
2010-06-08,0.256842059874612,,,,
2010-06-09,-0.240035670420076,,,,
2010-06-10,0.188055299849374,,,,
2010-06-11,-0.663079704359356,,,,
2010-06-14,-0.0217662132622289,,,,
2010-06-15,-0.0251566138919631,,,,
2010-06-16,-0.431966302707848,,,,
2010-06-17,-0.00649491097776367,,,,
2010-06-18,-0.0484589336162776,,,,
2010-06-21,-0.009786252255723,,,,
2010-06-22,0.00889909370004578,,,,
2010-06-23,0.352515510248284,,,,
2010-06-24,0.147825976871294,,,,
2010-06-25,0.360684022722098,,,,
2010-06-28,-0.216283532086429,,,,
2010-06-29,0.160184491152759,,,,
2010-06-30,0.598235110163969,,,,
2010-07-01,0.19696961806485,,,,
2010-07-02,0.185970442714134,,,,
2010-07-06,0.172002521730246,,,,
2010-07-07,-0.0961712785361286,,,,
2010-07-08,-0.712172305734824,,,,
2010-07-09,-0.119811316636492,,,,
2010-07-12,-0.234199901123234,,,,
2010-07-13,0.111252640206285,,,,
2010-07-14,-0.297401728886392,,,,
2010-07-15,0.0728405742419236,,,,
2010-07-16,0.109141580129603,,,,
2010-07-19,0.642685029150876,,,,
2010-07-20,-0.113285277353022,,,,
2010-07-21,-0.190036654140106,,,,
2010-07-22,0.303083598965088,,,,
2010-07-23,-0.366688549161071,,,,
2010-07-26,-0.137094734984486,,,,
2010-07-27,-0.216174280571837,,,,
2010-07-28,0.0484441642697464,,,,
2010-07-29,0.194971520200337,,,,
2010-07-30,-0.0698871161829894,,,,
2010-08-02,-0.0310680728190798,,,,
2010-08-03,-0.390584970350132,,,,
2010-08-04,0.119366957014232,,,,
2010-08-05,-0.0986377205359946,,,,
2010-08-06,0.00532396409844997,,,,
2010-08-09,0.138432973467507,,,,
2010-08-10,-0.10841826016697,,,,
2010-08-11,0.108327378636016,,,,
2010-08-12,0.601165001258316,,,,
2010-08-13,0.126184856586391,,,,
2010-08-16,0.0545042953288478,,,,
2010-08-17,0.000315332748015717,,,,
2010-08-18,-0.180693325078743,,,,
2010-08-19,-0.0449898379474874,,,,
2010-08-20,0.402525524729464,,,,
2010-08-23,0.108030739581033,,,,
2010-08-24,0.06681863537976,,,,
2010-08-25,0.233724106147074,,,,
2010-08-26,-0.0878305781774372,,,,
2010-08-27,0.0963263846590126,,,,
2010-08-30,-0.360449165191066,,,,
2010-08-31,0.278598733916705,,,,
2010-09-01,-0.108389153654714,,,,
2010-09-02,-0.606245420287559,,,,
2010-09-03,-0.159459433148196,,,,
2010-09-07,-0.332758040975958,,,,
2010-09-08,0.480108373359723,,,,
2010-09-09,-0.194736493096257,,,,
2010-09-10,-0.159913668536534,,,,
2010-09-13,0.0608522071599536,,,,
2010-09-14,-0.234103110445868,,,,
2010-09-15,0.0422663737978398,,,,
2010-09-16,-0.102112629420388,,,,
2010-09-17,0.0134903833310443,,,,
2010-09-20,0.0794662378000201,,,,
2010-09-21,-0.39025914323914,,,,
2010-09-22,0.112377928837983,,,,
2010-09-23,0.231476533227029,,,,
2010-09-24,0.203475489094727,,,,
2010-09-27,-0.480748852535362,,,,
2010-09-28,0.230694776119824,,,,
2010-09-29,-0.145785349939153,,,,
2010-09-30,0.0477511888218772,,,,
2010-10-01,-0.0237790911118288,,,,
2010-10-04,-0.0277359552308831,,,,
2010-10-05,0.147734964031033,,,,
2010-10-06,-0.38672655687707,,,,
2010-10-07,0.036617595556721,,,,
2010-10-08,0.120468877542704,,,,
2010-10-11,-0.0864920106828712,,,,
2010-10-12,-0.0111810270779763,,,,
2010-10-13,-0.1032059206204,,,,
2010-10-14,-0.133938025869193,,,,
2010-10-15,0.0865922797909951,,,,
2010-10-18,0.100689738392655,,,,
2010-10-19,-0.304421054376211,,,,
2010-10-20,0.151763899267641,,,,
2010-10-21,-0.109639478165093,,,,
2010-10-22,-0.0699097998228737,,,,
2010-10-25,-0.0538449334270266,,,,
2010-10-26,0.0691022629204103,,,,
2010-10-27,0.135659272536631,,,,
2010-10-28,0.160830048204444,,,,
2010-10-29,0.0203420431098788,,,,
2010-11-01,0.0540904170272174,,,,
2010-11-02,0.0428174705483596,,,,
2010-11-03,-0.159074552813525,,,,
2010-11-04,-0.146373738864896,,,,
2010-11-05,-0.533592876234255,,,,
2010-11-08,-0.185840224300275,,,,
2010-11-09,0.0981672698330388,,,,
2010-11-10,0.253848648208864,,,,
2010-11-11,-0.257496721673378,,,,
2010-11-12,0.0791426297593819,,,,
2010-11-15,0.213981382204224,,,,
2010-11-16,0.00950061866649158,,,,
2010-11-17,0.354050925656817,,,,
2010-11-18,-0.0667842393734295,,,,
2010-11-19,-0.211437754060876,,,,
2010-11-22,-0.10263265533236,,,,
2010-11-23,0.174414791070144,,,,
2010-11-24,0.346753222577631,,,,
2010-11-26,-0.269564897697235,,,,
2010-11-29,0.198430741468468,,,,
2010-11-30,-0.0207270207082866,,,,
2010-12-01,0.149881152956662,,,,
2010-12-02,-0.423838501806306,,,,
2010-12-03,-0.450167854842306,,,,
2010-12-06,0.00798793338898718,,,,
2010-12-07,-0.094587459007049,,,,
2010-12-08,-0.0494751207141753,,,,
2010-12-09,-0.201422606966972,,,,
2010-12-10,-0.157509060266842,,,,
2010-12-13,-0.0942931262715847,,,,
2010-12-14,-0.0836274863258144,,,,
2010-12-15,-0.0910737847216224,,,,
2010-12-16,0.264364323315791,,,,
2010-12-17,-0.0892425479998943,,,,
2010-12-20,0.0425422554921863,,,,
2010-12-21,-0.0323316248141451,,,,
2010-12-22,-0.205183542297273,,,,
2010-12-23,-0.0856391284259024,,,,
2010-12-27,0.00602471961098151,,,,
2010-12-28,-0.0342432707248096,,,,
2010-12-29,-0.0177632304242723,,,,
2010-12-30,0.000730744932173308,,,,
2010-12-31,0.072717034406374,,,,
2011-01-03,-0.0411045161079812,,,,
2011-01-04,-0.147339774925197,,,,
2011-01-05,0.0182429293446494,,,,
2011-01-06,-0.108041265898271,,,,
2011-01-07,0.121499744458906,,,,
2011-01-10,0.0603989561581246,,,,
2011-01-11,-0.0505175131714028,,,,
2011-01-12,-0.0324299891567735,,,,
2011-01-13,-0.213930928099927,,,,
2011-01-14,0.108613163693443,,,,
2011-01-18,-0.252860394796361,,,,
2011-01-19,0.0403857250878197,,,,
2011-01-20,0.224426518699573,,,,
2011-01-21,-0.0282175224164795,,,,
2011-01-24,-0.163358121392661,,,,
2011-01-25,-0.0141002408442666,,,,
2011-01-26,0.0136582398035281,,,,
2011-01-27,-0.010712074999143,,,,
2011-01-28,-0.0245657499973013,,,,
2011-01-31,0.253026805108587,,,,
2011-02-01,-0.0644421264523777,,,,
2011-02-02,-0.339413699911552,,,,
2011-02-03,0.0521890323918533,,,,
2011-02-04,0.0588721049081958,,,,
2011-02-07,-0.0251051985086721,,,,
2011-02-08,-0.102089618555748,,,,
2011-02-09,-0.158316718722813,,,,
2011-02-10,0.0720139183153683,,,,
2011-02-11,-0.163728818257688,,,,
2011-02-14,-0.0847345424415108,,,,
2011-02-15,-0.0148292969185956,,,,
2011-02-16,0.143820395079346,,,,
2011-02-17,-0.0968474001246823,,,,
2011-02-18,-0.097503011536565,,,,
2011-02-22,-0.084917019128175,,,,
2011-02-23,0.387144257734883,,,,
2011-02-24,-0.0286814306031079,,,,
2011-02-25,-0.00922446340794527,,,,
2011-02-28,-0.188245707344355,,,,
2011-03-01,-0.173450127044425,,,,
2011-03-02,0.34111556229723,,,,
2011-03-03,0.0784344214058971,,,,
2011-03-04,-0.337347124213679,,,,
2011-03-07,0.157239555943726,,,,
2011-03-08,0.0999267191981018,,,,
2011-03-09,-0.279676695359703,,,,
2011-03-10,0.015898495334137,,,,
2011-03-11,0.344127830591829,,,,
2011-03-14,-0.142382099029027,,,,
2011-03-15,0.144130242495135,,,,
2011-03-16,0.0713652512475992,,,,
2011-03-17,0.338899099149418,,,,
2011-03-18,-0.264737534371914,,,,
2011-03-21,-0.116729095737874,,,,
2011-03-22,-0.232295646800408,,,,
2011-03-23,0.0614836983741164,,,,
2011-03-24,-0.0376530819065941,,,,
2011-03-25,-0.112589098079244,,,,
2011-03-28,-0.0888435867806887,,,,
2011-03-29,0.0979624006715478,,,,
2011-03-30,-0.11896375954531,,,,
2011-03-31,-0.203716063322072,,,,
2011-04-01,-0.0234396497795152,,,,
2011-04-04,-0.11904722238273,,,,
2011-04-05,-0.00238742502204611,,,,
2011-04-06,0.0529554651724698,,,,
2011-04-07,-0.0603937899402545,,,,
2011-04-08,0.0651658100036669,,,,
2011-04-11,0.11106510173658,,,,
2011-04-12,-0.0342259226787578,,,,
2011-04-13,0.124605019657858,,,,
2011-04-14,0.0749967947221996,,,,
2011-04-15,0.0619502676873118,,,,
2011-04-18,0.011849123644855,,,,
2011-04-19,0.226046688123359,,,,
2011-04-20,-0.0449195669040123,,,,
2011-04-21,-0.212586127030923,,,,
2011-04-25,-0.294993058447383,,,,
2011-04-26,0.0496887372508816,,,,
2011-04-27,-0.10769532822608,,,,
2011-04-28,-0.131494684030645,,,,
2011-04-29,-0.106814122140241,,,,
2011-05-02,-0.0115793410493897,,,,
2011-05-03,0.0155024796222855,,,,
2011-05-04,0.0663348534338215,,,,
2011-05-05,0.174491309431162,,,,
2011-05-06,0.110127804708628,,,,
2011-05-09,-0.127174707267584,,,,
2011-05-10,-0.0940079517683886,,,,
2011-05-11,-0.19510816963265,,,,
2011-05-12,0.203774205783042,,,,
2011-05-13,-0.0721947042831523,,,,
2011-05-16,0.129227983372624,,,,
2011-05-17,-0.0445819379345154,,,,
2011-05-18,0.0263427688714117,,,,
2011-05-19,-0.185991695220411,,,,
2011-05-20,-0.0323428600433199,,,,
2011-05-23,0.200979482148477,,,,
2011-05-24,0.237609046222303,,,,
2011-05-25,0.140464250901604,,,,
2011-05-26,-0.0617367346732414,,,,
2011-05-27,-0.109880555111662,,,,
2011-05-31,-0.0771947189776752,,,,
2011-06-01,-0.197669515965641,,,,
2011-06-02,0.450959400099027,,,,
2011-06-03,0.00898392778348359,,,,
2011-06-06,0.119353139470308,,,,
2011-06-07,0.224347895259536,,,,
2011-06-08,-0.0207309163016864,,,,
2011-06-09,0.075019020400874,,,,
2011-06-10,-0.122224842460518,,,,
2011-06-13,0.255872562050167,,,,
2011-06-14,-0.0254850060043611,,,,
2011-06-15,-0.109443750538378,,,,
2011-06-16,0.320495077137418,,,,
2011-06-17,-0.183061746551816,,,,
2011-06-20,0.0354938597727265,,,,
2011-06-21,-0.0376251866874239,,,,
2011-06-22,-0.224405550208661,,,,
2011-06-23,0.100228965990846,,,,
2011-06-24,0.118271695537344,,,,
2011-06-27,0.125347436541601,,,,
2011-06-28,-0.150452485895648,,,,
2011-06-29,-0.17114149852726,,,,
2011-06-30,-0.246351292190018,,,,
2011-07-01,-0.151231143203954,,,,
2011-07-05,-0.30969580482737,,,,
2011-07-06,0.0896278025014749,,,,
2011-07-07,0.0957278498603523,,,,
2011-07-08,-0.204370672210723,,,,
2011-07-11,0.194407377516369,,,,
2011-07-12,0.516774755827489,,,,
2011-07-13,0.023391174171994,,,,
2011-07-14,-0.0056797058492079,,,,
2011-07-15,0.203642397031191,,,,
2011-07-18,0.0426446439988929,,,,
2011-07-19,0.205860234381859,,,,
2011-07-20,-0.0977635102744233,,,,
2011-07-21,-0.0280038232180871,,,,
2011-07-22,-0.233665519627331,,,,
2011-07-25,0.06714543614191,,,,
2011-07-26,0.152108491839767,,,,
2011-07-27,0.0506231977417581,,,,
2011-07-28,0.424660322489911,,,,
2011-07-29,0.0104824995893638,,,,
2011-08-01,0.0295959577327131,,,,
2011-08-02,0.00263315478721839,,,,
2011-08-03,0.534468745573119,,,,
2011-08-04,-0.00240547842638992,,,,
2011-08-05,1.01703995260368,,,,
2011-08-08,0.138981193260784,,,,
2011-08-09,1.49772876386968,,,,
2011-08-10,-1.01093498400851,,,,
2011-08-11,0.788039736902051,,,,
2011-08-12,-0.801028755786607,,,,
2011-08-15,-0.0581525657774774,,,,
2011-08-16,-0.460629537073085,,,,
2011-08-17,0.274431136193246,,,,
2011-08-18,-0.0855733090589722,,,,
2011-08-19,0.868437013920513,,,,
2011-08-22,0.290290831715766,,,,
2011-08-23,0.106860036340232,,,,
2011-08-24,-0.484028837277162,,,,
2011-08-25,-0.220353334755287,,,,
2011-08-26,0.149131623264243,,,,
2011-08-29,-0.20706674029308,,,,
2011-08-30,-0.587622889663201,,,,
2011-08-31,0.0690336845823706,,,,
2011-09-01,-0.203438079616807,,,,
2011-09-02,0.230255066803491,,,,
2011-09-06,0.651312115007504,,,,
2011-09-07,0.251725415757204,,,,
2011-09-08,-0.770589834986603,,,,
2011-09-09,0.256788437111124,,,,
2011-09-12,0.538359310115912,,,,
2011-09-13,-0.222048661524366,,,,
2011-09-14,-0.141438854197882,,,,
2011-09-15,-0.241045350063636,,,,
2011-09-16,-0.305253999583707,,,,
2011-09-19,-0.0891285221910261,,,,
2011-09-20,0.372424096480869,,,,
2011-09-21,0.0886853238075956,,,,
2011-09-22,0.741819627410259,,,,
2011-09-23,0.766920768339916,,,,
2011-09-26,-0.034222518734611,,,,
2011-09-27,-0.650052584055641,,,,
2011-09-28,-0.196263084226469,,,,
2011-09-29,0.482610185979818,,,,
2011-09-30,-0.294323997832185,,,,
2011-10-03,0.517113295851016,,,,
2011-10-04,0.716089186263791,,,,
2011-10-05,-0.427729514262164,,,,
2011-10-06,-0.384972413603938,,,,
2011-10-07,-0.50491362614033,,,,
2011-10-10,0.487760918013821,,,,
2011-10-11,-0.894760485060702,,,,
2011-10-12,0.0746902952631656,,,,
2011-10-13,-0.343417867230774,,,,
2011-10-14,0.358926506827106,,,,
2011-10-17,-0.444937058403108,,,,
2011-10-18,0.474887102295759,,,,
2011-10-19,-0.63497558053706,,,,
2011-10-20,0.0207248820380853,,,,
2011-10-21,-0.336760719463754,,,,
2011-10-24,-0.560918004966235,,,,
2011-10-25,-0.424372268358686,,,,
2011-10-26,0.57539460178797,,,,
2011-10-27,-0.446384446013474,,,,
2011-10-28,-1.05674857840428,,,,
2011-10-31,-0.102495800562293,,,,
2011-11-01,0.825463362965639,,,,
2011-11-02,0.819453030508372,,,,
2011-11-03,-0.361338207463369,,,,
2011-11-04,-0.152719944831803,,,,
2011-11-07,0.159923856449829,,,,
2011-11-08,-0.16888694071049,,,,
2011-11-09,-0.269293884610315,,,,
2011-11-10,0.905072014546498,,,,
2011-11-11,-0.0961307122532634,,,,
2011-11-14,-0.376338365216723,,,,
2011-11-15,0.307496303806592,,,,
2011-11-16,0.139827515234533,,,,
2011-11-17,0.371088686941122,,,,
2011-11-18,0.234933572561294,,,,
2011-11-21,-0.111922954461302,,,,
2011-11-22,0.484378527318775,,,,
2011-11-23,0.101871261969498,,,,
2011-11-25,0.39922439386502,,,,
2011-11-28,0.00341321806653532,,,,
2011-11-29,-0.589238009079616,,,,
2011-11-30,0.093144525392268,,,,
2011-12-01,-0.941726455606579,,,,
2011-12-02,0.102483234214783,,,,
2011-12-05,0.0259803317694001,,,,
2011-12-06,-0.216422037869076,,,,
2011-12-07,-0.00505547541865178,,,,
2011-12-08,-0.154477724241667,,,,
2011-12-09,0.584050200841983,,,,
2011-12-12,-0.322415987637114,,,,
2011-12-13,0.415739599908012,,,,
2011-12-14,0.237017060188657,,,,
2011-12-15,0.200475128496447,,,,
2011-12-16,0.0315179196608918,,,,
2011-12-19,-0.106152915192011,,,,
2011-12-20,0.279300088311028,,,,
2011-12-21,-0.499106341235134,,,,
2011-12-22,-0.0495915650429986,,,,
2011-12-23,-0.23730202943167,,,,
2011-12-27,-0.151098501887677,,,,
2011-12-28,0.112779518747428,,,,
2011-12-29,0.298419958628501,,,,
2011-12-30,-0.209129927944415,,,,
2012-01-03,0.0817002375251942,,,,
2012-01-04,-0.556221983026799,,,,
2012-01-05,0.0649634623313731,,,,
2012-01-06,0.0809771860091668,,,,
2012-01-09,0.108214384918115,,,,
2012-01-10,-0.0467793991335994,,,,
2012-01-11,-0.377628881319285,,,,
2012-01-12,-0.110400021829021,,,,
2012-01-13,-0.100131360713052,,,,
2012-01-17,0.0628689324398295,,,,
2012-01-18,0.0764318412660857,,,,
2012-01-19,-0.199627399752942,,,,
2012-01-20,-0.274864139886274,,,,
2012-01-23,0.0210263431344338,,,,
2012-01-24,-0.00275509201829578,,,,
2012-01-25,0.166819475249227,,,,
2012-01-26,-0.150745024878256,,,,
2012-01-27,0.105638155209816,,,,
2012-01-30,-0.110312085877689,,,,
2012-01-31,0.300259252484751,,,,
2012-02-01,-0.112432379007915,,,,
2012-02-02,-0.559878414237053,,,,
2012-02-03,-0.369929147749327,,,,
2012-02-06,-0.620895163673659,,,,
2012-02-07,-0.0314970324797435,,,,
2012-02-08,0.0130686410549116,,,,
2012-02-09,-0.15967416724607,,,,
2012-02-10,-0.0482819894940181,,,,
2012-02-13,0.25478978814614,,,,
2012-02-14,-0.150684854076407,,,,
2012-02-15,0.208177437877768,,,,
2012-02-16,-0.0101062896903132,,,,
2012-02-17,-0.317567053156742,,,,
2012-02-21,-0.0837902436118306,,,,
2012-02-22,0.0270597888448292,,,,
2012-02-23,0.187448248111555,,,,
2012-02-24,-0.294619297113527,,,,
2012-02-27,-0.0956929913031697,,,,
2012-02-28,-0.341138433742098,,,,
2012-02-29,-0.110651576377823,,,,
2012-03-01,0.0818924693424277,,,,
2012-03-02,-0.127765997087607,,,,
2012-03-05,0.0863710017972688,,,,
2012-03-06,0.0922811347351849,,,,
2012-03-07,0.541402855209671,,,,
2012-03-08,-0.262585135223602,,,,
2012-03-09,-0.138579206536456,,,,
2012-03-12,-0.0765152815407434,,,,
2012-03-13,0.0734549882915294,,,,
2012-03-14,-0.564431612875152,,,,
2012-03-15,0.077816131620457,,,,
2012-03-16,-0.279289467584186,,,,
2012-03-19,-0.0713310859852285,,,,
2012-03-20,-0.125434221469297,,,,
2012-03-21,-0.0491534748580306,,,,
2012-03-22,0.0308088897500088,,,,
2012-03-23,0.342735723745932,,,,
2012-03-26,-0.188983106673006,,,,
2012-03-27,-0.292951180455858,,,,
2012-03-28,0.177237356354734,,,,
2012-03-29,-0.00447832379788572,,,,
2012-03-30,0.12854384679796,,,,
2012-04-02,-0.141804946720925,,,,
2012-04-03,-0.0871436574231153,,,,
2012-04-04,0.170719221129663,,,,
2012-04-05,0.27695432703151,,,,
2012-04-09,0.0728262902116601,,,,
2012-04-10,0.292450452783475,,,,
2012-04-11,0.309733374537302,,,,
2012-04-12,-0.16342193931421,,,,
2012-04-13,-0.29528373129005,,,,
2012-04-16,0.367050745704284,,,,
2012-04-17,-0.0588989547356618,,,,
2012-04-18,-0.323565651612861,,,,
2012-04-19,0.121743758798932,,,,
2012-04-20,-0.0285161630959568,,,,
2012-04-23,0.00172447017648931,,,,
2012-04-24,0.109360462412238,,,,
2012-04-25,-0.109655522552469,,,,
2012-04-26,-0.15274123550559,,,,
2012-04-27,-0.06016006171708,,,,
2012-04-30,0.0388920416628045,,,,
2012-05-01,0.0672961733641868,,,,
2012-05-02,-0.236053816692037,,,,
2012-05-03,0.137214074938969,,,,
2012-05-04,0.20566689517208,,,,
2012-05-07,0.321616993324769,,,,
2012-05-08,0.0173647393168536,,,,
2012-05-09,0.075192495713116,,,,
2012-05-10,0.229322122588645,,,,
2012-05-11,-0.135558799091733,,,,
2012-05-14,0.104279379076597,,,,
2012-05-15,0.250878935713981,,,,
2012-05-16,0.212469565491696,,,,
2012-05-17,0.226806024959553,,,,
2012-05-18,0.232583434481004,,,,
2012-05-21,0.17861828085485,,,,
2012-05-22,-0.295754213110901,,,,
2012-05-23,0.00545527523856356,,,,
2012-05-24,-0.0531987392146423,,,,
2012-05-25,0.00207323225748439,,,,
2012-05-29,0.118930590024939,,,,
2012-05-30,-0.234492011437555,,,,
2012-05-31,0.423064453219637,,,,
2012-06-01,-0.0345583036034059,,,,
2012-06-04,0.671767278397488,,,,
2012-06-05,0.0409209453671307,,,,
2012-06-06,-0.409703216954546,,,,
2012-06-07,-0.552452691015867,,,,
2012-06-08,0.0332959090835353,,,,
2012-06-11,-0.1987625247165,,,,
2012-06-12,0.294383363775276,,,,
2012-06-13,-0.225446253997567,,,,
2012-06-14,0.127051703762916,,,,
2012-06-15,-0.278736042146725,,,,
2012-06-18,-0.386194021295767,,,,
2012-06-19,0.112507872788892,,,,
2012-06-20,-0.284837560479096,,,,
2012-06-21,0.0582558887068694,,,,
2012-06-22,0.733755422688734,,,,
2012-06-25,-0.109328861453915,,,,
2012-06-26,0.440750490009302,,,,
2012-06-27,-0.0821854212252109,,,,
2012-06-28,-0.183948270487092,,,,
2012-06-29,-0.0581723586641627,,,,
2012-07-02,-0.575751823549782,,,,
2012-07-03,0.00661635770101592,,,,
2012-07-05,-0.243706354618369,,,,
2012-07-06,0.271105459491583,,,,
2012-07-09,0.199536587493328,,,,
2012-07-10,0.114448879947268,,,,
2012-07-11,0.172516337303293,,,,
2012-07-12,-0.160727310655248,,,,
2012-07-13,0.226125815044495,,,,
2012-07-16,-0.379923701858939,,,,
2012-07-17,-0.0165382474437656,,,,
2012-07-18,-0.270062832786245,,,,
2012-07-19,0.00373198139881998,,,,
2012-07-20,-0.00747106454725697,,,,
2012-07-23,0.260274049177148,,,,
2012-07-24,0.260915148784623,,,,
2012-07-25,0.169083647075662,,,,
2012-07-26,-0.073572946237632,,,,
2012-07-27,-0.39315857489387,,,,
2012-07-30,-0.361287980722518,,,,
2012-07-31,-0.0127082639406207,,,,
2012-08-01,0.0986597534444021,,,,
2012-08-02,0.0436260484431552,,,,
2012-08-03,0.274952574344715,,,,
2012-08-06,-0.453829020179092,,,,
2012-08-07,-0.106983121046507,,,,
2012-08-08,-0.197590892812667,,,,
2012-08-09,-0.0589034637020767,,,,
2012-08-10,-0.0220050514771899,,,,
2012-08-13,-0.0518648973827991,,,,
2012-08-14,0.0930764188586473,,,,
2012-08-15,-0.0225756312695745,,,,
2012-08-16,-0.0360069499630003,,,,
2012-08-17,-0.183559910608727,,,,
2012-08-20,-0.0698508527832952,,,,
2012-08-21,-0.0401485113273473,,,,
2012-08-22,0.0216304215678855,,,,
2012-08-23,0.00797987456186713,,,,
2012-08-24,0.180339966024577,,,,
2012-08-27,-0.138799070736404,,,,
2012-08-28,-0.0497145499795514,,,,
2012-08-29,0.0864767533060383,,,,
2012-08-30,-0.154212443255056,,,,
2012-08-31,0.143700360743252,,,,
2012-09-04,-0.151275680866122,,,,
2012-09-05,0.0112967595974567,,,,
2012-09-06,-0.00853185339801073,,,,
2012-09-07,-0.283956024282738,,,,
2012-09-10,-0.222684592967542,,,,
2012-09-11,0.082158040106399,,,,
2012-09-12,-0.126379296995714,,,,
2012-09-13,-0.140308530850361,,,,
2012-09-14,-0.338763782154205,,,,
2012-09-17,-0.126170557134833,,,,
2012-09-18,0.106566811085704,,,,
2012-09-19,0.0619230986200466,,,,
2012-09-20,0.0362871307319593,,,,
2012-09-21,0.0343838814306305,,,,
2012-09-24,0.04746000289531,,,,
2012-09-25,0.0314828068365694,,,,
2012-09-26,0.180379655049651,,,,
2012-09-27,0.138742890917574,,,,
2012-09-28,-0.205822364256746,,,,
2012-10-01,0.080064475503764,,,,
2012-10-02,-0.0894608364133805,,,,
2012-10-03,-0.0497406915754766,,,,
2012-10-04,-0.0666149117623674,,,,
2012-10-05,-0.278653835409159,,,,
2012-10-08,0.0161107741111853,,,,
2012-10-09,-0.0367332491530597,,,,
2012-10-10,0.104950971461301,,,,
2012-10-11,0.14236368175461,,,,
2012-10-12,-0.104104580176904,,,,
2012-10-15,0.1899243975107,,,,
2012-10-16,-0.192999536479812,,,,
2012-10-17,-0.168221534042979,,,,
2012-10-18,-0.188547076069068,,,,
2012-10-19,-0.00522939900515275,,,,
2012-10-22,0.264635968229697,,,,
2012-10-23,-0.0237722889250892,,,,
2012-10-24,0.294782453901902,,,,
2012-10-25,0.00176107727557986,,,,
2012-10-26,-0.0431049463023878,,,,
2012-10-31,0.0696203027423682,,,,
2012-11-01,-0.0571530642578566,,,,
2012-11-02,-0.157477364815707,,,,
2012-11-05,0.0373827442425033,,,,
2012-11-06,-0.0191329271156939,,,,
2012-11-07,-0.240068299820958,,,,
2012-11-08,0.661007587652583,,,,
2012-11-09,0.209628119398789,,,,
2012-11-12,0.074510324965494,,,,
2012-11-13,-0.0119025462038318,,,,
2012-11-14,0.156467742949331,,,,
2012-11-15,0.265548421760424,,,,
2012-11-16,0.018294102047194,,,,
2012-11-19,-0.0468279676750164,,,,
2012-11-20,-0.326908101339013,,,,
2012-11-21,0.0127071835054647,,,,
2012-11-23,-0.0533272996385814,,,,
2012-11-26,-0.182361415133823,,,,
2012-11-27,0.0926625232447774,,,,
2012-11-28,0.171860577765537,,,,
2012-11-29,-0.156790657711502,,,,
2012-11-30,-0.0760921420499003,,,,
2012-12-03,0.0787099608693142,,,,
2012-12-04,0.0542884710776807,,,,
2012-12-05,0.0826704724976149,,,,
2012-12-06,-0.300702352667306,,,,
2012-12-07,0.0189169011355396,,,,
2012-12-10,-0.118473305951803,,,,
2012-12-11,0.095737961282617,,,,
2012-12-12,-0.16352360994419,,,,
2012-12-13,-0.111796052607537,,,,
2012-12-14,0.134591667393161,,,,
2012-12-17,0.131604399429539,,,,
2012-12-18,-0.35386984020135,,,,
2012-12-19,-0.36121359839531,,,,
2012-12-20,0.179731697335532,,,,
2012-12-21,-0.185468603695632,,,,
2012-12-24,0.243009493855276,,,,
2012-12-26,0.0645814993971443,,,,
2012-12-27,0.0762510971369205,,,,
2012-12-28,0.0539420498213657,,,,
2012-12-31,0.194468037833332,,,,
2013-01-02,-0.336092560345257,,,,
2013-01-03,-0.48360665936822,,,,
2013-01-04,0.0411490440243567,,,,
2013-01-07,-0.271058026937638,,,,
2013-01-08,0.0185001864526418,,,,
2013-01-09,0.0847535962166266,,,,
2013-01-10,-0.0186136815364791,,,,
2013-01-11,-0.235613427417704,,,,
2013-01-14,0.0453519324946537,,,,
2013-01-15,0.0179954812354675,,,,
2013-01-16,-0.0998830951319198,,,,
2013-01-17,-0.0311075339822428,,,,
2013-01-18,0.00705967018995281,,,,
2013-01-22,0.0797711809376739,,,,
2013-01-23,-0.210793245124645,,,,
2013-01-24,0.00434290422930757,,,,
2013-01-25,-0.115375393260766,,,,
2013-01-28,-0.125126599125935,,,,
2013-01-29,-0.0634832178460707,,,,
2013-01-30,-0.321795787065989,,,,
2013-01-31,0.00583115508507242,,,,
2013-02-01,-0.0220403641630414,,,,
2013-02-04,-0.26566673663265,,,,
2013-02-05,0.249743768493531,,,,
2013-02-06,-0.144323200364179,,,,
2013-02-07,-0.0447435765701579,,,,
2013-02-08,0.0673078447308137,,,,
2013-02-11,-0.0159087376331516,,,,
2013-02-12,-0.0418426825332629,,,,
2013-02-13,-0.0770127632558597,,,,
2013-02-14,-0.00642802989681121,,,,
2013-02-15,-0.0238111261874082,,,,
2013-02-19,0.153504134346403,,,,
2013-02-20,-0.117755952415255,,,,
2013-02-21,0.295222938381688,,,,
2013-02-22,0.14208309672512,,,,
2013-02-25,-0.22345805304263,,,,
2013-02-26,0.490269120621152,,,,
2013-02-27,-0.154940251084433,,,,
2013-02-28,-0.230437735878405,,,,
2013-03-01,-0.0300176636808568,,,,
2013-03-04,0.0821557848473819,,,,
2013-03-05,-0.116999554260126,,,,
2013-03-06,-0.174632945953041,,,,
2013-03-07,-0.0979644115692491,,,,
2013-03-08,-0.0505931768586195,,,,
2013-03-11,-0.102163745067445,,,,
2013-03-12,-0.0786165552668145,,,,
2013-03-13,0.061264194495964,,,,
2013-03-14,0.000179166553485116,,,,
2013-03-15,-0.152162827504186,,,,
2013-03-18,-0.00746776624080207,,,,
2013-03-19,0.214860876216445,,,,
2013-03-20,0.241535781862172,,,,
2013-03-21,-0.0969819510263127,,,,
2013-03-22,0.12998118668936,,,,
2013-03-25,-0.0749222423956197,,,,
2013-03-26,0.107346065667651,,,,
2013-03-27,-0.10895199071402,,,,
2013-03-28,0.0950551025787001,,,,
2013-04-01,-0.0581521754240413,,,,
2013-04-02,0.101140243179285,,,,
2013-04-03,-0.110514277089868,,,,
2013-04-04,0.241571810370386,,,,
2013-04-05,-0.0584309480679771,,,,
2013-04-08,0.0371815180464632,,,,
2013-04-09,-0.20253929287548,,,,
2013-04-10,-0.152678364922764,,,,
2013-04-11,-0.097643697030109,,,,
2013-04-12,-0.0277360061128799,,,,
2013-04-15,0.131361975087841,,,,
2013-04-16,0.585476016160974,,,,
2013-04-17,-0.292284771514091,,,,
2013-04-18,0.375395831700317,,,,
2013-04-19,0.0966300662211864,,,,
2013-04-22,-0.263242295220465,,,,
2013-04-23,-0.0532032474398303,,,,
2013-04-24,-0.333162749062114,,,,
2013-04-25,-0.273645772131594,,,,
2013-04-26,-0.115904438020644,,,,
2013-04-29,0.106963675622701,,,,
2013-04-30,-0.192653849473752,,,,
2013-05-01,-0.135366040213804,,,,
2013-05-02,0.110275383990347,,,,
2013-05-03,-0.226163590723564,,,,
2013-05-06,-0.209375532382026,,,,
2013-05-07,-0.0796710365045575,,,,
2013-05-08,-0.11734547520635,,,,
2013-05-09,-0.139637027861701,,,,
2013-05-10,0.140685467099369,,,,
2013-05-13,-0.10548784522594,,,,
2013-05-14,0.00403169266048246,,,,
2013-05-15,-0.345033810787944,,,,
2013-05-16,-0.0355059715260527,,,,
2013-05-17,0.219650079356147,,,,
2013-05-20,-0.224010371082837,,,,
2013-05-21,0.0199820228078275,,,,
2013-05-22,0.00861879381031091,,,,
2013-05-23,0.208343728392485,,,,
2013-05-24,-0.0178674962778905,,,,
2013-05-28,0.0926976431978882,,,,
2013-05-29,-0.19833144035142,,,,
2013-05-30,-0.0255809651282479,,,,
2013-05-31,-0.195538746043715,,,,
2013-06-03,0.312832650428221,,,,
2013-06-04,-0.135814667977049,,,,
2013-06-05,0.132049248443605,,,,
2013-06-06,0.298210848330682,,,,
2013-06-07,-0.168755947022132,,,,
2013-06-10,-0.315798270335534,,,,
2013-06-11,-0.111284795876073,,,,
2013-06-12,0.356739081764161,,,,
2013-06-13,0.160306017702503,,,,
2013-06-14,-0.281063152440354,,,,
2013-06-17,0.26485175158266,,,,
2013-06-18,-0.161645316330555,,,,
2013-06-19,-0.104254887051072,,,,
2013-06-20,0.216896547043592,,,,
2013-06-21,0.324482731384272,,,,
2013-06-24,0.0316923888964183,,,,
2013-06-25,0.359062663079698,,,,
2013-06-26,-0.287630139049091,,,,
2013-06-27,-0.201374646227012,,,,
2013-06-28,-0.161950968537454,,,,
2013-07-01,0.0920470743563786,,,,
2013-07-02,-0.153300895201832,,,,
2013-07-03,0.00956242449983093,,,,
2013-07-05,0.0518245227842627,,,,
2013-07-08,-0.321893106646641,,,,
2013-07-09,-0.0916240860253721,,,,
2013-07-10,-0.122721401738321,,,,
2013-07-11,0.102524860695729,,,,
2013-07-12,-0.1908826506058,,,,
2013-07-15,-0.178838196491012,,,,
2013-07-16,0.00165039262427162,,,,
2013-07-17,0.0861357259289558,,,,
2013-07-18,-0.0286176954388174,,,,
2013-07-19,-0.208189351449544,,,,
2013-07-22,-0.0906524825854206,,,,
2013-07-23,-0.0557419520349464,,,,
2013-07-24,0.112058874377449,,,,
2013-07-25,0.133951866891754,,,,
2013-07-26,-0.0639087943328472,,,,
2013-07-29,-0.00134082390926323,,,,
2013-07-30,0.112048178337638,,,,
2013-07-31,-0.00102584972219174,,,,
2013-08-01,-0.0602226437718595,,,,
2013-08-02,-0.242450703274942,,,,
2013-08-05,0.0324682343220134,,,,
2013-08-06,0.0252117836865306,,,,
2013-08-07,0.154316922723103,,,,
2013-08-08,0.0632199805509342,,,,
2013-08-09,-0.123935631259141,,,,
2013-08-12,0.0342088290141848,,,,
2013-08-13,0.0805001769918043,,,,
2013-08-14,-0.120942435903308,,,,
2013-08-15,0.107375391163031,,,,
2013-08-16,0.227180372404444,,,,
2013-08-19,0.0913675721765255,,,,
2013-08-20,0.227537197304163,,,,
2013-08-21,-0.117343857406879,,,,
2013-08-22,0.111354118475072,,,,
2013-08-23,-0.206796522374998,,,,
2013-08-26,-0.0522753066288366,,,,
2013-08-27,0.0770291485787952,,,,
2013-08-28,0.287080324180087,,,,
2013-08-29,-0.0299452808315891,,,,
2013-08-30,-0.0213317281886942,,,,
2013-09-03,0.0282591385918798,,,,
2013-09-04,-0.246014139076775,,,,
2013-09-05,-0.171091900480944,,,,
2013-09-06,-0.0477457958708296,,,,
2013-09-09,-0.0109395356810574,,,,
2013-09-10,-0.24744342295478,,,,
2013-09-11,-0.198210095603088,,,,
2013-09-12,-0.0145396664653252,,,,
2013-09-13,0.125157121336465,,,,
2013-09-16,-0.0768542942697586,,,,
2013-09-17,-0.149626946372005,,,,
2013-09-18,-0.128748464850561,,,,
2013-09-19,-0.243817410446006,,,,
2013-09-20,-0.00894621080284111,,,,
2013-09-23,0.139506285613178,,,,
2013-09-24,0.170638233292973,,,,
2013-09-25,-0.0224731623387185,,,,
2013-09-26,-0.0515229700652511,,,,
2013-09-27,0.0183216979208442,,,,
2013-09-30,0.106432919629431,,,,
2013-10-01,0.115570001948506,,,,
2013-10-02,-0.0782671481791904,,,,
2013-10-03,-0.0115233560411617,,,,
2013-10-04,0.139287936403507,,,,
2013-10-07,-0.165666238465546,,,,
2013-10-08,0.212460681414174,,,,
2013-10-09,0.179748363620141,,,,
2013-10-10,0.0023140136063302,,,,
2013-10-11,-0.417400996902476,,,,
2013-10-14,-0.146242321958675,,,,
2013-10-15,-0.0737968281155529,,,,
2013-10-16,0.118342266469742,,,,
2013-10-17,-0.332582624306482,,,,
2013-10-18,-0.0396912863690235,,,,
2013-10-21,-0.116521976480119,,,,
2013-10-22,0.0422440314173535,,,,
2013-10-23,-0.0299727630021842,,,,
2013-10-24,0.12480064514332,,,,
2013-10-25,-0.0741452154125458,,,,
2013-10-28,-0.0256687177499,,,,
2013-10-29,0.00430881383606147,,,,
2013-10-30,-0.128223178229395,,,,
2013-10-31,0.144547430236794,,,,
2013-11-01,0.178493482654012,,,,
2013-11-04,0.0165310093378808,,,,
2013-11-05,-0.0893893203026516,,,,
2013-11-06,0.136768630154115,,,,
2013-11-07,-0.0468615219055341,,,,
2013-11-08,0.176707018085413,,,,
2013-11-11,-0.172768828852829,,,,
2013-11-12,-0.0248559963803206,,,,
2013-11-13,0.127501075522102,,,,
2013-11-14,-0.149256626643549,,,,
2013-11-15,-0.209888420782659,,,,
2013-11-18,-0.0698781785390639,,,,
2013-11-19,0.121673926583739,,,,
2013-11-20,0.0275480722268105,,,,
2013-11-21,0.150230465909172,,,,
2013-11-22,-0.294478908761908,,,,
2013-11-25,-0.0817015547695125,,,,
2013-11-26,-0.0298514789354008,,,,
2013-11-27,-0.0251988271378867,,,,
2013-11-29,0.0264980282906853,,,,
2013-12-02,-0.00304887222675278,,,,
2013-12-03,0.0487073230721922,,,,
2013-12-04,0.0796725981764723,,,,
2013-12-05,-0.000642666109140837,,,,
2013-12-06,0.100554846676303,,,,
2013-12-09,-0.228527836829376,,,,
2013-12-10,-0.104640779637461,,,,
2013-12-11,0.0807383711733505,,,,
2013-12-12,0.19256232048162,,,,
2013-12-13,0.0326154615639694,,,,
2013-12-16,0.00897488327289156,,,,
2013-12-17,-0.141240801126993,,,,
2013-12-18,0.0967697117732613,,,,
2013-12-19,-0.364086879894141,,,,
2013-12-20,-0.00908702974552348,,,,
2013-12-23,-0.0999479986847133,,,,
2013-12-24,-0.0727129179888367,,,,
2013-12-26,-0.0685660377967398,,,,
2013-12-27,-0.0767532052258711,,,,
2013-12-30,-0.0437512422287873,,,,
2013-12-31,0.0376238762641021,,,,
2014-01-02,-0.123034350777369,,,,
2014-01-03,0.130825336481106,,,,
2014-01-06,-0.0371677266202814,,,,
2014-01-07,0.0671422126982261,,,,
2014-01-08,-0.0770547116951036,,,,
2014-01-09,-0.0272953203354487,,,,
2014-01-10,-0.030418545022942,,,,
2014-01-13,0.120368429208964,,,,
2014-01-14,0.322040812969924,,,,
2014-01-15,-0.154793767795692,,,,
2014-01-16,-0.068838327456713,,,,
2014-01-17,0.119318339136639,,,,
2014-01-21,0.110374571149066,,,,
2014-01-22,-0.013951680615102,,,,
2014-01-23,0.0077136476556125,,,,
2014-01-24,0.251082438864987,,,,
2014-01-27,0.319532900778095,,,,
2014-01-28,0.108081602935096,,,,
2014-01-29,-0.168675101015858,,,,
2014-01-30,0.167403995161316,,,,
2014-01-31,-0.195805304228542,,,,
2014-02-03,0.199515736099495,,,,
2014-02-04,0.355734816627802,,,,
2014-02-05,-0.121425364768874,,,,
2014-02-06,-0.0177194307853555,,,,
2014-02-07,-0.210202271291388,,,,
2014-02-10,-0.191132631502336,,,,
2014-02-11,-0.0190673311260073,,,,
2014-02-12,-0.167051657972458,,,,
2014-02-13,0.0133977540702389,,,,
2014-02-14,-0.0998571581463551,,,,
2014-02-18,-0.0613763651077186,,,,
2014-02-19,-0.0583956447688129,,,,
2014-02-20,0.20401587201061,,,,
2014-02-21,-0.0382976873761222,,,,
2014-02-24,0.0377781491836635,,,,
2014-02-25,-0.138652233892725,,,,
2014-02-26,0.124508365141113,,,,
2014-02-27,0.0189154140205793,,,,
2014-02-28,-0.114250170569108,,,,
2014-03-03,-0.104227166587351,,,,
2014-03-04,0.172334975251958,,,,
2014-03-05,-0.306880316413036,,,,
2014-03-06,-0.113607406023601,,,,
2014-03-07,-0.131836381665279,,,,
2014-03-10,-0.024060741785118,,,,
2014-03-11,0.0171640469812682,,,,
2014-03-12,0.174373649357216,,,,
2014-03-13,0.0867085408606235,,,,
2014-03-14,0.291636330975953,,,,
2014-03-17,0.0208745021418129,,,,
2014-03-18,-0.19031578530268,,,,
2014-03-19,-0.133987107704579,,,,
2014-03-20,0.01482257434578,,,,
2014-03-21,-0.149700688785241,,,,
2014-03-24,-0.0135208834783563,,,,
2014-03-25,0.0686725877396774,,,,
2014-03-26,-0.0970098368644656,,,,
2014-03-27,0.200488873038329,,,,
2014-03-28,0.153496699560076,,,,
2014-03-31,-0.127258472954235,,,,
2014-04-01,-0.174277986160593,,,,
2014-04-02,-0.0936104811711027,,,,
2014-04-03,-0.111748810714205,,,,
2014-04-04,0.0437998506266427,,,,
2014-04-07,0.150378256796768,,,,
2014-04-08,0.322175007525674,,,,
2014-04-09,-0.0354424430889615,,,,
2014-04-10,-0.201195952282598,,,,
2014-04-11,0.394169420459062,,,,
2014-04-14,0.130387517996573,,,,
2014-04-15,-0.170947208689653,,,,
2014-04-16,-0.154409388474691,,,,
2014-04-17,-0.216421233251212,,,,
2014-04-21,-0.0331890632094471,,,,
2014-04-22,-0.0404831161052992,,,,
2014-04-23,-0.147795657072,,,,
2014-04-24,-0.0357469020691576,,,,
2014-04-25,-0.0057327901646347,,,,
2014-04-28,0.14747061668726,,,,
2014-04-29,0.00549805947081479,,,,
2014-04-30,-0.104882365077527,,,,
2014-05-01,-0.0670599323660939,,,,
2014-05-02,0.00620155059791465,,,,
2014-05-05,0.00583127568326754,,,,
2014-05-06,-0.0227122605270685,,,,
2014-05-07,0.271638805807045,,,,
2014-05-08,-0.376943331978631,,,,
2014-05-09,0.0103493021561395,,,,
2014-05-12,-0.0640353631344896,,,,
2014-05-13,-0.277150014752405,,,,
2014-05-14,0.0419927647294553,,,,
2014-05-15,0.217634774149005,,,,
2014-05-16,0.151483621297148,,,,
2014-05-19,0.0666223341571558,,,,
2014-05-20,-0.139033841322617,,,,
2014-05-21,0.107165052038534,,,,
2014-05-22,-0.207815049601368,,,,
2014-05-23,-0.100657450496246,,,,
2014-05-27,-0.0371751162878412,,,,
2014-05-28,-0.0440852148285707,,,,
2014-05-29,0.0363263423068971,,,,
2014-05-30,-0.0705258479003981,,,,
2014-06-02,-0.0448309921730494,,,,
2014-06-03,-0.000501713087234302,,,,
2014-06-04,-0.00951432577310513,,,,
2014-06-05,0.0270928726284895,,,,
2014-06-06,-0.0902211228357601,,,,
2014-06-09,-0.139045408413896,,,,
2014-06-10,-0.0887492557689484,,,,
2014-06-11,0.0121482311066915,,,,
2014-06-12,0.0470961922279792,,,,
2014-06-13,0.0564327708333596,,,,
2014-06-16,-0.0221452346061557,,,,
2014-06-17,-0.0250111341369185,,,,
2014-06-18,-0.0635178591182785,,,,
2014-06-19,-0.0918925501893953,,,,
2014-06-20,-0.0392683830756575,,,,
2014-06-23,-0.0404017645053798,,,,
2014-06-24,-0.0590431410625764,,,,
2014-06-25,0.150009480918137,,,,
2014-06-26,-0.0210670552792425,,,,
2014-06-27,0.0341041633848552,,,,
2014-06-30,-0.0379378604301232,,,,
2014-07-01,-0.0462602403783392,,,,
2014-07-02,-0.147652425462802,,,,
2014-07-03,-0.0402682822238098,,,,
2014-07-07,-0.120630411124452,,,,
2014-07-08,0.118066978923387,,,,
2014-07-09,0.121388431782799,,,,
2014-07-10,-0.0649666648877746,,,,
2014-07-11,0.140414631340506,,,,
2014-07-14,0.0143731206505153,,,,
2014-07-15,-0.306463564368793,,,,
2014-07-16,-0.00136465318884142,,,,
2014-07-17,-0.00849381953114405,,,,
2014-07-18,0.195514773013159,,,,
2014-07-21,-0.135868564781485,,,,
2014-07-22,0.0274008823134947,,,,
2014-07-23,-0.033237159538101,,,,
2014-07-24,-0.0819884538988558,,,,
2014-07-25,-0.110093474142556,,,,
2014-07-28,0.131447081141989,,,,
2014-07-29,0.0343267759551767,,,,
2014-07-30,0.0613677535884029,,,,
2014-07-31,-0.071780134500978,,,,
2014-08-01,0.341231411146832,,,,
2014-08-04,0.0371067006447117,,,,
2014-08-05,-0.138845841429834,,,,
2014-08-06,0.239702598695902,,,,
2014-08-07,-0.0135807909205321,,,,
2014-08-08,0.163568640186478,,,,
2014-08-11,-0.262741900814646,,,,
2014-08-12,0.0109853381171743,,,,
2014-08-13,0.0313923782152626,,,,
2014-08-14,-0.0788461947481082,,,,
2014-08-15,-0.211645857921856,,,,
2014-08-18,0.0405642573896947,,,,
2014-08-19,-0.141854017742759,,,,
2014-08-20,-0.143365119282377,,,,
2014-08-21,-0.0245597951233556,,,,
2014-08-22,-0.0915998757018289,,,,
2014-08-25,0.0578612547530911,,,,
2014-08-26,-0.114983772065914,,,,
2014-08-27,-0.0618389421781579,,,,
2014-08-28,-0.074621201995624,,,,
2014-08-29,0.0317132155800072,,,,
2014-09-02,-0.117265097784745,,,,
2014-09-03,0.0666373358514785,,,,
2014-09-04,-0.00835540224325087,,,,
2014-09-05,0.0633398481365757,,,,
2014-09-08,-0.0309241846079712,,,,
2014-09-09,0.0747205158422646,,,,
2014-09-10,0.101488928791258,,,,
2014-09-11,-0.0427105988064918,,,,
2014-09-12,-0.00751305876203168,,,,
2014-09-15,0.0828640744318273,,,,
2014-09-16,-0.0828730117983837,,,,
2014-09-17,-0.134762918121073,,,,
2014-09-18,-0.0289825246174055,,,,
2014-09-19,-0.106712280683428,,,,
2014-09-22,-0.011611359511435,,,,
2014-09-23,0.167708595911525,,,,
2014-09-24,0.132458227539403,,,,
2014-09-25,-0.11685867388613,,,,
2014-09-26,0.314442841247354,,,,
2014-09-29,-0.121906307245496,,,,
2014-09-30,0.080396202768894,,,,
2014-10-01,0.123718392382184,,,,
2014-10-02,0.289737163136387,,,,
2014-10-03,0.0437855702260992,,,,
2014-10-06,-0.155352072552939,,,,
2014-10-07,0.0976825178825677,,,,
2014-10-08,0.32686281984176,,,,
2014-10-09,-0.264878301203807,,,,
2014-10-10,0.376891594367939,,,,
2014-10-13,0.19034911216467,,,,
2014-10-14,0.307342637410858,,,,
2014-10-15,-0.00645220691312819,,,,
2014-10-16,0.241733667652399,,,,
2014-10-17,-0.0726091040222589,,,,
2014-10-20,-0.105068428856006,,,,
2014-10-21,-0.0998657014131597,,,,
2014-10-22,-0.347243370964281,,,,
2014-10-23,0.120951537565973,,,,
2014-10-24,-0.233455889315611,,,,
2014-10-27,-0.103009316159638,,,,
2014-10-28,0.109301036971076,,,,
2014-10-29,-0.281331303838258,,,,
2014-10-30,-0.0456171392404942,,,,
2014-10-31,-0.166480509895479,,,,
2014-11-03,-0.242234640618997,,,,
2014-11-04,0.0687270067897696,,,,
2014-11-05,0.0872620963873216,,,,
2014-11-06,-0.113386902168918,,,,
2014-11-07,-0.0820111175589215,,,,
2014-11-10,-0.0774524036007001,,,,
2014-11-11,0.0189422946120255,,,,
2014-11-12,0.0167919918245154,,,,
2014-11-13,0.121693416955894,,,,
2014-11-14,0.060668949260715,,,,
2014-11-17,-0.00933556979158576,,,,
2014-11-18,0.0401353879707865,,,,
2014-11-19,-0.041417766256073,,,,
2014-11-20,-0.01919983677095,,,,
2014-11-21,-0.13455817485285,,,,
2014-11-24,-0.12113215856936,,,,
2014-11-25,-0.0741796145755556,,,,
2014-11-26,0.136839340019173,,,,
2014-11-28,0.0407420647170994,,,,
2014-12-01,0.36924708146949,,,,
2014-12-02,0.00631687100933768,,,,
2014-12-03,-0.166979575553879,,,,
2014-12-04,-0.133582395189163,,,,
2014-12-05,0.044315810925171,,,,
2014-12-08,0.00560753095411707,,,,
2014-12-09,0.20342720960799,,,,
2014-12-10,-0.0551264436467217,,,,
2014-12-11,0.270385324495191,,,,
2014-12-12,-0.0403180791217064,,,,
2014-12-15,0.3330198976765,,,,
2014-12-16,0.188744599364181,,,,
2014-12-17,0.0535117115761113,,,,
2014-12-18,-0.489711029855164,,,,
2014-12-19,-0.39461867023224,,,,
2014-12-22,-0.227024706474811,,,,
2014-12-23,-0.0361117004434282,,,,
2014-12-24,-0.163472565186908,,,,
2014-12-26,0.100889931190358,,,,
2014-12-29,-0.00543772535712388,,,,
2014-12-30,-0.0393632110409217,,,,
2014-12-31,0.0412907247966528,,,,
,-0.02,,,,
,-0.0265729387337491,,,,
,0.525679842618326,,,,
,0.217542290237271,,,,
,-0.0999564449202733,,,,
,-0.36023489042579,,,,
,0.239141627771008,,,,
,0.266143788116395,,,,
,0.0856909745828748,,,,
,0.0942964498565602,,,,
,0.0944490769900177,,,,
,-0.313207823986028,,,,
,0.0662289107441131,,,,
,-0.172990431761356,,,,
,-0.342990548967695,,,,
,0.191492171590539,,,,
,-0.0878410314544158,,,,
,0.154227444882201,,,,
,0.574736755267468,,,,
,-0.108601097902679,,,,
,0.0823274037164746,,,,
,-0.424107117782627,,,,
,-0.362356272171925,,,,
,-0.0820873257014781,,,,
,-0.107423062128506,,,,
,-0.0511594498919573,,,,
,0.074643192442074,,,,
,-0.0620890767749761,,,,
,0.00560137132306329,,,,
,-0.273893625355513,,,,
,-0.22219038940109,,,,
,-0.11080173862809,,,,
,0.129104558195359,,,,
,0.0487789945305131,,,,
,-0.0943318239840122,,,,
,0.00477980444211669,,,,
,-0.125790268197296,,,,
,-0.023079533286624,,,,
,0.137757151269588,,,,
,-0.0147347558738361,,,,
,-0.0348266160507453,,,,
,0.0269243317616687,,,,
,0.0469826207679057,,,,
,0.00247088754611269,,,,
,0.201031827198822,,,,
,-0.0410817329904482,,,,
,0.303676188002491,,,,
,-0.10489357665664,,,,
,-0.237558436601459,,,,
,0.0974512345247225,,,,
,-0.242855948644014,,,,
,0.0525809819706085,,,,
,-0.286001356815814,,,,
,0.231302456459843,,,,
,-0.164284179698882,,,,
,0.0724595136559645,,,,
,0.0975714094817072,,,,
,0.133998380266305,,,,
,0.0777238650339059,,,,
,0.0305777714739654,,,,
,-0.266509923441939,,,,
,0.129752675030084,,,,
,-0.0319614395377727,,,,
,-0.0670321227103959,,,,
,-0.271764717693028,,,,
,0.0196049271637244,,,,
,-0.295541502453343,,,,
,-0.112418820636633,,,,
,-0.161881166971818,,,,
,-0.057447440923993,,,,
,-0.180363451239763,,,,
,-0.204029735928486,,,,
,-0.0230499562411992,,,,
,0.202648779769592,,,,
,-0.0637043104534555,,,,
,0.328611400295887,,,,
,0.00380851925678293,,,,
,-0.0777321866334011,,,,
,0.187109032637834,,,,
,0.0774663257766113,,,,
,-0.0831468219172094,,,,
,-0.0219140855945741,,,,
,0.093578230810329,,,,
,-0.119696881560894,,,,
,-0.0408967138075998,,,,
,0.082442070031456,,,,
,-0.016683310712959,,,,
,-0.00967302503199348,,,,
,-0.193586045775732,,,,
,0.0765062672887281,,,,
,0.0579228933952699,,,,
,0.0300782059039168,,,,
,-0.0585704806057087,,,,
,0.0191936127287449,,,,
,-0.0778178980066304,,,,
,0.0229930362262038,,,,
,-0.0456457739181981,,,,
,-0.050939355794506,,,,
,0.0188585384588641,,,,
,0.214526295479008,,,,
,-0.0540069764233379,,,,
,-0.00432783567616394,,,,
,0.117218354611524,,,,
,0.0375473424864948,,,,
,0.00823711245348819,,,,
,-0.0185485163016778,,,,
,0.143096441253826,,,,
,-0.0698069821060325,,,,
,0.174173870401884,,,,
,-0.0444859235490834,,,,
,-0.202974826480054,,,,
,-0.0866256901922978,,,,
,0.11719659777715,,,,
,0.0141357555363666,,,,
,-0.0376490434542979,,,,
,0.0363481484490432,,,,
,-0.0492872888907214,,,,
,0.0627071009492329,,,,
,-0.11248045546731,,,,
,-0.103260379641524,,,,
,0.177651130380929,,,,
,-0.0103204040970201,,,,
,0.023196806328244,,,,
,0.310993930973308,,,,
,-0.0932586968484153,,,,
,-0.105909385618329,,,,
,0.0881481277778825,,,,
,0.0881418276432446,,,,
,-0.035180783984674,,,,
,0.280703343982198,,,,
,-0.152764053924034,,,,
,-0.175251035255105,,,,
,-0.156062041932126,,,,
,-0.0692739691759262,,,,
,-0.0550219758038498,,,,
,-0.104031043610261,,,,
,0.0605764963056763,,,,
,0.0159786643487614,,,,
,-0.0391273528672305,,,,
,-0.169790929478821,,,,
,0.0879652653596164,,,,
,0.409522923050513,,,,
,0.0889705136048797,,,,
,-0.175914162665173,,,,
,-0.153100532988395,,,,
,-0.0374060486404068,,,,
,0.184543775658663,,,,
,0.0499828391830689,,,,
,0.0670528842729337,,,,
,-0.0303350155477935,,,,
,0.0241899874737569,,,,
,0.0823438429421569,,,,
,-0.253744070605332,,,,
,0.143173709397985,,,,
,0.014009747946467,,,,
,-0.000208263568492499,,,,
,-0.116910699936846,,,,
,-0.0273050081914589,,,,
,-0.00477383207939619,,,,
,0.241151074287587,,,,
,0.333161115496565,,,,
,0.461465428216442,,,,
,0.720505889374577,,,,
,0.227758778824823,,,,
,-0.487716107967621,,,,
,-0.539954592609864,,,,
,-0.0444482884440817,,,,
,-0.0414217395935214,,,,
,0.539206284895688,,,,
,-0.204869548617178,,,,
,-0.101512263984315,,,,
,0.285551149517412,,,,
,-0.347067352724507,,,,
,0.256550087836332,,,,
,-0.00345881604404904,,,,
,-0.0113779617405036,,,,
,0.0562641072087763,,,,
,-0.2368428259313,,,,
,-0.19924655285866,,,,
,0.120929571984218,,,,
,0.371101041270701,,,,
,-0.159063589349479,,,,
,0.190891560032546,,,,
,0.0426992359128631,,,,
,0.0639100346339422,,,,
,-0.127386124673921,,,,
,0.447446770372432,,,,
,-0.0418527766528151,,,,
,-0.321450032780761,,,,
,-0.0212053018002593,,,,
,-0.26142708267126,,,,
,-0.378555817094417,,,,
,-0.0103911045436071,,,,
,-0.130759981160891,,,,
,-0.185170930343364,,,,
,0.0399510966651598,,,,
,-0.00930664779189778,,,,
,-0.0366234090556207,,,,
,0.223007347571894,,,,
,-0.330867955589135,,,,
,-0.0723844991555959,,,,
,0.0381160380200301,,,,
,-0.0564866108248311,,,,
,0.335123424807412,,,,
,-0.0767584023808838,,,,
,-0.276158988859151,,,,
,0.149912728965265,,,,
,0.0477678656214717,,,,
,-0.333938598844196,,,,
,0.113295573021208,,,,
,0.128276847910693,,,,
,-0.224319931282762,,,,
,-0.0819144129653187,,,,
,0.0215754412634754,,,,
,-0.0483957024530578,,,,
,-0.195562964257515,,,,
,0.152737490469298,,,,
,-0.135564772722608,,,,
,0.155404077727998,,,,
,0.345498667667771,,,,
,0.23287083545175,,,,
,-0.27472687421165,,,,
,0.0477541117565731,,,,
,-0.299686285387636,,,,
,-0.00618446736881906,,,,
,0.218616968508538,,,,
,0.0337697426394266,,,,
,-0.16541288551741,,,,
,0.0216263039606359,,,,
,0.0378669016326538,,,,
,-0.0249084994868615,,,,
,-0.216108890005477,,,,
,0.274819377167506,,,,
,0.328713891572398,,,,
,-0.322099177099673,,,,
,0.213102714460417,,,,
,0.213125614673992,,,,
,0.087770542609901,,,,
,-0.163981408369159,,,,
,0.327847901868341,,,,
,-0.0297318505198179,,,,
,-0.335803170453462,,,,
,-0.221393610555727,,,,
,0.284182547907533,,,,
,0.324767413997459,,,,
,0.0108779493778597,,,,
,-0.0748821638901295,,,,
,-0.274898304401408,,,,
,0.0535650915426873,,,,
,0.111078233877107,,,,
,-0.16791896754496,,,,
,0.160043096093972,,,,
,0.111192487464088,,,,
,0.299867228135467,,,,
,-0.0843942297763871,,,,
,0.379507495293495,,,,
,0.319730474974165,,,,
,0.217808507146297,,,,
,0.115870342294512,,,,
,-0.0813557855523968,,,,
,0.225046212325875,,,,
,-0.347197218592029,,,,
,0.180433291302614,,,,
,0.0604796545635093,,,,
,0.248944974483069,,,,
,-0.142590502476289,,,,
,-0.187735905754782,,,,
,0.374292581028669,,,,
,-0.195776792152878,,,,
,0.169738159075783,,,,
,-0.0945958790568503,,,,
,-0.3289798763641,,,,
,-0.0414487945532329,,,,
,0.303184553172957,,,,
,-0.165663580849194,,,,
,-0.0837485194190603,,,,
,0.474203963169928,,,,
,0.317418031871985,,,,
,-0.0115759170254752,,,,
,-0.0823671641172385,,,,
,0.21665360965839,,,,
,-0.49996166688046,,,,
,-0.270129105132629,,,,
,-0.451891515806123,,,,
,0.343345213699233,,,,
,0.0796045437169675,,,,
,-0.359699164224478,,,,
,0.29601154261114,,,,
,0.0329682381608535,,,,
,-0.130932154911892,,,,
,-0.0573931513329316,,,,
,0.159783339239493,,,,
,-0.441795434416289,,,,
,-0.183085275618156,,,,
,-0.0654403792457388,,,,
,-0.0365129753992767,,,,
,-0.109615653728809,,,,
,0.213581795564675,,,,
,-0.130815208845211,,,,
,-0.13243554553319,,,,
,-0.351517684403832,,,,
,-0.0176192691443227,,,,
,0.19192907136504,,,,
,-0.0484962606716737,,,,
,0.0692858342765403,,,,
,-0.00849541471930848,,,,
,-0.0309618585964565,,,,
,-0.0377238717237143,,,,
,0.156825635986829,,,,
,0.0241833167709374,,,,
,0.034492036936333,,,,
,-0.0764585999920636,,,,
,-0.08104260718349,,,,
,0.025012278527994,,,,
,-0.0773192859016083,,,,
,-0.0508872097926971,,,,
,0.228275740282263,,,,
,-0.0970862418940924,,,,
,0.279192780441506,,,,
,-0.021681241602975,,,,
,0.131025147438366,,,,
,-0.144546605612153,,,,
,-0.222317139927535,,,,
,0.0010439238686422,,,,
,-0.0518910979916734,,,,
,-0.0792390303140712,,,,
,-0.162224466255319,,,,
,-0.0669114908113712,,,,
,0.184469605858092,,,,
,-0.0290433962015744,,,,
,0.333916370101135,,,,
,-0.116621373821105,,,,
,0.136386470729746,,,,
,0.0923548474906355,,,,
,0.0673119716299327,,,,
,-0.156270421415782,,,,
,0.0860885754127355,,,,
,0.235263716075538,,,,
,-0.146749543024318,,,,
,0.0364725964871448,,,,
,-0.128399559816406,,,,
,-0.251994807468913,,,,
,0.0887974025903326,,,,
,0.056413391806516,,,,
,0.150870608864881,,,,
,-0.0192340580503198,,,,
,0.0164809790453661,,,,
,-0.277179613494928,,,,
,0.145031053194884,,,,
,-0.137926888515921,,,,
,0.00466859658398296,,,,
,-0.152567334320637,,,,
,-0.174148599116583,,,,
,0.133224519364875,,,,
,-0.0793757958640137,,,,
,0.0583798047792221,,,,
,0.00029535678353756,,,,
,-0.0689593486425165,,,,
,0.128572312446178,,,,
,-0.104801660524362,,,,
,-0.104412458796359,,,,
,-0.0859310585542972,,,,
,0.129512394762557,,,,
,0.28015657208331,,,,
,0.155275324439085,,,,
,-0.080185608720326,,,,
,0.208581791307802,,,,
,-0.0843087795341065,,,,
,-0.0372728391892905,,,,
,-0.13032338769552,,,,
,-0.0181989863768047,,,,
,0.179032709710831,,,,
,-0.298274060023844,,,,
,0.895056962775276,,,,
,0.535849496088306,,,,
,-0.427975805982615,,,,
,-0.50222929591712,,,,
,-0.291052650753595,,,,
,0.00927535297474355,,,,
,0.372565584131593,,,,
,-0.0889423673961884,,,,
,0.334810711269174,,,,
,-0.209450171738409,,,,
,0.0691846837131314,,,,
,-0.319536667623419,,,,
,-0.055745983002207,,,,
,-0.0851161014895714,,,,
,0.0935655247223697,,,,
,-0.0494636562899199,,,,
,0.118659256394958,,,,
,-0.112952796364619,,,,
,-0.0269205225365836,,,,
,-0.131235038168573,,,,
,0.199595323747184,,,,
,0.0371883891724328,,,,
,0.217964728180878,,,,
,0.0430162043294194,,,,
,-0.0828710622851311,,,,
,0.314552881471198,,,,
,0.0341629964047841,,,,
,-0.394091369223887,,,,
,-0.00997853506424345,,,,
,-0.271870749433447,,,,
,-0.106504650308625,,,,
,0.0629620703017873,,,,
,0.137988472399178,,,,
,-0.127344248701794,,,,
,-0.00307712747027679,,,,
,-0.216297354503707,,,,
,0.0505660972634589,,,,
,0.0635833692534622,,,,
,-0.085124987589429,,,,
,0.127235533053417,,,,
,0.0770433918792098,,,,
,-0.0395445881969856,,,,
,0.135150334308771,,,,
,0.0138702271843316,,,,
,-0.049335647729659,,,,
,-0.112410009890955,,,,
,-0.0197934884300188,,,,
,0.0257277892885591,,,,
,0.104302174318825,,,,
,-0.109511180917306,,,,
,0.00780181623356725,,,,
,-0.0957913285015896,,,,
,0.0170557516527346,,,,
,0.256792201034811,,,,
,-0.180920199109863,,,,
,0.315410995754317,,,,
,0.0961246333235192,,,,
,-0.1621220246153,,,,
,0.138545667242666,,,,
,-0.11046358936813,,,,
,0.0790239822351228,,,,
,-0.163071247841454,,,,
,-0.0770121143881267,,,,
,0.0989825386350642,,,,
,0.2101230880391,,,,
,-0.112890921470332,,,,
,-0.134346699262811,,,,
,0.229331804458643,,,,
,-0.246247054839843,,,,
,0.0361543594707662,,,,
,0.0280332537113588,,,,
,-0.306528951160077,,,,
,-0.0572633480682425,,,,
,0.057301429247189,,,,
,-0.238165622335186,,,,
,0.301414998791966,,,,
,0.0482783318921962,,,,
,0.191959496770312,,,,
,0.0163541863405342,,,,
,0.0751709721453711,,,,
,-0.159221397846992,,,,
,-0.18840486938048,,,,
,0.0534206641787017,,,,
,0.0163611849747203,,,,
,-0.0350036952583406,,,,
,0.0955194001020777,,,,
,-0.108613710672255,,,,
,-0.0998789927291304,,,,
,0.0653194566056529,,,,
,0.154631361857491,,,,
,0.181474824936593,,,,
,0.0192032601729885,,,,
,0.0722530060142473,,,,
,0.146833180893233,,,,
,-0.369218780326235,,,,
,-0.189721818585152,,,,
,-0.348922251983841,,,,
,-0.547430115617366,,,,
,0.0405563967178843,,,,
,-0.384696937484598,,,,
,-0.0224150551707978,,,,
,0.0755062221558287,,,,
,-0.123533713586044,,,,
,0.0246018022008421,,,,
,0.000335883458325904,,,,
,-0.193491052780915,,,,
,-0.105861214303333,,,,
,-0.0681756563794773,,,,
,0.171808637464764,,,,
,-0.0237860350352969,,,,
,-0.138277621770291,,,,
,-0.178564516285106,,,,
,0.0802911667416767,,,,
,-0.148473722767005,,,,
,-0.029429882151773,,,,
,-0.289641229793311,,,,
,-0.155994821200701,,,,
,-0.0325237367328673,,,,
,-0.020293382046012,,,,
,-0.0991108900261242,,,,
,0.14940732941758,,,,
,-0.0664199121449673,,,,
,0.0633242140723704,,,,
,-0.031602730762086,,,,
,-0.183092820918756,,,,
,-0.0500949593649014,,,,
,0.055462791877892,,,,
,-0.0607020352361379,,,,
,-0.0367488526385535,,,,
,0.163524155954631,,,,
,0.0509374853623032,,,,
,0.00705543898508098,,,,
,-0.0107240986846569,,,,
,-0.101526726360633,,,,
,0.144823365126041,,,,
,-0.09018548139249,,,,
,0.115055546498738,,,,
,-0.0878446293434689,,,,
,-0.0772802858940319,,,,
,0.103282050990737,,,,
,-0.0557495967031596,,,,
,0.234327062431612,,,,
,-0.100203019806113,,,,
,0.0403506269806117,,,,
,-0.0436358943250449,,,,
,0.0452456185631818,,,,
,-0.112791591440673,,,,
,-0.21229030086477,,,,
,-0.0149633527971092,,,,
,0.0699229116445419,,,,
,0.126371182999018,,,,
,0.0662437220984642,,,,
,-0.0235654092918974,,,,
,-0.0272055751948514,,,,
,-0.162811906954606,,,,
,0.04716704630354,,,,
,0.0338791898002104,,,,
,-0.0369461468349733,,,,
,-0.222559860760195,,,,
,-0.0735988447334597,,,,
,-0.127103804325074,,,,
,-0.102224535969798,,,,
,0.102635385271086,,,,
,-0.039196723543718,,,,
,0.0592218302903304,,,,
,-0.15966093042795,,,,
,0.00587917658870529,,,,
,-0.0793388845720621,,,,
,0.0833662554012204,,,,
,-0.10956060533779,,,,
,-0.0432255591044338,,,,
,-0.356560823003807,,,,
,0.251941785735412,,,,
,-0.0932665615451179,,,,
,0.111704637829034,,,,
,0.0170318374208306,,,,
,0.0253623592159941,,,,
,0.00655216072186088,,,,
,0.00551794116527309,,,,
,-0.0103318880967207,,,,
,0.0764639396760199,,,,
,-0.0665024948043333,,,,
,-0.0238344471597394,,,,
,0.12248009449477,,,,
,0.128286596176275,,,,
,0.334956938158757,,,,
,0.0328363188254967,,,,
,-0.00431867850396515,,,,
,0.0562440752923014,,,,
,0.116093333327855,,,,
,-0.214205796940448,,,,
,0.0346670888617462,,,,
,-0.197526127016923,,,,
,0.0670708123515668,,,,
,0.0321924747664907,,,,
,-0.0354376905229428,,,,
,0.0833944162054175,,,,
,-0.105756972549812,,,,
,0.0433830638358886,,,,
,-0.0182857836429469,,,,
,0.0357308195783915,,,,
,0.136649837257585,,,,
,0.169944262517682,,,,
,-0.199271189033811,,,,
,0.143521928879961,,,,
,0.0518654224222175,,,,
,-0.16899576737629,,,,
,0.0719493679516339,,,,
,-0.235495683039931,,,,
,-0.165475275438749,,,,
,-0.0408057539847129,,,,
,0.0266440410447538,,,,
,0.0482582039859872,,,,
,-0.0576682105798731,,,,
,-0.0111213818909731,,,,
,-0.0391898708251322,,,,
,-0.0946450751282909,,,,
,-0.117751560330154,,,,
,-0.00322946961365727,,,,
,0.128052675164822,,,,
,-0.0797298870358829,,,,
,-0.0131337969593861,,,,
,0.0448245138071936,,,,
,-0.130422383072342,,,,
,-0.0206617313556382,,,,
,0.436655737229085,,,,
,-0.0339670151768166,,,,
,-0.129331605143114,,,,
,0.00106345537502996,,,,
,-0.0984051813154852,,,,
,-0.0826175693909741,,,,
,0.0188564659998037,,,,
,-0.0312003810688671,,,,
,0.0975711542948934,,,,
,0.031934293992515,,,,
,-0.149676644103241,,,,
,-0.0191723250488873,,,,
,-0.00984621997955714,,,,
,0.0458851193942658,,,,
,-0.0672080130305501,,,,
,-0.0685476830791589,,,,
,-0.144253317105596,,,,
,0.063794183083492,,,,
,-0.100413232057307,,,,
,-0.0131178016347823,,,,
,-0.013782156440267,,,,
,-0.0416065291693379,,,,
,-0.0836024265871168,,,,
,0.0886163877504451,,,,
,0.0286940217255946,,,,
,0.034909664658177,,,,
,0.0871446722935848,,,,
,-0.0250533289241285,,,,
,0.00184024071003932,,,,
,-0.139111839769535,,,,
,0.031792923894496,,,,
,-0.0546058584042918,,,,
,-0.145578015168945,,,,
,0.0621695659051724,,,,
,0.0783896581876593,,,,
,-0.0911657149554976,,,,
,0.0341104257296538,,,,
,0.069636045540368,,,,
,-0.0942184021027119,,,,
,-0.0632410822227579,,,,
,-0.00112458653544139,,,,
,-0.0106590965711583,,,,
,0.0770612328283775,,,,
,-0.0529120566532637,,,,
,0.0106902274737347,,,,
,-0.117323458635982,,,,
,-0.0482990971693424,,,,
,-0.122722577877254,,,,
,0.165859905513397,,,,
,0.0380402264429908,,,,
,-0.177066378644204,,,,
,-0.134088581771404,,,,
,-0.102716630431817,,,,
,-0.0509192136176085,,,,
,-0.051854496512369,,,,
,0.0767678833599589,,,,
,0.133912485211364,,,,
,0.0517874488545817,,,,
,0.0591422944079739,,,,
,0.265400905796133,,,,
,0.0438559059002733,,,,
,-0.144729183567802,,,,
,-0.0126734027641851,,,,
,0.078767802926678,,,,
,0.253388099553202,,,,
,0.00564668855691285,,,,
,0.0490181627031813,,,,
,-0.150443162452095,,,,
,-0.0264609632727103,,,,
,0.0461764461108258,,,,
,-0.0762668874419261,,,,
,0.126423472629362,,,,
,-0.0380167084555726,,,,
,0.12294064003574,,,,
,-0.0290121038761582,,,,
,-0.0884195114217483,,,,
,0.23128646477701,,,,
,-0.0323666440808774,,,,
,0.158481700293946,,,,
,-0.151336374921951,,,,
,-0.278368453445617,,,,
,-0.0412501549234365,,,,
,0.0150660315638974,,,,
,0.082601159054988,,,,
,-0.00732189962897639,,,,
,-0.0241469008718962,,,,
,0.0136320193963598,,,,
,-0.0949042417812772,,,,
,0.00818323393312206,,,,
,0.0665825778715079,,,,
,0.0127458476433309,,,,
,0.0276518532966351,,,,
,-0.102953108211419,,,,
,-0.0877518082803735,,,,