Date,FamaFrench
2007-01-03 ,-0.381767069112372
2007-01-04 ,-0.950947991678847
2007-01-05 ,-0.0633012411386591
2007-01-08 ,-0.205960608445984
2007-01-09 ,0.0474502134229889
2007-01-10 ,0.699552003170034
2007-01-11 ,0.413175831373061
2007-01-12 ,0.938333257124016
2007-01-16 ,0.375842622107576
2007-01-17 ,0.147089015075989
2007-01-18 ,0.396830797059776
2007-01-19 ,-1.2271333389801
2007-01-22 ,0.572237622975542
2007-01-23 ,0.0655582076392462
2007-01-24 ,0.986032125387397
2007-01-25 ,0.350991787317656
2007-01-26 ,-0.36334820030941
2007-01-29 ,0.433912544942819
2007-01-30 ,-0.0900139465905369
2007-01-31 ,0.0125407447770171
2007-02-01 ,1.11352591756599
2007-02-02 ,0.333694872697539
2007-02-05 ,0.366544701659098
2007-02-06 ,-0.355945132378275
2007-02-07 ,0.238054066300684
2007-02-08 ,-0.313470953006662
2007-02-09 ,-0.411141951174608
2007-02-12 ,-0.719349500311152
2007-02-13 ,-0.153843837132382
2007-02-14 ,0.303628471862985
2007-02-15 ,0.413650208183417
2007-02-16 ,0.598286824087986
2007-02-20 ,0.190526779417417
2007-02-21 ,0.5163232281918
2007-02-22 ,0.625334732856838
2007-02-23 ,0.110731537407747
2007-02-26 ,0.233332401312818
2007-02-27 ,-0.288211625714672
2007-02-28 ,-0.59225539489086
2007-03-01 ,-0.236513446694066
2007-03-02 ,0.1184671901519
2007-03-05 ,-0.664238988252596
2007-03-06 ,-0.652314788395497
2007-03-07 ,0.277373002964509
2007-03-08 ,0.773318501145827
2007-03-09 ,0.884852573287343
2007-03-12 ,-0.0514666408801737
2007-03-13 ,-0.519696175930574
2007-03-14 ,-0.693801944777737
2007-03-15 ,0.45981922716647
2007-03-16 ,0.348278590131409
2007-03-19 ,-0.157384487337481
2007-03-20 ,0.683013636039867
2007-03-21 ,-0.0371771125225472
2007-03-22 ,0.195981489867376
2007-03-23 ,0.170527011916258
2007-03-26 ,0.613114973078887
2007-03-27 ,-0.221534659812331
2007-03-28 ,-0.137388233299699
2007-03-29 ,-0.141378545837696
2007-03-30 ,-0.156434481324714
2007-04-02 ,-0.22170319466785
2007-04-03 ,0.464168075613482
2007-04-04 ,0.167354331616806
2007-04-05 ,0.0838662307876012
2007-04-09 ,0.157344778547245
2007-04-10 ,0.275678188503886
2007-04-11 ,0.224535379827768
2007-04-12 ,0.126508363090265
2007-04-13 ,-0.0206813542518404
2007-04-16 ,0.0940353689862586
2007-04-17 ,0.28359811313634
2007-04-18 ,-0.0409478414690218
2007-04-19 ,0.290008571808216
2007-04-20 ,-0.0764896636961769
2007-04-23 ,0.189581112089138
2007-04-24 ,0.622263363099203
2007-04-25 ,0.212238790197698
2007-04-26 ,0.146890740855051
2007-04-27 ,0.302812780774518
2007-04-30 ,0.711453790052165
2007-05-01 ,-0.98306974738634
2007-05-02 ,-0.266335113345459
2007-05-03 ,0.396173957868908
2007-05-04 ,0.520220748594709
2007-05-07 ,-0.0362658008873789
2007-05-08 ,-0.42630536872334
2007-05-09 ,0.0403766110654679
2007-05-10 ,0.976991476198466
2007-05-11 ,0.0196625818434427
2007-05-14 ,-0.0748022048233294
2007-05-15 ,-0.0661347520613038
2007-05-16 ,-0.614492148509165
2007-05-17 ,-0.681787347730341
2007-05-18 ,0.913084470162746
2007-05-21 ,0.199056371298655
2007-05-22 ,0.227724332439601
2007-05-23 ,0.152004194747596
2007-05-24 ,-0.0139625049680589
2007-05-25 ,-0.429756845148993
2007-05-29 ,0.558824796987675
2007-05-30 ,0.012117805915805
2007-05-31 ,0.291223791572295
2007-06-01 ,0.236150506753873
2007-06-04 ,0.383496019250131
2007-06-05 ,0.0808257233338219
2007-06-06 ,0.376262598071612
2007-06-07 ,-0.130630595574173
2007-06-08 ,-0.420012710831331
2007-06-11 ,0.217470035030494
2007-06-12 ,-0.0486624094373926
2007-06-13 ,-0.279724496492967
2007-06-14 ,0.214016180581065
2007-06-15 ,0.41885651918519
2007-06-18 ,-0.282931437005717
2007-06-19 ,0.285490175970104
2007-06-20 ,-0.0725518382619551
2007-06-21 ,-0.171675160988751
2007-06-22 ,-0.229442129302036
2007-06-25 ,0.616711391659364
2007-06-26 ,-0.262770267992712
2007-06-27 ,-0.394634035314624
2007-06-28 ,-0.177683814977875
2007-06-29 ,0.328576635458859
2007-07-02 ,0.0239576732291128
2007-07-03 ,0.783786417531761
2007-07-05 ,-0.369440716186749
2007-07-06 ,0.426609860667799
2007-07-09 ,0.905845359423456
2007-07-10 ,0.619213353999861
2007-07-11 ,-0.392846500922888
2007-07-12 ,0.0523363475007226
2007-07-13 ,0.413303708711242
2007-07-16 ,0.227944596759889
2007-07-17 ,-0.237603255170625
2007-07-18 ,0.0414263650522384
2007-07-19 ,-0.274750551057532
2007-07-20 ,-0.421937204877366
2007-07-23 ,-0.663338937495315
2007-07-24 ,-0.323565420002839
2007-07-25 ,-0.771432203133589
2007-07-26 ,-0.78104240630199
2007-07-27 ,0.123209143177429
2007-07-30 ,0.211844577806493
2007-07-31 ,0.988613046059387
2007-08-01 ,-0.400802977417384
2007-08-02 ,-0.774897693026529
2007-08-03 ,0.225541507771794
2007-08-06 ,-1.54075258892664
2007-08-07 ,-0.688877387996524
2007-08-08 ,0.370101844910344
2007-08-09 ,0.785737035723185
2007-08-10 ,-0.956952300225509
2007-08-13 ,-0.124447756853253
2007-08-14 ,-0.228254738015856
2007-08-15 ,-0.865785683055504
2007-08-16 ,-1.13158884887482
2007-08-17 ,-0.829634547021021
2007-08-20 ,0.806426267820399
2007-08-21 ,0.767750205005273
2007-08-22 ,0.860265048490393
2007-08-23 ,0.918736882038774
2007-08-24 ,-0.692330768213665
2007-08-27 ,0.94402129347606
2007-08-28 ,-0.970600448391684
2007-08-29 ,-0.814639633410188
2007-08-30 ,0.553617327052057
2007-08-31 ,-0.179699330050188
2007-09-04 ,0.364944328255518
2007-09-05 ,-0.198883519715525
2007-09-06 ,-0.507327408746341
2007-09-07 ,-0.328510469198018
2007-09-10 ,-1.15769415633461
2007-09-11 ,-1.23635110020416
2007-09-12 ,0.261149599115099
2007-09-13 ,-0.232849682492365
2007-09-14 ,0.392636555105042
2007-09-17 ,0.747270608512637
2007-09-18 ,0.0862748025522092
2007-09-19 ,1.97558103859887
2007-09-20 ,0.793998566686506
2007-09-21 ,-1.01081111088009
2007-09-24 ,0.23181282160561
2007-09-25 ,-0.284899522017922
2007-09-26 ,-0.862174583310262
2007-09-27 ,0.164387030029375
2007-09-28 ,0.564489128656187
2007-10-01 ,0.23496167503926
2007-10-02 ,0.380968245586554
2007-10-03 ,0.773523750809205
2007-10-04 ,0.493216766303801
2007-10-05 ,-0.816422159256987
2007-10-08 ,0.798929240198007
2007-10-09 ,-0.745245495731883
2007-10-10 ,-0.092683273861085
2007-10-11 ,0.247329436742388
2007-10-12 ,-0.778207613482088
2007-10-15 ,-0.395709195960522
2007-10-16 ,-0.532025897249522
2007-10-17 ,-0.419370983372832
2007-10-18 ,-0.721113695110138
2007-10-19 ,-0.167687276538862
2007-10-22 ,-0.700630302756175
2007-10-23 ,0.533704190168455
2007-10-24 ,0.1832072302835
2007-10-25 ,-0.0312149987622094
2007-10-26 ,-0.446769182381988
2007-10-29 ,0.181710186200833
2007-10-30 ,0.455597639913316
2007-10-31 ,-0.578936233136218
2007-11-01 ,-0.300085902797165
2007-11-02 ,-1.53959885453909
2007-11-05 ,-0.437655530226138
2007-11-06 ,-0.954931076237955
2007-11-07 ,0.616232883790149
2007-11-08 ,-0.818028417301291
2007-11-09 ,-0.358796331749937
2007-11-12 ,0.326310936785792
2007-11-13 ,-2.14800609428275
2007-11-14 ,1.22486512757094
2007-11-15 ,0.363091066045831
2007-11-16 ,-1.0221853262312
2007-11-19 ,-0.605996197315648
2007-11-20 ,-1.36189630593149
2007-11-21 ,0.0398542617652878
2007-11-23 ,0.661496978594868
2007-11-26 ,0.159231766632992
2007-11-27 ,-0.217230186751646
2007-11-28 ,-0.863202462118373
2007-11-29 ,1.51356131819649
2007-11-30 ,-0.0135050964406128
2007-12-03 ,1.12658260235888
2007-12-04 ,-0.217399632363522
2007-12-05 ,-0.335649566531428
2007-12-06 ,0.518677673061917
2007-12-07 ,0.571773729762973
2007-12-10 ,1.32437506676381
2007-12-11 ,0.971445519966553
2007-12-12 ,-1.51753361136153
2007-12-13 ,-0.0158480607925513
2007-12-14 ,0.270351937635787
2007-12-17 ,-0.183599378526552
2007-12-18 ,-0.133631726996254
2007-12-19 ,-0.0751052255307221
2007-12-20 ,0.181074157353083
2007-12-21 ,0.44928289922794
2007-12-24 ,-0.689289170890193
2007-12-26 ,0.648491016058256
2007-12-27 ,-0.115797343003086
2007-12-28 ,-0.460430244824234
2007-12-31 ,-0.406883646143478
2008-01-02 ,0.0582379078830821
2008-01-03 ,-0.576563751799565
2008-01-04 ,-1.62026420192845
2008-01-07 ,-1.40780887770194
2008-01-08 ,-1.41529419496415
2008-01-09 ,-1.21591695044874
2008-01-10 ,-0.445938149068552
2008-01-11 ,1.12632134723738
2008-01-14 ,-0.0258682980037142
2008-01-15 ,1.22989810796549
2008-01-16 ,-0.243589761213671
2008-01-17 ,0.0428802971965878
2008-01-18 ,-1.45806633494873
2008-01-22 ,0.691988919116168
2008-01-23 ,2.28003354077607
2008-01-24 ,2.10269058368263
2008-01-25 ,1.02566224515476
2008-01-28 ,0.67751671361981
2008-01-29 ,0.459082811650173
2008-01-30 ,0.43923178145083
2008-01-31 ,-0.762352275201695
2008-02-01 ,1.6434016136746
2008-02-04 ,1.73010652789568
2008-02-05 ,-1.08769680694566
2008-02-06 ,0.367245288421536
2008-02-07 ,-0.773192788003547
2008-02-08 ,1.187899349268
2008-02-11 ,0.677339679524848
2008-02-12 ,1.17341256703517
2008-02-13 ,-0.682269199706346
2008-02-14 ,0.444527248135445
2008-02-15 ,-0.550227180798455
2008-02-19 ,-0.0257951011878849
2008-02-20 ,0.32125103006216
2008-02-21 ,0.45644896640873
2008-02-22 ,-0.595855259521027
2008-02-25 ,0.222585930078071
2008-02-26 ,1.07678983379346
2008-02-27 ,0.939304712621685
2008-02-28 ,-0.723434041695813
2008-02-29 ,-0.792488352170233
2008-03-03 ,-1.41440264153891
2008-03-04 ,0.248788474286767
2008-03-05 ,0.473438508439849
2008-03-06 ,0.0636764110827827
2008-03-07 ,-0.397397889211195
2008-03-10 ,-0.550455032679221
2008-03-11 ,-1.00454417014157
2008-03-12 ,0.568991431331751
2008-03-13 ,0.11510674446673
2008-03-14 ,0.835399663465189
2008-03-17 ,0.131265182251317
2008-03-18 ,-1.68671203485182
2008-03-19 ,0.875967478560131
2008-03-20 ,-0.90492616663897
2008-03-24 ,-0.845095810288477
2008-03-25 ,2.36880212825659
2008-03-26 ,-0.0602631077265854
2008-03-27 ,-0.203356657735794
2008-03-28 ,-0.6738919224425
2008-03-31 ,-0.116986450310635
2008-04-01 ,0.0240210817180092
2008-04-02 ,0.89303917080255
2008-04-03 ,0.670871636259247
2008-04-04 ,0.135797994178228
2008-04-07 ,0.899070492689377
2008-04-08 ,-0.404147578899693
2008-04-09 ,0.36659864251222
2008-04-10 ,-1.11652306110513
2008-04-11 ,0.450666067116523
2008-04-14 ,-0.267186983724383
2008-04-15 ,0.283731750585388
2008-04-16 ,-0.565841051869564
2008-04-17 ,0.597407813088973
2008-04-18 ,0.688972851644938
2008-04-21 ,1.42151410666903
2008-04-22 ,0.574994399443144
2008-04-23 ,-1.51512900751846
2008-04-24 ,0.517967092261471
2008-04-25 ,-0.215831188111806
2008-04-28 ,0.636700866741873
2008-04-29 ,-0.151585314394149
2008-04-30 ,-0.428341140287307
2008-05-01 ,-1.1005160710029
2008-05-02 ,0.0290937135316968
2008-05-05 ,0.26225898784164
2008-05-06 ,0.0405324725530314
2008-05-07 ,1.16445259633272
2008-05-08 ,0.239750800304446
2008-05-09 ,0.692811038961177
2008-05-12 ,0.800070095230758
2008-05-13 ,0.65143248749885
2008-05-14 ,0.489506754963876
2008-05-15 ,0.545194694696909
2008-05-16 ,0.715715330703625
2008-05-19 ,0.0559554357965878
2008-05-20 ,-1.12032062132779
2008-05-21 ,0.293021650082193
2008-05-22 ,-1.14106542168797
2008-05-23 ,-0.275881028339329
2008-05-27 ,-0.446848774845243
2008-05-28 ,0.556228413534872
2008-05-29 ,1.46097224885441
2008-05-30 ,0.292582079047675
2008-06-02 ,0.218167233477903
2008-06-03 ,-0.337185716676276
2008-06-04 ,1.54333440341509
2008-06-05 ,0.849161472177217
2008-06-06 ,0.251484904297472
2008-06-09 ,-1.15976232736047
2008-06-10 ,-0.25195245769809
2008-06-11 ,0.255631094783332
2008-06-12 ,-0.693496254134612
2008-06-13 ,-0.978708001196555
2008-06-16 ,0.762355817468136
2008-06-17 ,0.765228717159147
2008-06-18 ,0.159004285410693
2008-06-19 ,-0.566214201010124
2008-06-20 ,1.27586824933629
2008-06-23 ,-0.283502073785541
2008-06-24 ,-0.599476505296404
2008-06-25 ,-0.183721358388754
2008-06-26 ,-0.0824335670356697
2008-06-27 ,-0.438991758719814
2008-06-30 ,0.081503405906879
2008-07-01 ,-1.42212534341519
2008-07-02 ,-0.350488865475889
2008-07-03 ,-1.08041725325514
2008-07-07 ,-1.26729643997654
2008-07-08 ,1.31144862981168
2008-07-09 ,-0.755848477801879
2008-07-10 ,0.514340679931102
2008-07-11 ,-1.50473223271675
2008-07-14 ,-0.148996284156055
2008-07-15 ,1.17154087509951
2008-07-16 ,0.0941055005795007
2008-07-17 ,0.198454385672062
2008-07-18 ,0.462671640759694
2008-07-21 ,-1.01656617828701
2008-07-22 ,0.373303633118449
2008-07-23 ,0.367522335854249
2008-07-24 ,0.00563425123999232
2008-07-25 ,-1.22892366014951
2008-07-28 ,-0.528984908818706
2008-07-29 ,1.16365099928577
2008-07-30 ,-0.190080252880841
2008-07-31 ,-0.996063615067687
2008-08-01 ,-0.999282197195056
2008-08-04 ,-0.351499988146981
2008-08-05 ,-1.65661331614808
2008-08-06 ,0.928835783197
2008-08-07 ,0.809036701271369
2008-08-08 ,0.162510704299664
2008-08-11 ,0.162496515742815
2008-08-12 ,0.747953805630571
2008-08-13 ,0.080683173129367
2008-08-14 ,0.616499026154727
2008-08-15 ,0.944842149292223
2008-08-18 ,0.0772197219914141
2008-08-19 ,-0.117973589548528
2008-08-20 ,-0.761536866703474
2008-08-21 ,-0.362722946701053
2008-08-22 ,-0.325840800659882
2008-08-25 ,0.558507272715111
2008-08-26 ,-0.429122564183677
2008-08-27 ,0.200061884212493
2008-08-28 ,0.174390665983081
2008-08-29 ,0.632879390966927
2008-09-02 ,0.019451128929352
2008-09-03 ,-0.232501120473019
2008-09-04 ,-0.636660053584606
2008-09-05 ,0.266662866579983
2008-09-08 ,-0.346054035076509
2008-09-09 ,-1.04155515612805
2008-09-10 ,0.15455702120902
2008-09-11 ,0.736755352317379
2008-09-12 ,-0.13056895799786
2008-09-15 ,0.00582807685866207
2008-09-16 ,1.09959775967313
2008-09-17 ,0.693619267614183
2008-09-18 ,-0.0603006936671966
2008-09-19 ,0.741372143605149
2008-09-22 ,-0.863697679618595
2008-09-23 ,-1.43078245111328
2008-09-24 ,-0.343228422713656
2008-09-25 ,0.197608670781142
2008-09-26 ,-1.31399504859507
2008-09-29 ,-1.3968004487325
2008-09-30 ,-0.480008517818298
2008-10-01 ,-0.150001121191599
2008-10-02 ,-1.62480555807227
2008-10-03 ,-2.52336151092904
2008-10-06 ,-1.33488710847371
2008-10-07 ,-1.01882605422005
2008-10-08 ,0.0155701408483066
2008-10-09 ,-0.00519557964489848
2008-10-10 ,-0.00518179593317521
2008-10-13 ,0.786632420986816
2008-10-14 ,-1.46118833119761
2008-10-15 ,0.366489981467657
2008-10-16 ,0.0019264250066992
2008-10-17 ,1.45042897563755
2008-10-20 ,0.369541870093656
2008-10-21 ,-1.48104411021987
2008-10-22 ,0.796367758166227
2008-10-23 ,-0.853321589370478
2008-10-24 ,-2.43929801659915
2008-10-27 ,1.7499123673216
2008-10-28 ,0.788096457427048
2008-10-29 ,-1.15788711491568
2008-10-30 ,2.9860596506199
2008-10-31 ,0.368066235542044
2008-11-03 ,0.618824130795771
2008-11-04 ,-1.50333235704386
2008-11-05 ,-0.790574177523067
2008-11-06 ,0.648101151735684
2008-11-07 ,-1.55637485067064
2008-11-10 ,-0.232196536404184
2008-11-11 ,0.0578918719671956
2008-11-12 ,-1.7541305999693
2008-11-13 ,-1.75741126928853
2008-11-14 ,1.04626144231308
2008-11-17 ,-0.619874654321981
2008-11-18 ,0.731927064318001
2008-11-19 ,-0.636697888238583
2008-11-20 ,-0.0434633663507441
2008-11-21 ,-0.24423343149928
2008-11-24 ,0.227181694152646
2008-11-25 ,0.959403100150627
2008-11-26 ,-0.120645074116266
2008-11-28 ,2.96626588363694
2008-12-01 ,-1.92201911783424
2008-12-02 ,-0.825739837436976
2008-12-03 ,0.0133113847147778
2008-12-04 ,-0.587159911623942
2008-12-05 ,-0.51778978158712
2008-12-08 ,0.693201919055281
2008-12-09 ,2.5155175750646
2008-12-10 ,2.04293016971912
2008-12-11 ,3.35502523186394
2008-12-12 ,-1.28914029039446
2008-12-15 ,1.12333258997508
2008-12-16 ,-0.659703809794993
2008-12-17 ,0.699284094003705
2008-12-18 ,2.43391469099056
2008-12-19 ,-1.585340948963
2008-12-22 ,-0.232970117024364
2008-12-23 ,-1.77559567085298
2008-12-24 ,0.724692008231178
2008-12-26 ,-0.067164898635022
2008-12-29 ,0.879123072388864
2008-12-30 ,-0.565616879233151
2008-12-31 ,0.983368444819795
2009-01-02 ,-0.406821094959629
2009-01-05 ,2.58001388175514
2009-01-06 ,2.03175020054877
2009-01-07 ,0.493650317105118
2009-01-08 ,-0.981005434284534
2009-01-09 ,0.0962092285140363
2009-01-12 ,-1.41149391249859
2009-01-13 ,-1.50205216971554
2009-01-14 ,0.4713655313006
2009-01-15 ,-0.970973453295123
2009-01-16 ,2.208132333903
2009-01-20 ,1.55036981728388
2009-01-21 ,0.166557706619365
2009-01-22 ,-1.41467892025401
2009-01-23 ,-0.320913803683085
2009-01-26 ,0.80595274120025
2009-01-27 ,0.796836001826832
2009-01-28 ,-0.609090810964608
2009-01-29 ,0.253471417306181
2009-01-30 ,-0.524315982014835
2009-02-02 ,-1.16089242996008
2009-02-03 ,-0.482831098116868
2009-02-04 ,1.87204084537516
2009-02-05 ,0.551394537808045
2009-02-06 ,0.767733952023132
2009-02-09 ,1.35200555479537
2009-02-10 ,-0.954015268043169
2009-02-11 ,1.03323573974954
2009-02-12 ,-1.94511904559255
2009-02-13 ,1.56123363671756
2009-02-17 ,1.19128894137321
2009-02-18 ,-0.434282702991474
2009-02-19 ,-0.449184359410591
2009-02-20 ,1.91474415619623
2009-02-23 ,0.897379202641141
2009-02-24 ,-2.03487827801122
2009-02-25 ,-0.00397327925356812
2009-02-26 ,1.10286463835343
2009-02-27 ,-0.259627201476274
2009-03-02 ,2.55801005793719
2009-03-03 ,-1.67544054952627
2009-03-04 ,1.75888505407782
2009-03-05 ,2.77372783631295
2009-03-06 ,-0.231567838043768
2009-03-09 ,-0.163085127155089
2009-03-10 ,0.963223538428635
2009-03-11 ,-0.10504563569075
2009-03-12 ,0.435475050808344
2009-03-13 ,-2.39504189498708
2009-03-16 ,-1.29956066290797
2009-03-17 ,0.456617378764135
2009-03-18 ,-0.740407342166776
2009-03-19 ,-2.12926328249323
2009-03-20 ,2.71883599978519
2009-03-23 ,-1.3876078369536
2009-03-24 ,0.860962339546281
2009-03-25 ,2.11637860384523
2009-03-26 ,-0.784382503753255
2009-03-27 ,2.68290510162695
2009-03-30 ,-0.635738189820718
2009-03-31 ,-0.582479515479053
2009-04-01 ,-1.50053613861647
2009-04-02 ,-0.0197694833084358
2009-04-03 ,1.85394696023973
2009-04-06 ,0.821620320063065
2009-04-07 ,0.639020750649481
2009-04-08 ,-1.66283840339508
2009-04-09 ,0.735559900750564
2009-04-13 ,-0.317854964195062
2009-04-14 ,-0.645365991042508
2009-04-15 ,1.86127886685199
2009-04-16 ,-1.29818983885979
2009-04-17 ,2.35989700411721
2009-04-20 ,0.665609732456754
2009-04-21 ,-0.116854465815314
2009-04-22 ,-0.573507277411231
2009-04-23 ,2.82593435295006
2009-04-24 ,-0.999119241883447
2009-04-27 ,1.14743146213396
2009-04-28 ,0.219094448816167
2009-04-29 ,-0.548732520203863
2009-04-30 ,0.482504199030518
2009-05-01 ,1.49248219435853
2009-05-04 ,0.236344533105904
2009-05-05 ,-1.67208397244441
2009-05-06 ,-0.165835286184847
2009-05-07 ,-4.43312746972545
2009-05-08 ,-0.841099927612163
2009-05-11 ,-0.684502768296687
2009-05-12 ,-0.19951616611403
2009-05-13 ,-0.946058438188308
2009-05-14 ,-1.92798957611358
2009-05-15 ,0.127335046865157
2009-05-18 ,0.467103533147167
2009-05-19 ,1.2105366960764
2009-05-20 ,1.21948422661171
2009-05-21 ,0.203849612869793
2009-05-22 ,-1.95744649543589
2009-05-26 ,0.112030095685324
2009-05-27 ,1.79425456315938
2009-05-28 ,0.0988833813118246
2009-05-29 ,-1.09533083064648
2009-06-01 ,0.504640136694891
2009-06-02 ,2.96764162768892
2009-06-03 ,0.0167942963883895
2009-06-04 ,-1.19381390179356
2009-06-05 ,-0.379412391255858
2009-06-08 ,0.473536454189895
2009-06-09 ,-0.932798946981258
2009-06-10 ,1.359706994114
2009-06-11 ,1.0412771093457
2009-06-12 ,-1.01924624217103
2009-06-15 ,0.0316085234090736
2009-06-16 ,0.445692337436334
2009-06-17 ,-0.777494894512582
2009-06-18 ,0.256744370638621
2009-06-19 ,-0.500506822313104
2009-06-22 ,-0.281786364918516
2009-06-23 ,-0.52217467488911
2009-06-24 ,-0.955333821807096
2009-06-25 ,0.513162713495773
2009-06-26 ,0.586916366694
2009-06-29 ,0.0416312522803745
2009-06-30 ,-0.501920359623535
2009-07-01 ,-0.180481275631608
2009-07-02 ,0.129402260043632
2009-07-06 ,0.0963684499003052
2009-07-07 ,-0.701257151869088
2009-07-08 ,-0.348564344833403
2009-07-09 ,1.01681334106814
2009-07-10 ,0.198192367834737
2009-07-13 ,0.541458626466221
2009-07-14 ,-0.912808429015609
2009-07-15 ,0.517308774033514
2009-07-16 ,-0.215104239636033
2009-07-17 ,0.950024315959249
2009-07-20 ,0.307740205654427
2009-07-21 ,0.0682810753151021
2009-07-22 ,0.151248495959852
2009-07-23 ,0.0352502318139878
2009-07-24 ,0.0503348528442908
2009-07-27 ,0.570734846824357
2009-07-28 ,-0.72919619679953
2009-07-29 ,0.333022781885692
2009-07-30 ,-0.684411510775729
2009-07-31 ,-0.300567185010367
2009-08-03 ,0.117800688489876
2009-08-04 ,-0.706882638573618
2009-08-05 ,-0.582984135270786
2009-08-06 ,-0.768526712361002
2009-08-07 ,0.037794698234265
2009-08-10 ,0.304117051387527
2009-08-11 ,0.228473578054547
2009-08-12 ,1.29464801606013
2009-08-13 ,0.265389587209145
2009-08-14 ,-0.535271027287988
2009-08-17 ,-0.579279532222118
2009-08-18 ,0.332795158602945
2009-08-19 ,-0.262968785384289
2009-08-20 ,0.00848708591676123
2009-08-21 ,-0.384701629279563
2009-08-24 ,-0.291668192493023
2009-08-25 ,0.352092084802686
2009-08-26 ,-0.102479889570422
2009-08-27 ,0.268380732588002
2009-08-28 ,0.811733260078509
2009-08-31 ,-0.0300118044805391
2009-09-01 ,-0.397461031483203
2009-09-02 ,-0.0442555720949668
2009-09-03 ,-0.263184635738333
2009-09-04 ,0.608070374945842
2009-09-08 ,0.145702362213828
2009-09-09 ,0.591577418212948
2009-09-10 ,0.32751364300575
2009-09-11 ,0.128205618687919
2009-09-14 ,0.348490926567489
2009-09-15 ,0.614690131127355
2009-09-16 ,0.561723641433513
2009-09-17 ,-0.304850580028794
2009-09-18 ,0.00401357451869476
2009-09-21 ,0.399147150053707
2009-09-22 ,-0.00451663566143721
2009-09-23 ,0.626297107430554
2009-09-24 ,0.00550615604853022
2009-09-25 ,-0.668159535347629
2009-09-28 ,0.171869798388994
2009-09-29 ,-0.00890752296999023
2009-09-30 ,0.970822191919508
2009-10-01 ,-0.298055992525916
2009-10-02 ,-0.374858709840046
2009-10-05 ,-0.153769764825066
2009-10-06 ,0.0101803023232506
2009-10-07 ,0.00295018811541102
2009-10-08 ,-0.753580162310347
2009-10-09 ,0.70045272215751
2009-10-12 ,0.325289074203619
2009-10-13 ,0.0167475999448433
2009-10-14 ,0.492764368354772
2009-10-15 ,-0.401888918632091
2009-10-16 ,0.470971869937673
2009-10-19 ,0.327813423226563
2009-10-20 ,0.043445508640772
2009-10-21 ,-0.0598396481274841
2009-10-22 ,-0.287809979994231
2009-10-23 ,-0.125104247471085
2009-10-26 ,-0.364937753873399
2009-10-27 ,1.47677441877725
2009-10-28 ,-0.715968224433025
2009-10-29 ,-1.15849715584379
2009-10-30 ,-1.64366379752234
2009-11-02 ,0.939082373295028
2009-11-03 ,-0.314743851170983
2009-11-04 ,0.459682404750994
2009-11-05 ,0.376224553935615
2009-11-06 ,0.0733908161636941
2009-11-09 ,0.472356869530251
2009-11-10 ,-0.603626214121648
2009-11-11 ,0.172414162933277
2009-11-12 ,-0.102889278188008
2009-11-13 ,0.447134747648787
2009-11-16 ,-0.389085804310619
2009-11-17 ,0.338000575996223
2009-11-18 ,-0.283066328501416
2009-11-19 ,-0.263631646751129
2009-11-20 ,0.274315485256827
2009-11-23 ,-0.164032229011567
2009-11-24 ,-0.447159609040458
2009-11-25 ,0.235612867350974
2009-11-27 ,-0.00581945248311505
2009-11-30 ,0.689072140487906
2009-12-01 ,-1.64979276436244
2009-12-02 ,0.247366128637923
2009-12-03 ,0.392308816949332
2009-12-04 ,0.854735866299322
2009-12-07 ,0.472204881148132
2009-12-08 ,1.10851738270416
2009-12-09 ,0.259151220909969
2009-12-10 ,-0.0301832243747456
2009-12-11 ,0.115535074656574
2009-12-14 ,0.323165314816786
2009-12-15 ,0.197658728071374
2009-12-16 ,0.357546085837088
2009-12-17 ,0.447827671486538
2009-12-18 ,0.362783567693219
2009-12-21 ,-0.716499124963255
2009-12-22 ,0.444844194309357
2009-12-23 ,0.00079972019695453
2009-12-24 ,0.565438319155185
2009-12-28 ,-0.175970686419022
2009-12-29 ,-0.0956805464887063
2009-12-30 ,-0.130381240201031
2009-12-31 ,-0.0739229978263802
2010-01-04 ,-0.692787188050774
2010-01-05 ,-0.938707562888844
2010-01-06 ,-0.722495129224889
2010-01-07 ,-0.425972300756235
2010-01-08 ,-1.02373619743443
2010-01-11 ,0.144077737262506
2010-01-12 ,0.685244741357014
2010-01-13 ,0.00319442281335564
2010-01-14 ,0.0990951990530228
2010-01-15 ,-0.824493503642372
2010-01-19 ,0.221446319993803
2010-01-20 ,-0.036315663411949
2010-01-21 ,-0.265211064898353
2010-01-22 ,0.501083649406786
2010-01-25 ,0.50507203566441
2010-01-26 ,-0.119893074905782
2010-01-27 ,1.04889322604637
2010-01-28 ,-0.254010207392728
2010-01-29 ,0.35993895360263
2010-02-01 ,-0.692171790502109
2010-02-02 ,-0.273114875336681
2010-02-03 ,0.748981206121547
2010-02-04 ,-0.392220000593207
2010-02-05 ,0.411350033904465
2010-02-08 ,-0.244626587357919
2010-02-09 ,0.414127603212165
2010-02-10 ,0.182830870125389
2010-02-11 ,0.0184927561892436
2010-02-12 ,0.428481748229648
2010-02-16 ,0.370590307439531
2010-02-17 ,0.166516146347817
2010-02-18 ,0.102770158752598
2010-02-19 ,-0.0850819227304573
2010-02-22 ,-0.127467233117662
2010-02-23 ,0.317516437290602
2010-02-24 ,-0.0248750685135707
2010-02-25 ,0.0391980921791527
2010-02-26 ,0.298789497950288
2010-03-01 ,-0.195165090735151
2010-03-02 ,1.27654357842818
2010-03-03 ,-0.61164624779864
2010-03-04 ,-0.836396442845878
2010-03-05 ,0.386950897705968
2010-03-08 ,-0.275469091537243
2010-03-09 ,0.0746975345803019
2010-03-10 ,0.471155458870664
2010-03-11 ,0.347705866965797
2010-03-12 ,-0.117151838805878
2010-03-15 ,-0.18427405071545
2010-03-16 ,0.174451925555319
2010-03-17 ,-0.632256940573734
2010-03-18 ,0.204634262088378
2010-03-19 ,0.25561198864639
2010-03-22 ,0.189057599832385
2010-03-23 ,0.922226093605944
2010-03-24 ,-0.238588958081187
2010-03-25 ,-0.383994433668786
2010-03-26 ,0.39752003864597
2010-03-29 ,-0.0641730780214938
2010-03-30 ,-0.509780172603495
2010-03-31 ,0.018273100512699
2010-04-01 ,-0.885589023388049
2010-04-05 ,-0.396090506176771
2010-04-06 ,0.914960511804315
2010-04-07 ,0.272333771387407
2010-04-08 ,-0.105656689733245
2010-04-09 ,-0.493574734090643
2010-04-12 ,0.251390438136371
2010-04-13 ,0.126159667957599
2010-04-14 ,0.588908137346491
2010-04-15 ,-0.393112855347757
2010-04-16 ,0.576460411684865
2010-04-19 ,0.371249215349963
2010-04-20 ,-0.753091796654759
2010-04-21 ,0.287437486230892
2010-04-22 ,0.457372275573218
2010-04-23 ,2.02677601621945
2010-04-26 ,0.314682481136371
2010-04-27 ,0.710283478331415
2010-04-28 ,-0.07156949082853
2010-04-29 ,-0.67764364413354
2010-04-30 ,0.441951130838985
2010-05-03 ,-1.33465541209981
2010-05-04 ,0.91399450688252
2010-05-05 ,-0.492804116585462
2010-05-06 ,0.0820728581139105
2010-05-07 ,-0.258342426867266
2010-05-10 ,-0.765773560803142
2010-05-11 ,0.386433972160903
2010-05-12 ,-0.296433640035753
2010-05-13 ,1.3007611910706
2010-05-14 ,-0.278296853965311
2010-05-17 ,-0.0621069323412008
2010-05-18 ,0.577350327979333
2010-05-19 ,-0.227268162370285
2010-05-20 ,0.192809160263956
2010-05-21 ,0.486253083774804
2010-05-24 ,-0.0723517676878229
2010-05-25 ,0.399615577753068
2010-05-26 ,-0.0940194604825635
2010-05-27 ,-0.20307408273921
2010-05-28 ,-0.238102067700435
2010-06-01 ,0.0538565948074156
2010-06-02 ,-0.862833388628218
2010-06-03 ,-0.440721184104486
2010-06-04 ,0.622591628160301
2010-06-07 ,0.186583450130608
2010-06-08 ,-0.556024576873218
2010-06-09 ,-0.892082744372023
2010-06-10 ,0.706037923529184
2010-06-11 ,-0.554258246459864
2010-06-14 ,0.357470153448057
2010-06-15 ,0.621690902769442
2010-06-16 ,0.112073028272143
2010-06-17 ,0.385803308556621
2010-06-18 ,-0.349903077697319
2010-06-21 ,-0.691932740004991
2010-06-22 ,-0.602048143434097
2010-06-23 ,-0.00879808211278392
2010-06-24 ,-0.0797597314705088
2010-06-25 ,0.0606321836442834
2010-06-28 ,-0.111747258780014
2010-06-29 ,0.255180651983338
2010-06-30 ,-0.0142864483163529
2010-07-01 ,0.270509833913601
2010-07-02 ,0.833864478040882
2010-07-06 ,-0.205725290628995
2010-07-07 ,-0.84015286718157
2010-07-08 ,0.0507215566453788
2010-07-09 ,0.0908620423442015
2010-07-12 ,-0.489727339096174
2010-07-13 ,-0.0270159889345912
2010-07-14 ,0.229978088038887
2010-07-15 ,0.136884793851904
2010-07-16 ,0.280164157448134
2010-07-19 ,0.281257345102647
2010-07-20 ,0.0267983241598221
2010-07-21 ,0.403910872833845
2010-07-22 ,-0.392597602011891
2010-07-23 ,-1.51056613767663
2010-07-26 ,0.481914183516355
2010-07-27 ,0.387424695228703
2010-07-28 ,-0.26040618984414
2010-07-29 ,-0.429729216756421
2010-07-30 ,-0.131736260274635
2010-08-02 ,0.0439713570757703
2010-08-03 ,-0.34928272564149
2010-08-04 ,-0.633697285215136
2010-08-05 ,1.19428438026568
2010-08-06 ,0.034603411907111
2010-08-09 ,0.46226468043167
2010-08-10 ,0.200976156216031
2010-08-11 ,-0.702170599853034
2010-08-12 ,0.756067787412352
2010-08-13 ,0.321101794368659
2010-08-16 ,-0.125728059789627
2010-08-17 ,-0.122766238692888
2010-08-18 ,0.282737317421663
2010-08-19 ,0.230689829845861
2010-08-20 ,0.161099087557118
2010-08-23 ,0.397200066517615
2010-08-24 ,-0.155211343172935
2010-08-25 ,-0.469258853784977
2010-08-26 ,0.728756417943348
2010-08-27 ,-0.702515164778521
2010-08-30 ,-0.301353312865129
2010-08-31 ,-0.301542376357555
2010-09-01 ,-0.882931724113178
2010-09-02 ,0.523889474725544
2010-09-03 ,0.838931519325653
2010-09-07 ,0.070289776380804
2010-09-08 ,0.145880954488584
2010-09-09 ,-0.000551287119138634
2010-09-10 ,-0.839602394588316
2010-09-13 ,-0.132371693516197
2010-09-14 ,0.191984041113347
2010-09-15 ,-0.0805577495370209
2010-09-16 ,-0.195158697377408
2010-09-17 ,0.346002626803175
2010-09-20 ,-0.344965531302422
2010-09-21 ,0.207573242587586
2010-09-22 ,-0.580203041385094
2010-09-23 ,-0.284559170912003
2010-09-24 ,0.590772318910025
2010-09-27 ,0.383779403711377
2010-09-28 ,0.560119587767018
2010-09-29 ,0.24235695850972
2010-09-30 ,0.856940791174998
2010-10-01 ,-0.81540179506713
2010-10-04 ,-0.635008797781353
2010-10-05 ,-0.341459990596278
2010-10-06 ,-0.373994674659348
2010-10-07 ,-0.970274534582827
2010-10-08 ,0.590667821603515
2010-10-11 ,0.616719384995529
2010-10-12 ,0.322953309467324
2010-10-13 ,0.146030983985269
2010-10-14 ,-0.730294428218061
2010-10-15 ,0.0373321588959169
2010-10-18 ,1.0749677715855
2010-10-19 ,-0.782790129854359
2010-10-20 ,0.0209286937110088
2010-10-21 ,-0.136082571346437
2010-10-22 ,0.0709619798688025
2010-10-25 ,0.706233266299838
2010-10-26 ,0.403243383105972
2010-10-27 ,0.610158165594881
2010-10-28 ,-0.0115548546055023
2010-10-29 ,-0.64514196339412
2010-11-01 ,0.290086007359936
2010-11-02 ,0.115547267984728
2010-11-03 ,0.0994506958183797
2010-11-04 ,-0.300534418686441
2010-11-05 ,-0.94671526014405
2010-11-08 ,0.528858723165651
2010-11-09 ,0.362289591234648
2010-11-10 ,0.140008346363259
2010-11-11 ,0.206748091861082
2010-11-12 ,0.229525503790077
2010-11-15 ,0.129068026730265
2010-11-16 ,-0.130012825442537
2010-11-17 ,0.856580127865956
2010-11-18 ,0.432213524928965
2010-11-19 ,-0.464413300291373
2010-11-22 ,0.925967821133416
2010-11-23 ,1.68407239462379
2010-11-24 ,0.71933029951574
2010-11-26 ,0.193871676172022
2010-11-29 ,0.616448884825342
2010-11-30 ,-0.21540839703542
2010-12-01 ,0.0957859128544451
2010-12-02 ,-0.944809124174945
2010-12-03 ,-0.826699674652731
2010-12-06 ,-0.332111844953583
2010-12-07 ,0.441185028636823
2010-12-08 ,0.0447448924716741
2010-12-09 ,-1.14813267963111
2010-12-10 ,-0.239564278038012
2010-12-13 ,0.0575661261706655
2010-12-14 ,-0.993585301949621
2010-12-15 ,0.0613470314578456
2010-12-16 ,0.421464677355965
2010-12-17 ,0.154504695358759
2010-12-20 ,0.402112693486427
2010-12-21 ,-0.478641218448295
2010-12-22 ,-0.657510429135853
2010-12-23 ,-0.89016237818086
2010-12-27 ,-0.156925976259893
2010-12-28 ,0.156981424832213
2010-12-29 ,-0.198602022796321
2010-12-30 ,-0.0557181995311959
2010-12-31 ,0.311827711526129
2011-01-03 ,-0.658197105940166
2011-01-04 ,-0.276484073787764
2011-01-05 ,-0.0763921741548568
2011-01-06 ,0.181497920305264
2011-01-07 ,0.754465590635856
2011-01-10 ,0.458786116701364
2011-01-11 ,0.0934431945518943
2011-01-12 ,0.115350959153964
2011-01-13 ,-0.434846143013964
2011-01-14 ,0.268524380296942
2011-01-18 ,-0.215813390798895
2011-01-19 ,0.314190180530156
2011-01-20 ,-0.333931470953316
2011-01-21 ,0.295669769520511
2011-01-24 ,-1.05821774193876
2011-01-25 ,0.324693451527613
2011-01-26 ,0.205712116667971
2011-01-27 ,0.283389843659404
2011-01-28 ,0.0824291752795713
2011-01-31 ,-0.415482294421631
2011-02-01 ,-0.460344466231099
2011-02-02 ,-0.341207161384055
2011-02-03 ,0.452797204158584
2011-02-04 ,1.29076897630039
2011-02-07 ,1.3364753265236
2011-02-08 ,-0.208108327205545
2011-02-09 ,0.304182806089299
2011-02-10 ,0.554287404690721
2011-02-11 ,0.190450513430029
2011-02-14 ,0.339718340363223
2011-02-15 ,-0.227146410303675
2011-02-16 ,-0.130596516811938
2011-02-17 ,-0.171113727078231
2011-02-18 ,0.247109201051265
2011-02-22 ,-0.612649055970272
2011-02-23 ,-0.676661455261039
2011-02-24 ,-1.21802176773413
2011-02-25 ,1.32987716189563
2011-02-28 ,-0.194738843517686
2011-03-01 ,-1.07097718472126
2011-03-02 ,-0.193584288760081
2011-03-03 ,0.434648533774783
2011-03-04 ,0.607642103844042
2011-03-07 ,0.347357369692764
2011-03-08 ,-0.231188591481299
2011-03-09 ,0.723773124794408
2011-03-10 ,-0.5125898349896
2011-03-11 ,0.229429335804139
2011-03-14 ,0.492175046675855
2011-03-15 ,-0.00484780929638985
2011-03-16 ,0.00795684888851329
2011-03-17 ,0.528548251924835
2011-03-18 ,-0.937454414659842
2011-03-21 ,-0.315913307796252
2011-03-22 ,0.454295685651205
2011-03-23 ,-0.204654678967963
2011-03-24 ,0.806938828674058
2011-03-25 ,0.644300507754582
2011-03-28 ,-0.00218897419963471
2011-03-29 ,0.132611029108955
2011-03-30 ,0.306598325332867
2011-03-31 ,0.102080971414331
2011-04-01 ,-0.162397649906481
2011-04-04 ,-0.347717962855993
2011-04-05 ,-0.336039453538189
2011-04-06 ,0.754600653580161
2011-04-07 ,-0.222433557445185
2011-04-08 ,-0.247769443261783
2011-04-11 ,-0.0569076755144039
2011-04-12 ,-0.291907159559408
2011-04-13 ,0.697489111554559
2011-04-14 ,1.14897121830457
2011-04-15 ,0.124060095907595
2011-04-18 ,0.324184379686726
2011-04-19 ,0.552264446909006
2011-04-20 ,0.400397002141593
2011-04-21 ,0.451863846280499
2011-04-25 ,-0.339232255606132
2011-04-26 ,0.283803706787221
2011-04-27 ,-0.161171165731639
2011-04-28 ,-0.505094626089238
2011-04-29 ,-0.622096714792159
2011-05-02 ,-0.704631267466842
2011-05-03 ,-0.240186140492572
2011-05-04 ,-0.28042365576335
2011-05-05 ,0.175653397507031
2011-05-06 ,1.17659380751337
2011-05-09 ,-0.341352646325841
2011-05-10 ,0.401135373189725
2011-05-11 ,0.0328997242271547
2011-05-12 ,0.602895455084458
2011-05-13 ,0.12073336067178
2011-05-16 ,0.184892197580758
2011-05-17 ,-0.402910371509189
2011-05-18 ,-0.530662323875334
2011-05-19 ,0.780618602974631
2011-05-20 ,-0.175862721902341
2011-05-23 ,-0.202538776706406
2011-05-24 ,0.0331449090989198
2011-05-25 ,-0.568964429613691
2011-05-26 ,0.110993370386836
2011-05-27 ,0.260504397871921
2011-05-31 ,-0.307735221161543
2011-06-01 ,-0.415059519903032
2011-06-02 ,-0.00702034199571436
2011-06-03 ,-0.224769843358133
2011-06-06 ,-1.05945739401596
2011-06-07 ,-0.216675625063704
2011-06-08 ,0.220200942118157
2011-06-09 ,-1.21635821768736
2011-06-10 ,-0.0585677075945791
2011-06-13 ,-0.200728623941472
2011-06-14 ,-0.238176758914724
2011-06-15 ,0.61291245812354
2011-06-16 ,0.409762873622285
2011-06-17 ,-0.633761246524869
2011-06-20 ,-0.698465666929935
2011-06-21 ,0.779055093066375
2011-06-22 ,0.871984917441133
2011-06-23 ,-0.357213782941349
2011-06-24 ,1.35840429450858
2011-06-27 ,0.0156600782050297
2011-06-28 ,0.247629823740939
2011-06-29 ,0.366832717578603
2011-06-30 ,-1.03730868169282
2011-07-01 ,-0.0210683101059436
2011-07-05 ,0.274727760268479
2011-07-06 ,0.45381995413251
2011-07-07 ,0.304114680001816
2011-07-08 ,0.36794891801533
2011-07-11 ,0.336806460601314
2011-07-12 ,-0.134152397004789
2011-07-13 ,0.0488707931284902
2011-07-14 ,0.231677542345072
2011-07-15 ,-0.371992420250939
2011-07-18 ,0.11989656349283
2011-07-19 ,0.470975553542493
2011-07-20 ,0.451915260304863
2011-07-21 ,-0.468632261949493
2011-07-22 ,-2.303893183476
2011-07-25 ,0.706246674328562
2011-07-26 ,-0.536524197674396
2011-07-27 ,0.269395075447783
2011-07-28 ,-0.770014106576915
2011-07-29 ,0.0287451552966002
2011-08-01 ,-0.279200502193793
2011-08-02 ,-0.111337615899863
2011-08-03 ,-0.98767845649574
2011-08-04 ,1.09728923274842
2011-08-05 ,-0.927583666046304
2011-08-08 ,0.0381237243388779
2011-08-09 ,0.268876768582319
2011-08-10 ,-0.1414153369023
2011-08-11 ,1.56771617031097
2011-08-12 ,0.37267119171922
2011-08-15 ,1.00868756947286
2011-08-16 ,-0.639951898766903
2011-08-17 ,0.093616157743119
2011-08-18 ,-1.00941200593343
2011-08-19 ,-0.315020844853651
2011-08-22 ,0.0567732977824944
2011-08-23 ,0.60096684469597
2011-08-24 ,0.918166777079213
2011-08-25 ,-0.289005932394639
2011-08-26 ,-0.462364242701903
2011-08-29 ,1.29820423854753
2011-08-30 ,0.403885977483416
2011-08-31 ,0.520065209831905
2011-09-01 ,-0.956725803987057
2011-09-02 ,-0.3747574797729
2011-09-06 ,0.0496099227343286
2011-09-07 ,0.972317370343683
2011-09-08 ,0.688022222023042
2011-09-09 ,0.0367831137548417
2011-09-12 ,0.201515678791905
2011-09-13 ,0.510869464236352
2011-09-14 ,0.91909694149916
2011-09-15 ,0.538531556568829
2011-09-16 ,-0.771408000158311
2011-09-19 ,-0.159914709521318
2011-09-20 ,1.07167799498852
2011-09-21 ,-1.21256241701217
2011-09-22 ,0.267070760056614
2011-09-23 ,-0.0626553330600473
2011-09-26 ,0.698114408906576
2011-09-27 ,-0.269970216238812
2011-09-28 ,0.172727835992553
2011-09-29 ,-0.561643624733783
2011-09-30 ,-2.36590136004652
2011-10-03 ,-0.19180510826171
2011-10-04 ,-0.0889571259069542
2011-10-05 ,1.74203451253946
2011-10-06 ,0.903008323237216
2011-10-07 ,0.268581988748425
2011-10-10 ,0.369867211342658
2011-10-11 ,-0.258334015542646
2011-10-12 ,0.507206193716339
2011-10-13 ,-0.924194954303981
2011-10-14 ,1.16453779431259
2011-10-17 ,-0.421992261188743
2011-10-18 ,-0.683483881373782
2011-10-19 ,-0.953749285534351
2011-10-20 ,-0.440483787800401
2011-10-21 ,-0.307402107113286
2011-10-24 ,0.335528092159878
2011-10-25 ,1.96248981093259
2011-10-26 ,-0.445014459401817
2011-10-27 ,-0.396849870375674
2011-10-28 ,-0.442735247274282
2011-10-31 ,0.553457402721087
2011-11-01 ,-1.37167926167209
2011-11-02 ,0.43078217635479
2011-11-03 ,0.0725724975959667
2011-11-04 ,0.0599477814000149
2011-11-07 ,1.08527495288752
2011-11-08 ,-0.686224076811782
2011-11-09 ,-0.423491448193896
2011-11-10 ,-0.264375480709446
2011-11-11 ,-0.0229969751590759
2011-11-14 ,0.405096980966325
2011-11-15 ,0.0421060367304663
2011-11-16 ,0.558994002126359
2011-11-17 ,-0.212980158093073
2011-11-18 ,-1.21534100807497
2011-11-21 ,-0.402833247012055
2011-11-22 ,0.068341695574958
2011-11-23 ,-0.0286603794316127
2011-11-25 ,-0.251092018421478
2011-11-28 ,-0.309863323317671
2011-11-29 ,0.431835092461869
2011-11-30 ,0.327717381971285
2011-12-01 ,-0.273262413631624
2011-12-02 ,0.634948270331966
2011-12-05 ,-0.139538175233502
2011-12-06 ,0.293396376033801
2011-12-07 ,-0.826659239651649
2011-12-08 ,-0.589464071690687
2011-12-09 ,-0.0739107480333384
2011-12-12 ,0.289650217435864
2011-12-13 ,-0.0621334276263332
2011-12-14 ,-1.37528772949612
2011-12-15 ,-0.957367035281142
2011-12-16 ,-0.60994560257054
2011-12-19 ,0.0862658045898019
2011-12-20 ,-0.281118335405254
2011-12-21 ,0.604407286870433
2011-12-22 ,-0.0502537999632794
2011-12-23 ,0.00971424259721973
2011-12-27 ,0.201165181099544
2011-12-28 ,0.282818621786096
2011-12-29 ,-0.351300967228877
2011-12-30 ,-0.45898442251849
2012-01-03 ,-0.301636801701157
2012-01-04 ,-0.611030597981902
2012-01-05 ,0.835829784600418
2012-01-06 ,1.00627328138128
2012-01-09 ,0.531882072009515
2012-01-10 ,0.935082588307752
2012-01-11 ,0.936311335621636
2012-01-12 ,0.682761848642717
2012-01-13 ,0.658694061387975
2012-01-17 ,0.523931163818981
2012-01-18 ,0.550211694008164
2012-01-19 ,0.145295330730203
2012-01-20 ,0.251322926435876
2012-01-23 ,0.0838553153532674
2012-01-24 ,-0.749421610514628
2012-01-25 ,1.00657949651936
2012-01-26 ,0.425468730057174
2012-01-27 ,-0.0593313970676153
2012-01-30 ,1.36147408774295
2012-01-31 ,0.0716960543559824
2012-02-01 ,-0.584944335317141
2012-02-02 ,1.12316732356721
2012-02-03 ,0.493259027565004
2012-02-06 ,0.214265703273224
2012-02-07 ,-0.143313131270283
2012-02-08 ,0.0279438937097195
2012-02-09 ,-0.303604036960794
2012-02-10 ,-0.141107073354628
2012-02-13 ,-0.496550780834795
2012-02-14 ,-0.5013607687673
2012-02-15 ,0.607257577545004
2012-02-16 ,0.264643829185831
2012-02-17 ,0.507029935258555
2012-02-21 ,-0.643834262042143
2012-02-22 ,-0.54928214422166
2012-02-23 ,0.0629970026148512
2012-02-24 ,-0.12546172926721
2012-02-27 ,-0.396568963148039
2012-02-28 ,-0.0437194104552559
2012-02-29 ,0.0142835523248912
2012-03-01 ,-0.550351728518576
2012-03-02 ,0.284416893089594
2012-03-05 ,0.0824090392895216
2012-03-06 ,-0.972195884690627
2012-03-07 ,-0.534391222485482
2012-03-08 ,0.099651426505981
2012-03-09 ,0.608479508959467
2012-03-12 ,0.628569124728276
2012-03-13 ,-0.22885982868486
2012-03-14 ,-0.129713015974907
2012-03-15 ,-0.128198876268924
2012-03-16 ,0.259528555373846
2012-03-19 ,-0.330643768806536
2012-03-20 ,0.351271082954328
2012-03-21 ,-0.487932100130682
2012-03-22 ,0.607148805666891
2012-03-23 ,-0.076311325679594
2012-03-26 ,0.0768571255150107
2012-03-27 ,0.180044143327867
2012-03-28 ,0.0407238593527332
2012-03-29 ,-1.18709292258576
2012-03-30 ,0.348138786908486
2012-04-02 ,-0.445958547445754
2012-04-03 ,0.0817211614711949
2012-04-04 ,0.627106738117026
2012-04-05 ,0.306425439400093
2012-04-09 ,0.467066774980015
2012-04-10 ,0.114053205199632
2012-04-11 ,-0.517062186077222
2012-04-12 ,0.672126622278807
2012-04-13 ,0.200360477993042
2012-04-16 ,0.762540842054338
2012-04-17 ,-0.816310253514211
2012-04-18 ,0.497140601943276
2012-04-19 ,0.181689282606638
2012-04-20 ,0.0393462441423061
2012-04-23 ,-0.452689475074862
2012-04-24 ,-0.248209405957317
2012-04-25 ,-1.62984717048403
2012-04-26 ,0.814732888453735
2012-04-27 ,-0.0340486420142786
2012-04-30 ,0.00828255352366728
2012-05-01 ,-0.520547778839752
2012-05-02 ,-0.796478143149883
2012-05-03 ,0.852240170540337
2012-05-04 ,-1.19839354412592
2012-05-07 ,0.0172324368948003
2012-05-08 ,-0.436569527780522
2012-05-09 ,-0.298953183325229
2012-05-10 ,0.316824438202801
2012-05-11 ,-0.422004769355746
2012-05-14 ,0.940058873386222
2012-05-15 ,0.160049073625965
2012-05-16 ,0.00380667168816916
2012-05-17 ,0.303113584765615
2012-05-18 ,-2.16043338550355
2012-05-21 ,-0.616378158096457
2012-05-22 ,1.10620424060953
2012-05-23 ,-0.294618302615182
2012-05-24 ,1.01112956559232
2012-05-25 ,0.37252854276953
2012-05-29 ,0.404279124189118
2012-05-30 ,0.340853258251115
2012-05-31 ,-0.244334431481759
2012-06-01 ,-1.18043603872196
2012-06-04 ,-1.5712164427222
2012-06-05 ,-0.727068216652214
2012-06-06 ,0.972384301215553
2012-06-07 ,-1.14351669070566
2012-06-08 ,-0.716461346032232
2012-06-11 ,0.545706651923867
2012-06-12 ,-1.10327302338173
2012-06-13 ,0.576695267974827
2012-06-14 ,-1.58643153183129
2012-06-15 ,-0.0327162988447129
2012-06-18 ,0.301688135932749
2012-06-19 ,0.583400094656291
2012-06-20 ,0.513522920824035
2012-06-21 ,-0.121343774046874
2012-06-22 ,-0.555085815042577
2012-06-25 ,-0.171908728091456
2012-06-26 ,-0.427290687733774
2012-06-27 ,0.495598094276029
2012-06-28 ,0.421882244011927
2012-06-29 ,0.0387490532632524
2012-07-02 ,-0.579127087779233
2012-07-03 ,-0.219409495039398
2012-07-05 ,0.348199461277508
2012-07-06 ,1.25181464737558
2012-07-09 ,-0.0366274764073893
2012-07-10 ,-0.388651472533676
2012-07-11 ,-0.870346393423341
2012-07-12 ,-1.05315418084721
2012-07-13 ,0.467111231465894
2012-07-16 ,-0.548737354701068
2012-07-17 ,-0.580724375141271
2012-07-18 ,-0.534420487606597
2012-07-19 ,0.61786126494777
2012-07-20 ,0.832846975116628
2012-07-23 ,-0.794133295457098
2012-07-24 ,0.298102443391707
2012-07-25 ,-0.672283944250888
2012-07-26 ,-0.9208016378164
2012-07-27 ,0.35945193490536
2012-07-30 ,0.704249121983183
2012-07-31 ,-0.273092268275559
2012-08-01 ,-0.419716921616931
2012-08-02 ,-1.39305002568578
2012-08-03 ,0.95730429012564
2012-08-06 ,0.0259520648736936
2012-08-07 ,0.572228486108468
2012-08-08 ,2.06348580190964
2012-08-09 ,-0.522568801183937
2012-08-10 ,0.425313422426154
2012-08-13 ,0.0520239530023278
2012-08-14 ,0.0127736102869109
2012-08-15 ,0.688254789744422
2012-08-16 ,0.632503595191503
2012-08-17 ,0.812202246252259
2012-08-20 ,0.946673190594259
2012-08-21 ,-0.975419756873403
2012-08-22 ,-0.21266918557268
2012-08-23 ,0.517518073551896
2012-08-24 ,0.320163551293454
2012-08-27 ,0.0689040871953279
2012-08-28 ,0.191875341476839
2012-08-29 ,0.225747558105776
2012-08-30 ,-0.0551254348907772
2012-08-31 ,-0.559551229750411
2012-09-04 ,-0.0181317576250616
2012-09-05 ,0.471986442910619
2012-09-06 ,-0.261389085860352
2012-09-07 ,0.0369813647064235
2012-09-10 ,0.0913657899931012
2012-09-11 ,-0.236200919123935
2012-09-12 ,-0.171310272105725
2012-09-13 ,0.139837295193475
2012-09-14 ,-0.869371426388509
2012-09-17 ,0.828499373022189
2012-09-18 ,-0.298598046852539
2012-09-19 ,-0.570146175371367
2012-09-20 ,0.31852551814918
2012-09-21 ,-0.377179828832499
2012-09-24 ,-0.475391362656824
2012-09-25 ,-0.59166956817106
2012-09-26 ,-0.809065289747379
2012-09-27 ,0.0551233307336053
2012-09-28 ,1.02363254453587
2012-10-01 ,-0.297996603684647
2012-10-02 ,-0.331208054062863
2012-10-03 ,0.138716484744874
2012-10-04 ,0.105501259747702
2012-10-05 ,0.182835064773933
2012-10-08 ,-0.0564392395413366
2012-10-09 ,0.118437816837817
2012-10-10 ,-0.120797185022227
2012-10-11 ,-0.803233732899192
2012-10-12 ,0.146298156932109
2012-10-15 ,0.320642476496936
2012-10-16 ,0.134968641098869
2012-10-17 ,0.804239821116249
2012-10-18 ,-0.0468601196400062
2012-10-19 ,-0.00605724616368307
2012-10-22 ,-0.586934425585898
2012-10-23 ,0.191657773127427
2012-10-24 ,0.83613241859089
2012-10-25 ,-0.579869466759038
2012-10-26 ,-0.625684931618672
2012-10-31 ,0.645152908726299
2012-11-01 ,0.242558310184138
2012-11-02 ,0.97706067309009
2012-11-05 ,-0.384055159674941
2012-11-06 ,0.805712724265334
2012-11-07 ,0.0367039640540738
2012-11-08 ,0.0858625551108054
2012-11-09 ,-0.683197290271728
2012-11-12 ,0.356401307100284
2012-11-13 ,0.055127535366156
2012-11-14 ,0.00396940055294293
2012-11-15 ,0.0203757496247905
2012-11-16 ,0.258269065823608
2012-11-19 ,0.755622298923138
2012-11-20 ,0.414559544402422
2012-11-21 ,-0.0588455592040604
2012-11-23 ,0.301156849043989
2012-11-26 ,0.438185264323922
2012-11-27 ,-0.224303801390637
2012-11-28 ,-0.0323900497722853
2012-11-29 ,-0.0931028846874756
2012-11-30 ,-0.213884815830267
2012-12-03 ,-0.640346061680304
2012-12-04 ,-0.0681664972636294
2012-12-05 ,-0.0732304528818065
2012-12-06 ,-0.846440669866132
2012-12-07 ,0.0821032243919363
2012-12-10 ,-0.217475837657423
2012-12-11 ,0.00920528170981641
2012-12-12 ,0.570835227690848
2012-12-13 ,0.297288768926898
2012-12-14 ,-0.12009746612944
2012-12-17 ,-0.175374511565954
2012-12-18 ,-0.079988610611755
2012-12-19 ,0.304469469581112
2012-12-20 ,0.344273314552429
2012-12-21 ,-0.534813971723426
2012-12-24 ,-0.398136506040032
2012-12-26 ,-0.0627309827446809
2012-12-27 ,-0.24016258602004
2012-12-28 ,0.792791292497232
2012-12-31 ,0.188962654398517
2013-01-02 ,0.605796609547775
2013-01-03 ,-0.576299760350211
2013-01-04 ,0.0576956779516647
2013-01-07 ,-0.427386474846412
2013-01-08 ,-0.374303977641413
2013-01-09 ,0.352300587829513
2013-01-10 ,0.510763707731851
2013-01-11 ,-1.06540567381029
2013-01-14 ,0.0676900609306551
2013-01-15 ,0.819371494074452
2013-01-16 ,1.15363733657698
2013-01-17 ,-0.200310665757916
2013-01-18 ,-0.0904073651785571
2013-01-22 ,-0.594418215340779
2013-01-23 ,0.346594892602036
2013-01-24 ,-0.384603249662729
2013-01-25 ,0.469690190309928
2013-01-28 ,0.293071692287527
2013-01-29 ,-0.411761420994887
2013-01-30 ,-1.01818925926118
2013-01-31 ,-0.0322990265405339
2013-02-01 ,1.11602501048908
2013-02-04 ,-0.633621245538123
2013-02-05 ,0.671998327029404
2013-02-06 ,0.260272007904888
2013-02-07 ,0.0268220289207717
2013-02-08 ,0.261407946498825
2013-02-11 ,0.475356672599468
2013-02-12 ,-0.0685102813909822
2013-02-13 ,-0.184067015835344
2013-02-14 ,-0.747006755983354
2013-02-15 ,0.68153297291156
2013-02-19 ,-0.0171723562940003
2013-02-20 ,-0.569368201319435
2013-02-21 ,-1.05670182827812
2013-02-22 ,-0.0181780324562495
2013-02-25 ,-0.146628464204346
2013-02-26 ,-0.154954680220445
2013-02-27 ,0.245913829369622
2013-02-28 ,0.906122887618031
2013-03-01 ,0.275415325513516
2013-03-04 ,0.349658760569676
2013-03-05 ,0.277843649581589
2013-03-06 ,0.126703677769584
2013-03-07 ,-0.549753899075325
2013-03-08 ,-0.793381186883877
2013-03-11 ,0.747542910046323
2013-03-12 ,0.196137074857095
2013-03-13 ,0.0243902647064626
2013-03-14 ,0.776976851742531
2013-03-15 ,-0.316056171521066
2013-03-18 ,-0.214113193073121
2013-03-19 ,0.309102407838259
2013-03-20 ,-0.265597202924258
2013-03-21 ,0.993081915098399
2013-03-22 ,0.228804779959466
2013-03-25 ,-0.466456961374221
2013-03-26 ,0.116253040076409
2013-03-27 ,0.0497122781445204
2013-03-28 ,0.0662356134282568
2013-04-01 ,0.00879986354970525
2013-04-02 ,-0.332628367362975
2013-04-03 ,-0.739114062237284
2013-04-04 ,0.152419888471586
2013-04-05 ,0.379687763823741
2013-04-08 ,-0.480606789752045
2013-04-09 ,0.635204297163305
2013-04-10 ,0.190853134151537
2013-04-11 ,-0.0648828272385224
2013-04-12 ,0.409435731435149
2013-04-15 ,0.562778270493322
2013-04-16 ,-0.832961547554282
2013-04-17 ,0.362312378975202
2013-04-18 ,0.455300510271218
2013-04-19 ,-0.580922032884018
2013-04-22 ,-0.152199878697844
2013-04-23 ,0.125080374005716
2013-04-24 ,0.787137774017961
2013-04-25 ,0.486601057801293
2013-04-26 ,0.555324078734725
2013-04-29 ,0.0206408034597386
2013-04-30 ,-0.190165475969682
2013-05-01 ,0.443203170787415
2013-05-02 ,0.048796762480817
2013-05-03 ,0.459218385211954
2013-05-06 ,0.048463518768019
2013-05-07 ,0.689769049680035
2013-05-08 ,-0.380340665806933
2013-05-09 ,-0.308678255044807
2013-05-10 ,0.856169637762718
2013-05-13 ,0.880686167633907
2013-05-14 ,0.429945084472908
2013-05-15 ,0.280968894877483
2013-05-16 ,-0.394984205714445
2013-05-17 ,0.250182875549484
2013-05-20 ,0.274168301812197
2013-05-21 ,0.228518716016288
2013-05-22 ,-0.487443240977619
2013-05-23 ,-0.0232670069340797
2013-05-24 ,0.821170621428558
2013-05-28 ,-0.572304835128249
2013-05-29 ,0.953327763640472
2013-05-30 ,0.0806541706049403
2013-05-31 ,0.0371468507835949
2013-06-03 ,-0.00987366350303797
2013-06-04 ,-1.2954616407669
2013-06-05 ,-0.208355549744437
2013-06-06 ,-0.010554988954703
2013-06-07 ,0.236700981301438
2013-06-10 ,0.208892749929412
2013-06-11 ,0.00171658701939966
2013-06-12 ,-0.23266472993667
2013-06-13 ,0.0192230108977989
2013-06-14 ,0.105954848040568
2013-06-17 ,0.31061385549106
2013-06-18 ,-0.0198072233296673
2013-06-19 ,0.0547236654183857
2013-06-20 ,0.216964878108838
2013-06-21 ,-1.33778886801081
2013-06-24 ,-1.29954184432617
2013-06-25 ,-0.476861435201946
2013-06-26 ,0.460010416202104
2013-06-27 ,0.354405313896664
2013-06-28 ,0.583420126915938
2013-07-01 ,-0.521427479476898
2013-07-02 ,0.827874827645803
2013-07-03 ,-0.875979836814839
2013-07-05 ,0.478656251213807
2013-07-08 ,0.162953606038726
2013-07-09 ,-0.42292785506875
2013-07-10 ,0.0865341662834379
2013-07-11 ,0.146735571932756
2013-07-12 ,0.276415319341692
2013-07-15 ,0.586952427007593
2013-07-16 ,-0.243258947820921
2013-07-17 ,-0.777848384723225
2013-07-18 ,0.00616414561133272
2013-07-19 ,0.0440385409534078
2013-07-22 ,0.655063037079709
2013-07-23 ,-0.0629343284619898
2013-07-24 ,-0.650639214885335
2013-07-25 ,0.0162716329480598
2013-07-26 ,-0.24605026529427
2013-07-29 ,0.590078993145113
2013-07-30 ,0.3542390190621
2013-07-31 ,0.759348693914291
2013-08-01 ,1.06453177807693
2013-08-02 ,-0.393010891780185
2013-08-05 ,-0.173081759861568
2013-08-06 ,0.355011823437278
2013-08-07 ,-0.299773418849983
2013-08-08 ,-0.961623739552759
2013-08-09 ,1.09647361368538
2013-08-12 ,-0.024375994462425
2013-08-13 ,1.08444070992209
2013-08-14 ,-0.432803260898065
2013-08-15 ,-0.195358130113749
2013-08-16 ,-0.0854750270114723
2013-08-19 ,-0.00402839550767745
2013-08-20 ,0.0114930139680252
2013-08-21 ,1.10081621947799
2013-08-22 ,0.112980950204884
2013-08-23 ,0.322124153743611
2013-08-26 ,-0.673201523091406
2013-08-27 ,0.657899877928597
2013-08-28 ,-0.881117293193111
2013-08-29 ,0.246390315882569
2013-08-30 ,0.387106493114281
2013-09-03 ,-0.696173865717583
2013-09-04 ,-0.121204216562571
2013-09-05 ,0.243420097945834
2013-09-06 ,0.194821175958319
2013-09-09 ,-0.49601684526063
2013-09-10 ,0.494885498682358
2013-09-11 ,0.170119660648635
2013-09-12 ,-0.153237241731911
2013-09-13 ,-0.278703348124586
2013-09-16 ,0.351502683104604
2013-09-17 ,0.505388408607561
2013-09-18 ,0.0754401450488531
2013-09-19 ,-0.275987775260218
2013-09-20 ,0.782627468427506
2013-09-23 ,-0.204596182089397
2013-09-24 ,-0.131845609424151
2013-09-25 ,0.308195347833207
2013-09-26 ,0.190437706054673
2013-09-27 ,-0.216526788359856
2013-09-30 ,-0.0969845915961808
2013-10-01 ,0.136810739042454
2013-10-02 ,0.457950914475858
2013-10-03 ,0.197069767280359
2013-10-04 ,-0.132259591523276
2013-10-07 ,0.248102093190732
2013-10-08 ,-0.354218969021071
2013-10-09 ,-0.9549849436102
2013-10-10 ,0.142962274117378
2013-10-11 ,-0.172329726995817
2013-10-14 ,-0.29268264769464
2013-10-15 ,-0.0108679385005667
2013-10-16 ,-0.248897534958625
2013-10-17 ,-0.0313312068904599
2013-10-18 ,0.157936857891455
2013-10-21 ,-0.0479648382217843
2013-10-22 ,-0.226597285067566
2013-10-23 ,-0.0959867912485752
2013-10-24 ,0.306104239840623
2013-10-25 ,0.557904643433353
2013-10-28 ,-0.49179437864281
2013-10-29 ,-0.204037262512802
2013-10-30 ,-0.0859280685642774
2013-10-31 ,0.0473054695555051
2013-11-01 ,-0.231390727409815
2013-11-04 ,0.215273095601238
2013-11-05 ,0.453289217040178
2013-11-06 ,0.207199989671689
2013-11-07 ,-1.36163893271817
2013-11-08 ,0.150555758126083
2013-11-11 ,0.450895251631562
2013-11-12 ,0.965044107081292
2013-11-13 ,0.272173493133248
2013-11-14 ,0.655643165866961
2013-11-15 ,-0.698749548169772
2013-11-18 ,0.438855667172972
2013-11-19 ,-0.880428596431897
2013-11-20 ,-0.236793912258642
2013-11-21 ,0.281096799137767
2013-11-22 ,0.293893933347166
2013-11-25 ,0.374123588301265
2013-11-26 ,-0.0742773995887968
2013-11-27 ,0.635038053423972
2013-11-29 ,0.502517110315507
2013-12-02 ,-0.327274936397737
2013-12-03 ,0.0875079211650247
2013-12-04 ,0.671195005897718
2013-12-05 ,0.0525175333705678
2013-12-06 ,0.0158730980505127
2013-12-09 ,-0.8298690517603
2013-12-10 ,0.298917956932337
2013-12-11 ,0.414638968230708
2013-12-12 ,-0.589934070159988
2013-12-13 ,0.039690544271375
2013-12-16 ,0.143355177830842
2013-12-17 ,0.618492471854864
2013-12-18 ,0.599446958859796
2013-12-19 ,-0.747421865076256
2013-12-20 ,-0.199260887845345
2013-12-23 ,0.537245277153354
2013-12-24 ,0.465435335096925
2013-12-26 ,0.112985605415565
2013-12-27 ,-0.00194900538772548
2013-12-30 ,-0.376928922649447
2013-12-31 ,0.2907352788583
2014-01-02 ,-0.216521551236772
2014-01-03 ,1.07355338641996
2014-01-06 ,-0.0502373275882022
2014-01-07 ,-0.635234448522185
2014-01-08 ,0.113065546766885
2014-01-09 ,0.455265959915564
2014-01-10 ,-0.000754611967730756
2014-01-13 ,0.504644755571383
2014-01-14 ,-0.798399963006875
2014-01-15 ,0.0286730415254829
2014-01-16 ,-0.606224414428142
2014-01-17 ,-1.18324595075033
2014-01-21 ,-0.18597883643016
2014-01-22 ,0.109759642179609
2014-01-23 ,0.281685525893951
2014-01-24 ,-0.227136142938509
2014-01-27 ,-0.565616275800076
2014-01-28 ,-0.0797299414693718
2014-01-29 ,0.0317231557554706
2014-01-30 ,0.283948972757875
2014-01-31 ,-0.493683058842792
2014-02-03 ,0.236702081599905
2014-02-04 ,-0.409742122299433
2014-02-05 ,-0.244367932156131
2014-02-06 ,-0.240612529962133
2014-02-07 ,0.544445933798598
2014-02-10 ,0.46218943187171
2014-02-11 ,0.445610820671919
2014-02-12 ,-0.620535746170883
2014-02-13 ,0.197664936298496
2014-02-14 ,0.537547330695814
2014-02-18 ,-0.0418830492894981
2014-02-19 ,0.779769142636122
2014-02-20 ,-0.0298930683166706
2014-02-21 ,0.642781684687388
2014-02-24 ,0.132156505111961
2014-02-25 ,0.576030952568421
2014-02-26 ,1.26707067042094
2014-02-27 ,0.657139019206462
2014-02-28 ,0.152404601702754
2014-03-03 ,-0.301244482266481
2014-03-04 ,0.543210480536106
2014-03-05 ,-0.0625299891008554
2014-03-06 ,-0.517034055133802
2014-03-07 ,-0.226900315538129
2014-03-10 ,-0.361278559352352
2014-03-11 ,-0.34862284258833
2014-03-12 ,-0.0222641867209298
2014-03-13 ,-0.0285856529256094
2014-03-14 ,-0.449520029405357
2014-03-17 ,0.496829453933306
2014-03-18 ,0.0302861791401168
2014-03-19 ,0.184212884359783
2014-03-20 ,0.341094322429086
2014-03-21 ,-0.352208014514217
2014-03-24 ,-0.0735160682846532
2014-03-25 ,-0.57684694022674
2014-03-26 ,-0.204817930618803
2014-03-27 ,-0.437618257803214
2014-03-28 ,0.0990263691124605
2014-03-31 ,0.221133186948683
2014-04-01 ,-0.00296863763446353
2014-04-02 ,1.20148895403635
2014-04-03 ,0.271608512736641
2014-04-04 ,-0.86199596187878
2014-04-07 ,-0.136937349470512
2014-04-08 ,-1.13606292979318
2014-04-09 ,0.728949456025281
2014-04-10 ,0.37123010625991
2014-04-11 ,-0.856160329424618
2014-04-14 ,-0.973736396669891
2014-04-15 ,-0.284074831696347
2014-04-16 ,-0.354021926724912
2014-04-17 ,0.602116820001729
2014-04-21 ,-0.515526543508928
2014-04-22 ,0.245388783184853
2014-04-23 ,0.782942787091374
2014-04-24 ,0.167030444691183
2014-04-25 ,-0.169358217979251
2014-04-28 ,-0.520640805300116
2014-04-29 ,-0.695440449567814
2014-04-30 ,0.223194421297195
2014-05-01 ,-0.188168268085142
2014-05-02 ,0.384129879070858
2014-05-05 ,0.417056339036016
2014-05-06 ,-0.321049435979961
2014-05-07 ,-0.605344785370721
2014-05-08 ,-2.02320675374907
2014-05-09 ,0.0382933192276083
2014-05-12 ,0.623307245780079
2014-05-13 ,0.859262797514176
2014-05-14 ,-0.183068384485067
2014-05-15 ,-0.207450975403937
2014-05-16 ,0.116230343642891
2014-05-19 ,0.239661628642022
2014-05-20 ,0.381319506965652
2014-05-21 ,0.0157803355592349
2014-05-22 ,-0.279406721230357
2014-05-23 ,0.562507869634797
2014-05-27 ,0.600936620270307
2014-05-28 ,-0.00174579986911232
2014-05-29 ,0.338809272987381
2014-05-30 ,0.474126246048587
2014-06-02 ,-0.318919488342767
2014-06-03 ,0.0205744810167803
2014-06-04 ,-0.0193084646360315
2014-06-05 ,0.749455253547028
2014-06-06 ,0.00742483941318093
2014-06-09 ,0.210705977947676
2014-06-10 ,-0.262121149906904
2014-06-11 ,-0.264103132751329
2014-06-12 ,-0.0374167883532033
2014-06-13 ,-0.281510627593435
2014-06-16 ,0.0532970823872924
2014-06-17 ,0.984389645556559
2014-06-18 ,0.386848149469027
2014-06-19 ,-0.533333004336763
2014-06-20 ,-0.332525161298569
2014-06-23 ,0.182127788107732
2014-06-24 ,-0.0658379773427653
2014-06-25 ,0.00967158634279766
2014-06-26 ,0.279513717162531
2014-06-27 ,-0.315068130453054
2014-06-30 ,0.520138254921599
2014-07-01 ,0.0161154849769019
2014-07-02 ,0.131560928593622
2014-07-03 ,-0.491787246402304
2014-07-07 ,0.0593559813082807
2014-07-08 ,-0.923928691080912
2014-07-09 ,-0.512327870483059
2014-07-10 ,-0.0950603314062626
2014-07-11 ,-0.454670666732444
2014-07-14 ,-0.61633169577648
2014-07-15 ,-0.282867340041675
2014-07-16 ,-0.518876323156164
2014-07-17 ,-0.335329513797696
2014-07-18 ,-0.218551189085837
2014-07-21 ,-0.199022737753003
2014-07-22 ,0.0577958277751949
2014-07-23 ,0.112136541291541
2014-07-24 ,-0.138444916340783
2014-07-25 ,0.134030721269098
2014-07-28 ,0.410567140657065
2014-07-29 ,-0.0790045835222321
2014-07-30 ,0.738403596781834
2014-07-31 ,0.222004421088505
2014-08-01 ,-0.911320927960199
2014-08-04 ,-0.246192883137843
2014-08-05 ,-0.0312068572794088
2014-08-06 ,0.514538799689719
2014-08-07 ,0.170693748459324
2014-08-08 ,-0.241178137481612
2014-08-11 ,0.563795645651963
2014-08-12 ,0.170081793303502
2014-08-13 ,-0.156067368625954
2014-08-14 ,-0.138675688958975
2014-08-15 ,0.158031429084743
2014-08-18 ,-0.237857176822137
2014-08-19 ,0.662213886568017
2014-08-20 ,0.534065706129677
2014-08-21 ,0.431216221519468
2014-08-22 ,-0.711251472757358
2014-08-25 ,0.599667697377114
2014-08-26 ,-0.2136988195578
2014-08-27 ,-0.146344665917593
2014-08-28 ,0.379038257600979
2014-08-29 ,0.410856264925363
2014-09-02 ,-0.44064301006127
2014-09-03 ,0.175809599934542
2014-09-04 ,-0.359756754466896
2014-09-05 ,0.0257915997406861
2014-09-08 ,-0.20514571509563
2014-09-09 ,0.509187431946002
2014-09-10 ,-0.0698336302433451
2014-09-11 ,0.23098545885601
2014-09-12 ,-0.0463484218101616
2014-09-15 ,0.137129712087983
2014-09-16 ,-0.940184939098024
2014-09-17 ,-0.230516088444234
2014-09-18 ,0.115533110458569
2014-09-19 ,0.53859248647463
2014-09-22 ,-0.626424849295944
2014-09-23 ,-0.0618885725890645
2014-09-24 ,0.413290213938258
2014-09-25 ,0.624295558588593
2014-09-26 ,0.178312036351807
2014-09-29 ,0.0692444925040147
2014-09-30 ,0.59485955167752
2014-10-01 ,-0.298048394735086
2014-10-02 ,-0.769826219501307
2014-10-03 ,0.36314158420474
2014-10-06 ,0.573539191823912
2014-10-07 ,-1.34150840561397
2014-10-08 ,-0.350366352941049
2014-10-09 ,-0.347047370501569
2014-10-10 ,-0.738345207758358
2014-10-13 ,-0.416517905300607
2014-10-14 ,-2.0458880162366
2014-10-15 ,1.23903196895867
2014-10-16 ,1.74923153266368
2014-10-17 ,1.86761726064417
2014-10-20 ,-0.236736361747275
2014-10-21 ,1.41225580831529
2014-10-22 ,1.27243908562363
2014-10-23 ,-0.778999968085088
2014-10-24 ,0.527690382050163
2014-10-27 ,-0.193063116178457
2014-10-28 ,0.273818938634232
2014-10-29 ,-0.220828441450692
2014-10-30 ,-0.278527520608693
2014-10-31 ,-0.547721065664108
2014-11-03 ,0.432970782046201
2014-11-04 ,0.26066116212507
2014-11-05 ,-1.06040178991307
2014-11-06 ,-0.355905328399365
2014-11-07 ,1.4543363710569
2014-11-10 ,0.287636732479729
2014-11-11 ,0.125340903193876
2014-11-12 ,0.09375728654773
2014-11-13 ,0.433812996677338
2014-11-14 ,-0.272876977388324
2014-11-17 ,0.304822310487986
2014-11-18 ,0.0573554372563707
2014-11-19 ,0.00462623487003757
2014-11-20 ,-0.596912949705318
2014-11-21 ,0.79709748893527
2014-11-24 ,-0.529488024193709
2014-11-25 ,0.376358969351408
2014-11-26 ,-0.324928805603625
2014-11-28 ,-0.709760827463954
2014-12-01 ,-1.14455694534122
2014-12-02 ,-1.29483421146465
2014-12-03 ,-0.606105759996671
2014-12-04 ,0.430733275575156
2014-12-05 ,0.0920122137827566
2014-12-08 ,-0.129083148264519
2014-12-09 ,-1.42386942929283
2014-12-10 ,0.278703622959264
2014-12-11 ,-1.03697532549823
2014-12-12 ,-0.270300553620642
2014-12-15 ,-0.199787528987839
2014-12-16 ,0.733479025531555
2014-12-17 ,0.0986653529651498
2014-12-18 ,0.479411653957423
2014-12-19 ,0.023735880615833
2014-12-22 ,0.28979844526197
2014-12-23 ,-0.598220681223204
2014-12-24 ,0.506621092345925
2014-12-26 ,0.0538966861503219
2014-12-29 ,0.172846453641577
2014-12-30 ,-0.342189346716533
2014-12-31 ,-0.33437919535272
2015-01-02 ,-0.100960000000006
2015-01-05 ,0.355982479027777
2015-01-06 ,-1.41283230408231
2015-01-07 ,-1.04033129358305
2015-01-08 ,0.0893782465208162
2015-01-09 ,0.258224730180898
2015-01-12 ,-0.088180672209488
2015-01-13 ,-1.92830982420621
2015-01-14 ,-0.335342730096301
2015-01-15 ,0.317536627173977
2015-01-16 ,-0.956272368378014
2015-01-20 ,0.831014408895355
2015-01-21 ,-0.105609986928228
2015-01-22 ,1.21140553452107
2015-01-23 ,-0.378116932495355
2015-01-26 ,-0.0595595992598089
2015-01-27 ,1.05606116696941
2015-01-28 ,0.634935623796397
2015-01-29 ,-0.91242286953538
2015-01-30 ,0.392210152346605
2015-02-02 ,-0.10332933135705
2015-02-03 ,0.607221682761442
2015-02-04 ,1.21546946970754
2015-02-05 ,-0.756509340033971
2015-02-06 ,0.387852689458477
2015-02-09 ,-0.0128170592013462
2015-02-10 ,0.357579734017367
2015-02-11 ,-0.996144968667547
2015-02-12 ,-0.14958211175519
2015-02-13 ,0.0627186415257697
2015-02-17 ,0.414410445118616
2015-02-18 ,0.442466865597191
2015-02-19 ,-0.241046349732872
2015-02-20 ,0.746846732812441
2015-02-23 ,-0.32751767485472
2015-02-24 ,-0.261326837269156
2015-02-25 ,-0.756407136738051
2015-02-26 ,-0.0646942737244617
2015-02-27 ,-0.825120081912251
2015-03-02 ,-0.229228013512761
2015-03-03 ,-0.847625657857253
2015-03-04 ,0.397353841709976
2015-03-05 ,0.0503547354365054
2015-03-06 ,-0.323391128352877
2015-03-09 ,-0.1612524141683
2015-03-10 ,-0.630774378681798
2015-03-11 ,0.0191411795695438
2015-03-12 ,0.510125872354128
2015-03-13 ,-0.379927645378475
2015-03-16 ,-0.0753598356052107
2015-03-17 ,-0.298134598401351
2015-03-18 ,-0.0868437938196325
2015-03-19 ,0.904267745081737
2015-03-20 ,-0.306043176496904
2015-03-23 ,-0.46613014917453
2015-03-24 ,-0.431828818690899
2015-03-25 ,-0.00272983330562093
2015-03-26 ,0.38726682677849
2015-03-27 ,0.433394015294484
2015-03-30 ,-0.229999407569246
2015-03-31 ,0.19657769332583
2015-04-01 ,0.0189374245612488
2015-04-02 ,0.0721999284787237
2015-04-06 ,0.446819327540591
2015-04-07 ,0.73118794405682
2015-04-08 ,-0.0835676195808146
2015-04-09 ,-0.0846127844592113
2015-04-10 ,0.558272587831752
2015-04-13 ,-0.286757583212537
2015-04-14 ,-0.0837617262060882
2015-04-15 ,0.0939673068227289
2015-04-16 ,1.10050783030578
2015-04-17 ,-0.098510730981106
2015-04-20 ,-0.0706438723203363
2015-04-21 ,0.0178724316305037
2015-04-22 ,-0.420733224341458
2015-04-23 ,-0.278217816096142
2015-04-24 ,0.333070944243252
2015-04-27 ,-0.940273841921934
2015-04-28 ,-0.35073870295786
2015-04-29 ,0.171375907498172
2015-04-30 ,0.259465492759004
2015-05-01 ,0.15908878156674
2015-05-04 ,0.662378823510909
2015-05-05 ,0.0193316149247308
2015-05-06 ,-0.448934800399918
2015-05-07 ,0.489094102089185
2015-05-08 ,-0.18580876605994
2015-05-11 ,0.0493890888197216
2015-05-12 ,-0.0281568684158559
2015-05-13 ,0.0947129791662775
2015-05-14 ,-0.319757094533242
2015-05-15 ,-0.886597915205148
2015-05-18 ,0.233373352899116
2015-05-19 ,0.647174766932129
2015-05-20 ,-0.623423499077141
2015-05-21 ,-0.478023358409093
2015-05-22 ,-0.230885185086707
2015-05-26 ,0.0868778293006232
2015-05-27 ,-0.383634751015233
2015-05-28 ,-0.593656347960798
2015-05-29 ,-0.331133838873599
2015-06-01 ,-0.0529631269460977
2015-06-02 ,0.163703234597815
2015-06-03 ,0.415526462260503
2015-06-04 ,0.260295569501325
2015-06-05 ,-0.348417052672
2015-06-08 ,0.283716245163143
2015-06-09 ,-0.195977789454671
2015-06-10 ,0.0209058310458811
2015-06-11 ,-0.173903196421517
2015-06-12 ,-0.434828209507983
2015-06-15 ,0.535470158223107
2015-06-16 ,-0.32178970623203
2015-06-17 ,-0.498390503904695
2015-06-18 ,0.295938774415152
2015-06-19 ,-0.221590546594086
2015-06-22 ,0.0233746159799921
2015-06-23 ,0.183418384266809
2015-06-24 ,-0.132211354213499
2015-06-25 ,-0.194233078920198
2015-06-26 ,-0.230527183080699
2015-06-29 ,-0.146520163317284
2015-06-30 ,-0.527115512485085
2015-07-01 ,0.333816369948521
2015-07-02 ,-0.50310027136411
2015-07-06 ,-0.338758760860591
2015-07-07 ,0.167155163023489
2015-07-08 ,0.12674271698426
2015-07-09 ,-0.919183467409785
2015-07-10 ,0.154538409549207
2015-07-13 ,-0.223053494612566
2015-07-14 ,0.426570691676969
2015-07-15 ,0.082671632581704
2015-07-16 ,0.0372595129352071
2015-07-17 ,-0.0930722256147128
2015-07-20 ,-0.476001205754473
2015-07-21 ,-0.380566532555273
2015-07-22 ,-0.488595466234067
2015-07-23 ,0.122016876037958
2015-07-24 ,0.230818579637589
2015-07-27 ,-1.09449041105364
2015-07-28 ,-0.29713221299347
2015-07-29 ,0.54145478936276
2015-07-30 ,-0.487928734068726
2015-07-31 ,-0.195235363451312
2015-08-03 ,0.413733318745263
2015-08-04 ,-0.411185372634688
2015-08-05 ,0.470940863262779
2015-08-06 ,0.476441813605197
2015-08-07 ,0.702043786437384
2015-08-10 ,-0.276144578868013
2015-08-11 ,0.954845637772037
2015-08-12 ,-0.191805615284702
2015-08-13 ,0.191798343748226
2015-08-14 ,-0.515456770123683
2015-08-17 ,-0.283547307033255
2015-08-18 ,0.416478574352245
2015-08-19 ,-0.0536423261076977
2015-08-20 ,0.00948421980941005
2015-08-21 ,-0.741010167029947
2015-08-24 ,-0.299595460833908
2015-08-25 ,0.596857861357195
2015-08-26 ,0.541157530417251
2015-08-27 ,-0.344975735833841
2015-08-28 ,0.18569005740606
2015-08-31 ,0.759796334666963
2015-09-01 ,0.593178275809451
2015-09-02 ,-0.0577361280287464
2015-09-03 ,-0.132311002524845
2015-09-04 ,0.156820578600715
2015-09-08 ,0.0780255795547839
2015-09-09 ,0.957133947569192
2015-09-10 ,0.107077091394883
2015-09-11 ,0.0572782986331616
2015-09-14 ,-0.701696916317098
2015-09-15 ,0.240384693989927
2015-09-16 ,-0.115133989387495
2015-09-17 ,1.05221417700739
2015-09-18 ,-0.071552739870553
2015-09-21 ,-0.970242413078319
2015-09-22 ,-0.751844450742603
2015-09-23 ,-0.366941826970209
2015-09-24 ,-1.28263046138831
2015-09-25 ,-0.0128680152854839
2015-09-28 ,-0.445944044310243
2015-09-29 ,-0.456888478203511
2015-09-30 ,-0.0700737755888737
2015-10-01 ,0.986999068787966
2015-10-02 ,-0.822359944603158
2015-10-05 ,0.515710368316207
2015-10-06 ,0.578498967454414
2015-10-07 ,0.29135886691601
2015-10-08 ,-0.0101780649849755
2015-10-09 ,-0.181822288942709
2015-10-12 ,0.151205691356014
2015-10-13 ,-0.975855986102915
2015-10-14 ,-0.156102429083315
2015-10-15 ,-0.134359506097971
2015-10-16 ,-0.891481205407247
2015-10-19 ,-1.22462908818212
2015-10-20 ,0.236070397635128
2015-10-21 ,0.230074654358428
2015-10-22 ,-0.348041102064523
2015-10-23 ,-0.0309680960927907
2015-10-26 ,-0.836072528953988
2015-10-27 ,-0.208231478954444
2015-10-28 ,0.100667366594942
2015-10-29 ,0.25343304848783
2015-10-30 ,-0.986690377506717
2015-11-02 ,1.18328183833778
2015-11-03 ,-0.0518656373531414
2015-11-04 ,0.3888427759241
2015-11-05 ,-0.448127405975463
2015-11-06 ,-0.225777095995923
2015-11-09 ,0.378128559545402
2015-11-10 ,-0.290015198806208
2015-11-11 ,-0.976286665931666
2015-11-12 ,-0.226506750396537
2015-11-13 ,0.00527508593093284
2015-11-16 ,-0.632135866795949
2015-11-17 ,-0.271010598410716
2015-11-18 ,0.0930015128820376
2015-11-19 ,-0.390201358553817
2015-11-20 ,0.127449442669224
2015-11-23 ,0.440455882187781
2015-11-24 ,0.293395964351501
2015-11-25 ,0.156249085667749
2015-11-27 ,0.717374481589459
2015-11-30 ,-0.0499220564927946
2015-12-01 ,0.154349537253171
2015-12-02 ,-0.270187255462574
2015-12-03 ,0.734367336014436
2015-12-04 ,0.27494273402544
2015-12-07 ,-0.261757256199312
2015-12-08 ,0.377689975181292
2015-12-09 ,0.0119031123169163
2015-12-10 ,-0.469848975680086
2015-12-11 ,0.123822582555035
2015-12-14 ,-0.54263225971741
2015-12-15 ,-0.736912996251857
2015-12-16 ,-0.124123454301235
2015-12-17 ,0.465246814592161
2015-12-18 ,-0.441279509265829
2015-12-21 ,0.795156180650266
2015-12-22 ,-0.0102411601311894
2015-12-23 ,0.182121395445059
2015-12-24 ,-0.282293083932921
2015-12-28 ,0.139452000779609
2015-12-29 ,-0.0431808043121804
2015-12-30 ,0.0741795454685659
2015-12-31 ,-0.0613566997214769
2016-01-04 ,-0.244976702132318
2016-01-05 ,1.02404810346389
2016-01-06 ,-0.643308272090503
2016-01-07 ,-0.334045699461869
2016-01-08 ,0.188988081529963
2016-01-11 ,-0.853221144952631
2016-01-12 ,-0.300883999297859
2016-01-13 ,0.540275926116044
2016-01-14 ,-0.402514273979691
2016-01-15 ,-1.45554221424986
2016-01-19 ,1.37490862696105
2016-01-20 ,-0.34524814644832
2016-01-21 ,0.847421264973956
2016-01-22 ,0.427483920163322
2016-01-25 ,-0.431702903096047
2016-01-26 ,-0.256951046063862
2016-01-27 ,0.652288800669056
2016-01-28 ,-0.202038516770151
2016-01-29 ,-1.05407503262924
2016-02-01 ,0.127486505546187
2016-02-02 ,0.995891396993069
2016-02-03 ,-0.281866687293622
2016-02-04 ,0.516757988162945
2016-02-05 ,-0.00456827556421698
2016-02-08 ,0.405438696238463
2016-02-09 ,-0.432327255742876
2016-02-10 ,0.0992352249268566
2016-02-11 ,-0.166784214186868
2016-02-12 ,0.797004698058238
2016-02-16 ,0.152110468193056
2016-02-17 ,1.16539375257936
2016-02-18 ,0.752583352371271
2016-02-19 ,0.808219632119727
2016-02-22 ,-0.675825158763829
2016-02-23 ,0.43781547488664
2016-02-24 ,0.233124408822812
2016-02-25 ,0.563252722214101
2016-02-26 ,0.0235099414948149
2016-02-29 ,0.268464293873963
2016-03-01 ,-0.11552380705209
2016-03-02 ,0.383325076093702
2016-03-03 ,-0.927149355406761
2016-03-04 ,0.635912778265476
2016-03-07 ,-0.172706667995566
2016-03-08 ,-0.0409110714448635
2016-03-09 ,-0.176542381292454
2016-03-10 ,0.00676702825579056
2016-03-11 ,0.441414595643641
2016-03-14 ,-0.0706349650493625
2016-03-15 ,0.149937864813413
2016-03-16 ,0.0214951318649078
2016-03-17 ,0.177042978561689
2016-03-18 ,0.218841330294022
2016-03-21 ,0.866526293758361
2016-03-22 ,0.00902349784688992
2016-03-23 ,-0.0399941147074357
2016-03-24 ,-0.186144123758863
2016-03-28 ,-0.457002226180426
2016-03-29 ,0.471968247988054
2016-03-30 ,-0.140717851091567
2016-03-31 ,-0.448151642327739
2016-04-01 ,0.007140353004934
2016-04-04 ,-0.381992850865341
2016-04-05 ,-0.649985472071681
2016-04-06 ,0.286205243086795
2016-04-07 ,-0.772274762551988
2016-04-08 ,-0.0387243463044024
2016-04-11 ,-0.725307450424557
2016-04-12 ,0.0544792693716418
2016-04-13 ,-0.512451628956923
2016-04-14 ,0.785618625298722
2016-04-15 ,-1.1250937996131
2016-04-18 ,0.278785583095847
2016-04-19 ,-0.46488482743568
2016-04-20 ,-0.667207868177797
2016-04-21 ,0.0204436968162255
2016-04-22 ,-0.529189769420976
2016-04-25 ,0.172009759967974
2016-04-26 ,0.0186483502596569
2016-04-27 ,0.645643575728077
2016-04-28 ,0.577461278275141
2016-04-29 ,-0.485427058364738
2016-05-02 ,-1.26042591013514
2016-05-03 ,0.466534369102575
2016-05-04 ,-0.586068955494664
2016-05-05 ,-0.452284110618252
2016-05-06 ,-0.937379283692621
2016-05-09 ,1.15491290936442
2016-05-10 ,0.158701311209088
2016-05-11 ,-0.466838748924985
2016-05-12 ,-1.27863007776409
2016-05-13 ,-0.7369869352015
2016-05-16 ,0.229497649470864
2016-05-17 ,0.11091830859968
2016-05-18 ,0.124773640889124
2016-05-19 ,-0.397119065446282
2016-05-20 ,0.211802050495314
2016-05-23 ,0.133387281463627
2016-05-24 ,0.0502939075777216
2016-05-25 ,0.0628130684703722
2016-05-26 ,-0.0999652708886726
2016-05-27 ,-0.0351409821142029
2016-05-31 ,0.448140107304639
2016-06-01 ,0.137825329973292
2016-06-02 ,-0.0965879906242834
2016-06-03 ,-0.120452960029234
2016-06-06 ,-0.144745279789708
2016-06-07 ,0.476939652508137
2016-06-08 ,0.707380329092204
2016-06-09 ,-0.478199656966628
2016-06-10 ,0.165195914452646
2016-06-13 ,-0.661974417933556
2016-06-14 ,-0.492453079008882
2016-06-15 ,-0.196743967215245
2016-06-16 ,0.926288993453785
2016-06-17 ,-0.680821194248501
2016-06-20 ,0.773510620115239
2016-06-21 ,0.513881302159891
2016-06-22 ,-0.318607728167366
2016-06-23 ,-0.320996952157879
2016-06-24 ,-0.381343470391984
2016-06-27 ,-0.912293441014911
2016-06-28 ,-1.42471061841577
2016-06-29 ,0.129086205045059
2016-06-30 ,-0.0708903154620139
2016-07-01 ,-0.589985293132872
2016-07-05 ,0.435034327860522
2016-07-06 ,-0.58919121310404
2016-07-07 ,0.191039584305253
2016-07-08 ,0.510734884061593
2016-07-11 ,0.708462752282784
2016-07-12 ,0.700540142675662
2016-07-13 ,1.57933201935613
2016-07-14 ,-0.686624048290352
2016-07-15 ,-0.00980677132798408
2016-07-18 ,0.0299446136838078
2016-07-19 ,0.452332303531033
2016-07-20 ,-0.137568811121152
2016-07-21 ,-0.180815028345652
2016-07-22 ,0.396938406431042
2016-07-25 ,0.22070872723996
2016-07-26 ,0.999224176047421
2016-07-27 ,0.465094657538713
2016-07-28 ,-0.608071287651695
2016-07-29 ,0.45869975525664
2016-08-01 ,-0.596373059852548
2016-08-02 ,0.0801014226313953
2016-08-03 ,-1.29238331079349
2016-08-04 ,0.081519438446421
2016-08-05 ,0.257478329519549
2016-08-08 ,0.31929586996527
2016-08-09 ,0.0381705208614282
2016-08-10 ,-1.42571243404671
2016-08-11 ,0.100379253752628
2016-08-12 ,0.864176037723148
2016-08-15 ,-0.303412173421086
2016-08-16 ,0.864892906078002
2016-08-17 ,-0.361587811488295
2016-08-18 ,-0.560586203232907
2016-08-19 ,0.114449546793617
2016-08-22 ,0.194336396926603
2016-08-23 ,0.35174792272852
2016-08-24 ,0.706627783902156
2016-08-25 ,0.0543352572655044
2016-08-26 ,0.269134545276658
2016-08-29 ,-0.109136069609304
2016-08-30 ,-0.145467284496493
2016-08-31 ,0.10135699330234
2016-09-01 ,-0.347653744933964
2016-09-02 ,-0.0320288607200522
2016-09-06 ,-0.0168888407021573
2016-09-07 ,-0.360591820387274
2016-09-08 ,1.03562255623422
2016-09-09 ,-0.447526028674302
2016-09-12 ,0.0968573238833394
2016-09-13 ,0.129392434764528
2016-09-14 ,-0.0158470165516237
2016-09-15 ,-0.0325594392044569
2016-09-16 ,0.283524075980221
2016-09-19 ,0.0649191710894143
2016-09-20 ,0.00844602614856477
2016-09-21 ,-0.200082882987996
2016-09-22 ,0.0956048917329889
2016-09-23 ,-0.249867274191149
2016-09-26 ,0.250133113433585
2016-09-27 ,0.0300846423969358
2016-09-28 ,-0.0365316699194993
2016-09-29 ,-0.673405312988592
2016-09-30 ,-0.29097438546665
2016-10-03 ,0.190061168891249
2016-10-04 ,-0.0357738334728563
2016-10-05 ,-0.289076369560304
2016-10-06 ,0.0847647604133424
2016-10-07 ,0.107597722312458
2016-10-10 ,-0.247378131497843
2016-10-11 ,0.0333161868251134
2016-10-12 ,0.0369692442546565
2016-10-13 ,0.476702739321744
2016-10-14 ,-0.0950768091273844
2016-10-17 ,-0.392834244827698
2016-10-18 ,-0.510162977849516
2016-10-19 ,-0.168753423814333
2016-10-20 ,0.719957397912246
2016-10-21 ,-0.118286100631122
2016-10-24 ,-0.297171863733269
2016-10-25 ,0.0230304570438908
2016-10-26 ,-0.403431365141489
2016-10-27 ,-0.409072229029634
2016-10-28 ,-0.668831101545622
2016-10-31 ,0.700211169236265
2016-11-01 ,0.299024882109262
2016-11-02 ,-0.667577326878036
2016-11-03 ,0.678904873851354
2016-11-04 ,-0.0614127962222046
2016-11-07 ,0.24464106362385
2016-11-08 ,0.460900047832765
2016-11-09 ,-0.224633082415831
2016-11-10 ,1.74373477619346
2016-11-11 ,1.19091216084575
2016-11-14 ,0.809968652351924
2016-11-15 ,1.18534602154173
2016-11-16 ,0.432514963589327
2016-11-17 ,0.140581283916829
2016-11-18 ,0.750930751536453
2016-11-21 ,-0.28555540155498
2016-11-22 ,1.00375038082555
2016-11-23 ,1.03022627963223
2016-11-25 ,0.70740006282575
2016-11-28 ,-0.300182155948654
2016-11-29 ,-0.671748479085572
2016-11-30 ,-0.481145686994862
2016-12-01 ,0.635692659067095
2016-12-02 ,0.169699996904273
2016-12-05 ,-0.374932364484956
2016-12-06 ,0.665752296432308
2016-12-07 ,0.507817479558854
2016-12-08 ,0.457140873772894
2016-12-09 ,0.137752115715386
2016-12-12 ,-0.397625922838472
2016-12-13 ,-1.26436155792824
2016-12-14 ,-0.598491085421141
2016-12-15 ,0.377713420227604
2016-12-16 ,-0.194654684219715
2016-12-19 ,-0.760318058190006
2016-12-20 ,0.234689658122936
2016-12-21 ,0.277941750810762
2016-12-22 ,0.0484560625534936
2016-12-23 ,-1.33974317627787
2016-12-27 ,0.198650712964398
2016-12-28 ,0.379263779106722
2016-12-29 ,-0.399720210382339
2016-12-30 ,-0.0858655472408871
2017-01-03 ,-0.565969341600921
2017-01-04 ,-0.459935951768752
2017-01-05 ,0.2941060588229
2017-01-06 ,-1.10561550328327
2017-01-09 ,0.00437859171422176
2017-01-10 ,-0.250560952240767
2017-01-11 ,0.22055952829393
2017-01-12 ,-0.295194657361725
2017-01-13 ,-0.190824714154107
2017-01-17 ,-0.310143787647137
2017-01-18 ,0.130908870772944
2017-01-19 ,-0.0605022842102425
2017-01-20 ,-0.151649272642442
2017-01-23 ,0.201197868504588
2017-01-24 ,-0.27665476574061
2017-01-25 ,0.895643828772049
2017-01-26 ,-0.0371111989624501
2017-01-27 ,0.310778726723271
2017-01-30 ,-0.108186600581781
2017-01-31 ,-0.0312310424378697
2017-02-01 ,-0.161386697377149
2017-02-02 ,-0.331251000416901
2017-02-03 ,0.517652794305687
2017-02-06 ,0.488993910235898
2017-02-07 ,0.0784332309921903
2017-02-08 ,-0.192857704822514
2017-02-09 ,0.665036938533613
2017-02-10 ,0.564061515445202
2017-02-13 ,0.104915047471076
2017-02-14 ,-0.642642976557021
2017-02-15 ,0.0595211000885308
2017-02-16 ,0.13589079957753
2017-02-17 ,-0.368898887728778
2017-02-21 ,0.143630926297705
2017-02-22 ,-0.112322726092476
2017-02-23 ,-0.0874824762294482
2017-02-24 ,-1.31395173731121
2017-02-27 ,0.527566369968573
2017-02-28 ,0.585131943687212
2017-03-01 ,-0.934129299765732
2017-03-02 ,-0.114035758971336
2017-03-03 ,-0.200389246793518
2017-03-06 ,-0.500923230194216
2017-03-07 ,-0.235951388156089
2017-03-08 ,0.0401651547252247
2017-03-09 ,0.441107715336389
2017-03-10 ,-0.62726542880029
2017-03-13 ,0.131289045388013
2017-03-14 ,0.143842550632585
2017-03-15 ,-0.0700105535197059
2017-03-16 ,0.256098854862684
2017-03-17 ,0.142861457569571
2017-03-20 ,-0.0153959811124396
2017-03-21 ,-0.0580315248347941
2017-03-22 ,-0.243952799363781
2017-03-23 ,0.0716975550668482
2017-03-24 ,0.188293498202495
2017-03-27 ,-0.0160219556933202
2017-03-28 ,0.0705142838972119
2017-03-29 ,0.44337253030908
2017-03-30 ,0.312401040874989
2017-03-31 ,-0.142966013093653
2017-04-03 ,0.133107605351627
2017-04-04 ,-0.341957787451521
2017-04-05 ,-0.611735800185698
2017-04-06 ,-0.250692328546405
2017-04-07 ,0.749682173318466
2017-04-10 ,0.206184916613923
2017-04-11 ,0.1998651601941
2017-04-12 ,0.429564432286489
2017-04-13 ,-0.681557817149931
2017-04-17 ,0.153094051876837
2017-04-18 ,-0.190709891343158
2017-04-19 ,0.360783024209343
2017-04-20 ,0.733177424782857
2017-04-21 ,0.539958363207379
2017-04-24 ,0.119751730058372
2017-04-25 ,-0.110299603242152
2017-04-26 ,-0.588200995602395
2017-04-27 ,0.247814335700498
2017-04-28 ,-0.22673003472881
2017-05-01 ,-1.13885974148592
2017-05-02 ,-0.439365053582537
2017-05-03 ,0.163710367157896
2017-05-04 ,0.275820030598421
2017-05-05 ,-0.53353395028385
2017-05-08 ,0.712605063860304
2017-05-09 ,-0.0652797622458458
2017-05-10 ,0.905782089457142
2017-05-11 ,0.166162408864377
2017-05-12 ,-1.24807833657154
2017-05-15 ,-0.734149319903267
2017-05-16 ,-0.233440034296047
2017-05-17 ,-0.0266943968559849
2017-05-18 ,-0.750866068699497
2017-05-19 ,0.0223959805528655
2017-05-22 ,-0.156269600138237
2017-05-23 ,0.429403322055481
2017-05-24 ,-0.95657002540631
2017-05-25 ,-0.453880501086686
2017-05-26 ,0.866902980520207
2017-05-30 ,0.190379480289295
2017-05-31 ,-0.0352873755937085
2017-06-01 ,-0.10024656064541
2017-06-02 ,0.350163397229922
2017-06-05 ,0.210681354852419
2017-06-06 ,0.0454916008766194
2017-06-07 ,-0.389900729136035
2017-06-08 ,0.241416917072381
2017-06-09 ,-0.152578563147825
2017-06-12 ,-0.415445445717375
2017-06-13 ,-0.418241693605181
2017-06-14 ,0.253436695475425
2017-06-15 ,0.125796961532234
2017-06-16 ,-0.333848370092106
2017-06-19 ,-0.436364162388872
2017-06-20 ,0.440390046868225
2017-06-21 ,-0.290757946375151
2017-06-22 ,0.409735828153726
2017-06-23 ,0.475548987619353
2017-06-26 ,0.284642484937395
2017-06-27 ,-0.0437171413983992
2017-06-28 ,-0.564880219556497
2017-06-29 ,-0.0632810846912387
2017-06-30 ,-0.626147968003899
2017-07-03 ,0.190167926926408
2017-07-05 ,-0.0286137191808963
2017-07-06 ,-0.723613121171095
2017-07-07 ,-0.612824637252221
2017-07-10 ,0.385373696472544
2017-07-11 ,-0.247217564523138
2017-07-12 ,-0.323583650572345
2017-07-13 ,-0.116348671208308
2017-07-14 ,0.35150401195883
2017-07-17 ,0.253879203874819
2017-07-18 ,0.0601386109671283
2017-07-19 ,-0.55974782306719
2017-07-20 ,0.14029939045612
2017-07-21 ,-0.00974382716520712
2017-07-24 ,0.0958233409043286
2017-07-25 ,0.0173761662586068
2017-07-26 ,0.178769766081411
2017-07-27 ,-0.0803505103186908
2017-07-28 ,0.417204581847605
2017-07-31 ,-0.228727273100442
2017-08-01 ,-0.33883803967543
2017-08-02 ,-0.121058317337572
2017-08-03 ,-0.644594709800179
2017-08-04 ,1.41712167296965
2017-08-07 ,0.467547245549106
2017-08-08 ,0.334409609725561
2017-08-09 ,-0.473729573443541
2017-08-10 ,-0.444898574883947
2017-08-11 ,-0.80259438243808
2017-08-14 ,0.740570971973341
2017-08-15 ,0.163426294891356
2017-08-16 ,-0.948701376784116
2017-08-17 ,0.0713900437439737
2017-08-18 ,-0.168875225105352
2017-08-21 ,-0.652964194007825
2017-08-22 ,-0.501526845467633
2017-08-23 ,0.356200639631568
2017-08-24 ,-0.359576353076659
2017-08-25 ,-0.395026432471559
2017-08-28 ,0.472693359878107
2017-08-29 ,-0.0508751803192718
2017-08-30 ,-0.232705061109201
2017-08-31 ,0.498591038841085
2017-09-01 ,-0.177533873609491