Date,16:00:00 ,FrenchGrowth,,,,
2007-01-03 ,,-0.065423251233659,,,,
2007-01-04 ,16:00:00 ,-1.40170382525775,,,,
2007-01-05 ,16:00:00 ,0.806953805374762,,,,
2007-01-08 ,16:00:00 ,-1.24361861333909,,,,
2007-01-09 ,16:00:00 ,0.587429000590467,,,,
2007-01-10 ,16:00:00 ,0.242359744369167,,,,
2007-01-11 ,16:00:00 ,1.06686606832733,,,,
2007-01-12 ,16:00:00 ,0.982507886612156,,,,
2007-01-16 ,16:00:00 ,0.925918500517756,,,,
2007-01-17 ,16:00:00 ,-0.584268495760213,,,,
2007-01-18 ,16:00:00 ,-0.261644293975326,,,,
2007-01-19 ,16:00:00 ,-2.32214598821677,,,,
2007-01-22 ,16:00:00 ,1.57175499996467,,,,
2007-01-23 ,16:00:00 ,-0.707018811085305,,,,
2007-01-24 ,16:00:00 ,1.10468623731671,,,,
2007-01-25 ,16:00:00 ,1.95264133208719,,,,
2007-01-26 ,16:00:00 ,-2.59646820360116,,,,
2007-01-29 ,16:00:00 ,0.28137606038181,,,,
2007-01-30 ,16:00:00 ,-0.0555583852292638,,,,
2007-01-31 ,16:00:00 ,1.41086480735278,,,,
2007-02-01 ,16:00:00 ,0.589029400043132,,,,
2007-02-02 ,16:00:00 ,1.37074430639918,,,,
2007-02-05 ,16:00:00 ,0.213567150522449,,,,
2007-02-06 ,16:00:00 ,-0.426122952509509,,,,
2007-02-07 ,16:00:00 ,0.0485698534346205,,,,
2007-02-08 ,16:00:00 ,-0.122856025523936,,,,
2007-02-09 ,16:00:00 ,0.243734633553154,,,,
2007-02-12 ,16:00:00 ,-1.53548615815705,,,,
2007-02-13 ,16:00:00 ,-0.940740096421037,,,,
2007-02-14 ,16:00:00 ,1.66867765960902,,,,
2007-02-15 ,16:00:00 ,1.87495465130385,,,,
2007-02-16 ,16:00:00 ,0.0855985888377597,,,,
2007-02-20 ,16:00:00 ,-0.124593104556417,,,,
2007-02-21 ,16:00:00 ,0.502142695221365,,,,
2007-02-22 ,16:00:00 ,0.468930325058899,,,,
2007-02-23 ,16:00:00 ,-0.0109949399224745,,,,
2007-02-26 ,16:00:00 ,-0.327038726736862,,,,
2007-02-27 ,16:00:00 ,-0.362888507660571,,,,
2007-02-28 ,16:00:00 ,-5.96848781305112,,,,
2007-03-01 ,16:00:00 ,0.160258192000278,,,,
2007-03-02 ,16:00:00 ,-0.454445794188411,,,,
2007-03-05 ,16:00:00 ,-0.490885469423005,,,,
2007-03-06 ,16:00:00 ,-0.544414120953613,,,,
2007-03-07 ,16:00:00 ,0.144210845285836,,,,
2007-03-08 ,16:00:00 ,0.169224921069704,,,,
2007-03-09 ,16:00:00 ,-0.40199771175604,,,,
2007-03-12 ,16:00:00 ,0.111108634720297,,,,
2007-03-13 ,16:00:00 ,0,,,,
2007-03-14 ,16:00:00 ,0,,,,
2007-03-15 ,16:00:00 ,0,,,,
2007-03-16 ,16:00:00 ,0,,,,
2007-03-19 ,16:00:00 ,0,,,,
2007-03-20 ,16:00:00 ,0,,,,
2007-03-21 ,16:00:00 ,0,,,,
2007-03-22 ,16:00:00 ,0,,,,
2007-03-23 ,16:00:00 ,0,,,,
2007-03-26 ,16:00:00 ,0,,,,
2007-03-27 ,16:00:00 ,0,,,,
2007-03-28 ,16:00:00 ,0,,,,
2007-03-29 ,16:00:00 ,0,,,,
2007-03-30 ,16:00:00 ,0,,,,
2007-04-02 ,16:00:00 ,-0.0616097880872934,,,,
2007-04-03 ,16:00:00 ,1.07617803899539,,,,
2007-04-04 ,16:00:00 ,1.37950584712934,,,,
2007-04-05 ,16:00:00 ,0.53469548901105,,,,
2007-04-09 ,16:00:00 ,0.485946181174538,,,,
2007-04-10 ,16:00:00 ,0.505155711622079,,,,
2007-04-11 ,16:00:00 ,0.790756337150618,,,,
2007-04-12 ,16:00:00 ,-0.826175223748584,,,,
2007-04-13 ,16:00:00 ,1.49987124497442,,,,
2007-04-16 ,16:00:00 ,0.278084618698342,,,,
2007-04-17 ,16:00:00 ,1.36700288293867,,,,
2007-04-18 ,16:00:00 ,-0.289119775429774,,,,
2007-04-19 ,16:00:00 ,-0.166164104354495,,,,
2007-04-20 ,16:00:00 ,-0.409423431472756,,,,
2007-04-23 ,16:00:00 ,1.27183241253785,,,,
2007-04-24 ,16:00:00 ,0.182026914894841,,,,
2007-04-25 ,16:00:00 ,0.286514157847282,,,,
2007-04-26 ,16:00:00 ,1.62181514297443,,,,
2007-04-27 ,16:00:00 ,-0.408852908298044,,,,
2007-04-30 ,16:00:00 ,-0.707413672466635,,,,
2007-05-01 ,16:00:00 ,-2.09208153776806,,,,
2007-05-02 ,16:00:00 ,0.314358654045779,,,,
2007-05-03 ,16:00:00 ,1.57785144549922,,,,
2007-05-04 ,16:00:00 ,1.11175745008219,,,,
2007-05-07 ,16:00:00 ,0.412756683771338,,,,
2007-05-08 ,16:00:00 ,-0.0687846562813547,,,,
2007-05-09 ,16:00:00 ,-0.15848562782327,,,,
2007-05-10 ,16:00:00 ,0.819772603709345,,,,
2007-05-11 ,16:00:00 ,-2.24588512093371,,,,
2007-05-14 ,16:00:00 ,1.55351696995265,,,,
2007-05-15 ,16:00:00 ,-0.265724131572832,,,,
2007-05-16 ,16:00:00 ,-0.427870188475677,,,,
2007-05-17 ,16:00:00 ,0.738653086739656,,,,
2007-05-18 ,16:00:00 ,0.26895359640701,,,,
2007-05-21 ,16:00:00 ,1.1304977362523,,,,
2007-05-22 ,16:00:00 ,0.256073020515738,,,,
2007-05-23 ,16:00:00 ,-0.422345947121975,,,,
2007-05-24 ,16:00:00 ,0.27605569702205,,,,
2007-05-25 ,16:00:00 ,-1.857329221574,,,,
2007-05-29 ,16:00:00 ,1.13490977693521,,,,
2007-05-30 ,16:00:00 ,0.514979613499139,,,,
2007-05-31 ,16:00:00 ,1.66823907444604,,,,
2007-06-01 ,16:00:00 ,0.00517646934702197,,,,
2007-06-04 ,16:00:00 ,1.39984612300414,,,,
2007-06-05 ,16:00:00 ,0.665911109369005,,,,
2007-06-06 ,16:00:00 ,-1.23753519227552,,,,
2007-06-07 ,16:00:00 ,-1.86099393840095,,,,
2007-06-08 ,16:00:00 ,-3.52569766890981,,,,
2007-06-11 ,16:00:00 ,1.71832060444299,,,,
2007-06-12 ,16:00:00 ,-0.082154487303994,,,,
2007-06-13 ,16:00:00 ,-2.10818654850736,,,,
2007-06-14 ,16:00:00 ,2.57479038489316,,,,
2007-06-15 ,16:00:00 ,1.42316424498036,,,,
2007-06-18 ,16:00:00 ,1.82442505022285,,,,
2007-06-19 ,16:00:00 ,-0.042504599463934,,,,
2007-06-20 ,16:00:00 ,0.398222429103192,,,,
2007-06-21 ,16:00:00 ,-2.50342105738589,,,,
2007-06-22 ,16:00:00 ,1.84441033989029,,,,
2007-06-25 ,16:00:00 ,-1.55372640307902,,,,
2007-06-26 ,16:00:00 ,-1.4748209122667,,,,
2007-06-27 ,16:00:00 ,-1.77436669837574,,,,
2007-06-28 ,16:00:00 ,1.86257995128627,,,,
2007-06-29 ,16:00:00 ,-0.330715927786312,,,,
2007-07-02 ,16:00:00 ,0.15532490567607,,,,
2007-07-03 ,16:00:00 ,2.16350118999693,,,,
2007-07-05 ,16:00:00 ,0.288352603863941,,,,
2007-07-06 ,16:00:00 ,0.99469242511576,,,,
2007-07-09 ,16:00:00 ,1.14032602085899,,,,
2007-07-10 ,16:00:00 ,0.513100850575857,,,,
2007-07-11 ,16:00:00 ,-2.19433697601191,,,,
2007-07-12 ,16:00:00 ,0.715116521555526,,,,
2007-07-13 ,16:00:00 ,2.43906904970485,,,,
2007-07-16 ,16:00:00 ,1.07581877692337,,,,
2007-07-17 ,16:00:00 ,-0.789905845501204,,,,
2007-07-18 ,16:00:00 ,0.0242618526006717,,,,
2007-07-19 ,16:00:00 ,0.320714506430887,,,,
2007-07-20 ,16:00:00 ,1.04873055379248,,,,
2007-07-23 ,16:00:00 ,-1.54321296424087,,,,
2007-07-24 ,16:00:00 ,-0.0944492014860594,,,,
2007-07-25 ,16:00:00 ,-3.21395883480285,,,,
2007-07-26 ,16:00:00 ,0.134078171558791,,,,
2007-07-27 ,16:00:00 ,-3.07465116512921,,,,
2007-07-30 ,16:00:00 ,-0.25261569647808,,,,
2007-07-31 ,16:00:00 ,0,,,,
2007-08-01 ,16:00:00 ,-0.0957950286260561,,,,
2007-08-02 ,16:00:00 ,-0.75164970487918,,,,
2007-08-03 ,16:00:00 ,0.0974490039789049,,,,
2007-08-06 ,16:00:00 ,-0.363282607827649,,,,
2007-08-07 ,16:00:00 ,-0.731880295253932,,,,
2007-08-08 ,16:00:00 ,-0.226403973609876,,,,
2007-08-09 ,16:00:00 ,0,,,,
2007-08-10 ,16:00:00 ,0,,,,
2007-08-13 ,16:00:00 ,0,,,,
2007-08-14 ,16:00:00 ,0,,,,
2007-08-15 ,16:00:00 ,0,,,,
2007-08-16 ,16:00:00 ,0,,,,
2007-08-17 ,16:00:00 ,0,,,,
2007-08-20 ,16:00:00 ,0,,,,
2007-08-21 ,16:00:00 ,0,,,,
2007-08-22 ,16:00:00 ,0,,,,
2007-08-23 ,16:00:00 ,0,,,,
2007-08-24 ,16:00:00 ,0,,,,
2007-08-27 ,16:00:00 ,0,,,,
2007-08-28 ,16:00:00 ,0,,,,
2007-08-29 ,16:00:00 ,0,,,,
2007-08-30 ,16:00:00 ,0,,,,
2007-08-31 ,16:00:00 ,0,,,,
2007-09-04 ,16:00:00 ,-0.0552987614281673,,,,
2007-09-05 ,16:00:00 ,2.77339778132176,,,,
2007-09-06 ,16:00:00 ,-1.97760768975349,,,,
2007-09-07 ,16:00:00 ,1.68505892176546,,,,
2007-09-10 ,16:00:00 ,-2.91581133541885,,,,
2007-09-11 ,16:00:00 ,-0.182724771618667,,,,
2007-09-12 ,16:00:00 ,2.75104028167415,,,,
2007-09-13 ,16:00:00 ,-0.0561155255980451,,,,
2007-09-14 ,16:00:00 ,1.08830805404238,,,,
2007-09-17 ,16:00:00 ,-0.0588878458394887,,,,
2007-09-18 ,16:00:00 ,-0.641242549661968,,,,
2007-09-19 ,16:00:00 ,5.14845019930431,,,,
2007-09-20 ,16:00:00 ,1.21694519534306,,,,
2007-09-21 ,16:00:00 ,0,,,,
2007-09-24 ,16:00:00 ,0,,,,
2007-09-25 ,16:00:00 ,0,,,,
2007-09-26 ,16:00:00 ,0,,,,
2007-09-27 ,16:00:00 ,0,,,,
2007-09-28 ,16:00:00 ,0,,,,
2007-10-01 ,16:00:00 ,-0.0563747661477051,,,,
2007-10-02 ,16:00:00 ,2.44005825540821,,,,
2007-10-03 ,16:00:00 ,0.0683195999392854,,,,
2007-10-04 ,16:00:00 ,-2.32404484195596,,,,
2007-10-05 ,16:00:00 ,0.0968743204459069,,,,
2007-10-08 ,16:00:00 ,2.80337149583142,,,,
2007-10-09 ,16:00:00 ,-0.590730818693124,,,,
2007-10-10 ,16:00:00 ,1.23685872972433,,,,
2007-10-11 ,16:00:00 ,0.226117486310117,,,,
2007-10-12 ,16:00:00 ,-1.22652733906037,,,,
2007-10-15 ,16:00:00 ,1.61716117717273,,,,
2007-10-16 ,16:00:00 ,-1.13339364808612,,,,
2007-10-17 ,16:00:00 ,-2.173163326611,,,,
2007-10-18 ,16:00:00 ,1.3936527372,,,,
2007-10-19 ,16:00:00 ,-0.220090632142147,,,,
2007-10-22 ,16:00:00 ,-4.11005617413932,,,,
2007-10-23 ,16:00:00 ,-1.63214631753882,,,,
2007-10-24 ,16:00:00 ,0,,,,
2007-10-25 ,16:00:00 ,0,,,,
2007-10-26 ,16:00:00 ,0,,,,
2007-10-29 ,16:00:00 ,0,,,,
2007-10-30 ,16:00:00 ,0,,,,
2007-10-31 ,16:00:00 ,0,,,,
2007-11-01 ,16:00:00 ,-0.0536170525909241,,,,
2007-11-02 ,16:00:00 ,-3.81094318927992,,,,
2007-11-05 ,16:00:00 ,1.70566642971834,,,,
2007-11-06 ,16:00:00 ,-1.74797419776884,,,,
2007-11-07 ,16:00:00 ,2.01125473756447,,,,
2007-11-08 ,16:00:00 ,-4.37053644063159,,,,
2007-11-09 ,16:00:00 ,0.822980913831349,,,,
2007-11-12 ,16:00:00 ,0,,,,
2007-11-13 ,16:00:00 ,0,,,,
2007-11-14 ,16:00:00 ,0,,,,
2007-11-15 ,16:00:00 ,0,,,,
2007-11-16 ,16:00:00 ,0,,,,
2007-11-19 ,16:00:00 ,0,,,,
2007-11-20 ,16:00:00 ,0,,,,
2007-11-21 ,16:00:00 ,0,,,,
2007-11-23 ,13:00:00 ,0,,,,
2007-11-26 ,16:00:00 ,0,,,,
2007-11-27 ,16:00:00 ,0,,,,
2007-11-28 ,16:00:00 ,0,,,,
2007-11-29 ,16:00:00 ,0,,,,
2007-11-30 ,16:00:00 ,0,,,,
2007-12-03 ,16:00:00 ,-0.0597429124275399,,,,
2007-12-04 ,16:00:00 ,0.181734906575081,,,,
2007-12-05 ,16:00:00 ,0,,,,
2007-12-06 ,16:00:00 ,0,,,,
2007-12-07 ,16:00:00 ,0,,,,
2007-12-10 ,16:00:00 ,0,,,,
2007-12-11 ,16:00:00 ,0,,,,
2007-12-12 ,16:00:00 ,0,,,,
2007-12-13 ,16:00:00 ,0,,,,
2007-12-14 ,16:00:00 ,0,,,,
2007-12-17 ,16:00:00 ,0,,,,
2007-12-18 ,16:00:00 ,0,,,,
2007-12-19 ,16:00:00 ,0,,,,
2007-12-20 ,16:00:00 ,0,,,,
2007-12-21 ,16:00:00 ,0,,,,
2007-12-24 ,16:00:00 ,0,,,,
2007-12-26 ,16:00:00 ,0,,,,
2007-12-27 ,16:00:00 ,0,,,,
2007-12-28 ,16:00:00 ,0,,,,
2007-12-31 ,16:00:00 ,0,,,,
2008-01-02 ,16:00:00 ,-0.0593195842944967,,,,
2008-01-03 ,16:00:00 ,-2.81797693041417,,,,
2008-01-04 ,16:00:00 ,-1.20057408816824,,,,
2008-01-07 ,16:00:00 ,-4.86310229821293,,,,
2008-01-08 ,16:00:00 ,0.723346818252151,,,,
2008-01-09 ,16:00:00 ,0,,,,
2008-01-10 ,16:00:00 ,0,,,,
2008-01-11 ,16:00:00 ,0,,,,
2008-01-14 ,16:00:00 ,0,,,,
2008-01-15 ,16:00:00 ,0,,,,
2008-01-16 ,16:00:00 ,0,,,,
2008-01-17 ,16:00:00 ,0,,,,
2008-01-18 ,16:00:00 ,0,,,,
2008-01-22 ,16:00:00 ,0,,,,
2008-01-23 ,16:00:00 ,0,,,,
2008-01-24 ,16:00:00 ,0,,,,
2008-01-25 ,16:00:00 ,0,,,,
2008-01-28 ,16:00:00 ,0,,,,
2008-01-29 ,16:00:00 ,0,,,,
2008-01-30 ,16:00:00 ,0,,,,
2008-01-31 ,16:00:00 ,0,,,,
2008-02-01 ,16:00:00 ,-0.0677152329394631,,,,
2008-02-04 ,16:00:00 ,3.43564821040964,,,,
2008-02-05 ,16:00:00 ,0.131847988676434,,,,
2008-02-06 ,16:00:00 ,0,,,,
2008-02-07 ,16:00:00 ,0,,,,
2008-02-08 ,16:00:00 ,0,,,,
2008-02-11 ,16:00:00 ,0,,,,
2008-02-12 ,16:00:00 ,0,,,,
2008-02-13 ,16:00:00 ,0,,,,
2008-02-14 ,16:00:00 ,0,,,,
2008-02-15 ,16:00:00 ,0,,,,
2008-02-19 ,16:00:00 ,0,,,,
2008-02-20 ,16:00:00 ,0,,,,
2008-02-21 ,16:00:00 ,0,,,,
2008-02-22 ,16:00:00 ,0,,,,
2008-02-25 ,16:00:00 ,0,,,,
2008-02-26 ,16:00:00 ,0,,,,
2008-02-27 ,16:00:00 ,0,,,,
2008-02-28 ,16:00:00 ,0,,,,
2008-02-29 ,16:00:00 ,0,,,,
2008-03-03 ,16:00:00 ,-0.0666879150268161,,,,
2008-03-04 ,16:00:00 ,-0.407903139273644,,,,
2008-03-05 ,16:00:00 ,0.417063445013849,,,,
2008-03-06 ,16:00:00 ,1.2900157422012,,,,
2008-03-07 ,16:00:00 ,-4.98272892352311,,,,
2008-03-10 ,16:00:00 ,-1.58913857055047,,,,
2008-03-11 ,16:00:00 ,0,,,,
2008-03-12 ,16:00:00 ,0,,,,
2008-03-13 ,16:00:00 ,0,,,,
2008-03-14 ,16:00:00 ,0,,,,
2008-03-17 ,16:00:00 ,0,,,,
2008-03-18 ,16:00:00 ,0,,,,
2008-03-19 ,16:00:00 ,0,,,,
2008-03-20 ,16:00:00 ,0,,,,
2008-03-24 ,16:00:00 ,0,,,,
2008-03-25 ,16:00:00 ,0,,,,
2008-03-26 ,16:00:00 ,0,,,,
2008-03-27 ,16:00:00 ,0,,,,
2008-03-28 ,16:00:00 ,0,,,,
2008-03-31 ,16:00:00 ,0,,,,
2008-04-01 ,16:00:00 ,-0.0684032399155211,,,,
2008-04-02 ,16:00:00 ,4.06223079916977,,,,
2008-04-03 ,16:00:00 ,0.388095615998223,,,,
2008-04-04 ,16:00:00 ,0,,,,
2008-04-07 ,16:00:00 ,0,,,,
2008-04-08 ,16:00:00 ,0,,,,
2008-04-09 ,16:00:00 ,0,,,,
2008-04-10 ,16:00:00 ,0,,,,
2008-04-11 ,16:00:00 ,0,,,,
2008-04-14 ,16:00:00 ,0,,,,
2008-04-15 ,16:00:00 ,0,,,,
2008-04-16 ,16:00:00 ,0,,,,
2008-04-17 ,16:00:00 ,0,,,,
2008-04-18 ,16:00:00 ,0,,,,
2008-04-21 ,16:00:00 ,0,,,,
2008-04-22 ,16:00:00 ,0,,,,
2008-04-23 ,16:00:00 ,0,,,,
2008-04-24 ,16:00:00 ,0,,,,
2008-04-25 ,16:00:00 ,0,,,,
2008-04-28 ,16:00:00 ,0,,,,
2008-04-29 ,16:00:00 ,0,,,,
2008-04-30 ,16:00:00 ,0,,,,
2008-05-01 ,16:00:00 ,-0.0659897052654507,,,,
2008-05-02 ,16:00:00 ,4.24187839410487,,,,
2008-05-05 ,16:00:00 ,-0.0570106292307955,,,,
2008-05-06 ,16:00:00 ,0.554840613216234,,,,
2008-05-07 ,16:00:00 ,1.87145132703658,,,,
2008-05-08 ,16:00:00 ,-3.04130364737258,,,,
2008-05-09 ,16:00:00 ,0.591895903045701,,,,
2008-05-12 ,16:00:00 ,-0.440829554433984,,,,
2008-05-13 ,16:00:00 ,1.89016756156362,,,,
2008-05-14 ,16:00:00 ,0.569080998432909,,,,
2008-05-15 ,16:00:00 ,1.1413105168027,,,,
2008-05-16 ,16:00:00 ,2.88974011170303,,,,
2008-05-19 ,16:00:00 ,-0.0616072700790229,,,,
2008-05-20 ,16:00:00 ,-0.918165748641029,,,,
2008-05-21 ,16:00:00 ,-1.99965054781132,,,,
2008-05-22 ,16:00:00 ,-2.85619414545863,,,,
2008-05-23 ,16:00:00 ,-0.17589143834853,,,,
2008-05-27 ,16:00:00 ,-1.84241347137365,,,,
2008-05-28 ,16:00:00 ,1.11611951968615,,,,
2008-05-29 ,16:00:00 ,1.22051581891027,,,,
2008-05-30 ,16:00:00 ,-0.139500421460771,,,,
2008-06-02 ,16:00:00 ,1.2684927849035,,,,
2008-06-03 ,16:00:00 ,-0.75953227750605,,,,
2008-06-04 ,16:00:00 ,-1.07993205000474,,,,
2008-06-05 ,16:00:00 ,-0.563307058569375,,,,
2008-06-06 ,16:00:00 ,4.92444481574504,,,,
2008-06-09 ,16:00:00 ,-6.09621795174488,,,,
2008-06-10 ,16:00:00 ,4.43804657574981,,,,
2008-06-11 ,16:00:00 ,-2.41985066559698,,,,
2008-06-12 ,16:00:00 ,-1.77991170903063,,,,
2008-06-13 ,16:00:00 ,0.694642045258493,,,,
2008-06-16 ,16:00:00 ,0,,,,
2008-06-17 ,16:00:00 ,0,,,,
2008-06-18 ,16:00:00 ,0,,,,
2008-06-19 ,16:00:00 ,0,,,,
2008-06-20 ,16:00:00 ,0,,,,
2008-06-23 ,16:00:00 ,0,,,,
2008-06-24 ,16:00:00 ,0,,,,
2008-06-25 ,16:00:00 ,0,,,,
2008-06-26 ,16:00:00 ,0,,,,
2008-06-27 ,16:00:00 ,0,,,,
2008-06-30 ,16:00:00 ,0,,,,
2008-07-01 ,16:00:00 ,-0.10494096320295,,,,
2008-07-02 ,16:00:00 ,-0.168412793864453,,,,
2008-07-03 ,16:00:00 ,0.623696917777442,,,,
2008-07-07 ,16:00:00 ,-1.20169810343498,,,,
2008-07-08 ,16:00:00 ,-0.376820777659751,,,,
2008-07-09 ,16:00:00 ,1.07812890486126,,,,
2008-07-10 ,16:00:00 ,-0.413292888768764,,,,
2008-07-11 ,16:00:00 ,0,,,,
2008-07-14 ,16:00:00 ,0,,,,
2008-07-15 ,16:00:00 ,0,,,,
2008-07-16 ,16:00:00 ,0,,,,
2008-07-17 ,16:00:00 ,0,,,,
2008-07-18 ,16:00:00 ,0,,,,
2008-07-21 ,16:00:00 ,0,,,,
2008-07-22 ,16:00:00 ,0,,,,
2008-07-23 ,16:00:00 ,0,,,,
2008-07-24 ,16:00:00 ,0,,,,
2008-07-25 ,16:00:00 ,0,,,,
2008-07-28 ,16:00:00 ,0,,,,
2008-07-29 ,16:00:00 ,0,,,,
2008-07-30 ,16:00:00 ,0,,,,
2008-07-31 ,16:00:00 ,0,,,,
2008-08-01 ,16:00:00 ,-0.0679083168186012,,,,
2008-08-04 ,16:00:00 ,-0.648351163489289,,,,
2008-08-05 ,16:00:00 ,-1.74347085582873,,,,
2008-08-06 ,16:00:00 ,2.53458843276074,,,,
2008-08-07 ,16:00:00 ,0.506709876113377,,,,
2008-08-08 ,16:00:00 ,-1.17672174529155,,,,
2008-08-11 ,16:00:00 ,3.03651473014171,,,,
2008-08-12 ,16:00:00 ,1.26503936322548,,,,
2008-08-13 ,16:00:00 ,-0.291318972352027,,,,
2008-08-14 ,16:00:00 ,0,,,,
2008-08-15 ,16:00:00 ,0,,,,
2008-08-18 ,16:00:00 ,0,,,,
2008-08-19 ,16:00:00 ,0,,,,
2008-08-20 ,16:00:00 ,0,,,,
2008-08-21 ,16:00:00 ,0,,,,
2008-08-22 ,16:00:00 ,0,,,,
2008-08-25 ,16:00:00 ,0,,,,
2008-08-26 ,16:00:00 ,0,,,,
2008-08-27 ,16:00:00 ,0,,,,
2008-08-28 ,16:00:00 ,0,,,,
2008-08-29 ,16:00:00 ,0,,,,
2008-09-02 ,16:00:00 ,-0.0645049047443322,,,,
2008-09-03 ,16:00:00 ,0.435716010147843,,,,
2008-09-04 ,16:00:00 ,-0.730160957102853,,,,
2008-09-05 ,16:00:00 ,-5.11184726955801,,,,
2008-09-08 ,16:00:00 ,-1.55702449435133,,,,
2008-09-09 ,16:00:00 ,0,,,,
2008-09-10 ,16:00:00 ,0,,,,
2008-09-11 ,16:00:00 ,0,,,,
2008-09-12 ,16:00:00 ,0,,,,
2008-09-15 ,16:00:00 ,0,,,,
2008-09-16 ,16:00:00 ,0,,,,
2008-09-17 ,16:00:00 ,0,,,,
2008-09-18 ,16:00:00 ,0,,,,
2008-09-19 ,16:00:00 ,0,,,,
2008-09-22 ,16:00:00 ,0,,,,
2008-09-23 ,16:00:00 ,0,,,,
2008-09-24 ,16:00:00 ,0,,,,
2008-09-25 ,16:00:00 ,0,,,,
2008-09-26 ,16:00:00 ,0,,,,
2008-09-29 ,16:00:00 ,0,,,,
2008-09-30 ,16:00:00 ,0,,,,
2008-10-01 ,16:00:00 ,-0.109758720970296,,,,
2008-10-02 ,16:00:00 ,1.36099523597745,,,,
2008-10-03 ,16:00:00 ,2.28076178492059,,,,
2008-10-06 ,16:00:00 ,-1.67697080494658,,,,
2008-10-07 ,16:00:00 ,0.620944583269363,,,,
2008-10-08 ,16:00:00 ,0.180178494190124,,,,
2008-10-09 ,16:00:00 ,-1.21901980642315,,,,
2008-10-10 ,16:00:00 ,-0.0251540849807847,,,,
2008-10-13 ,16:00:00 ,0.388673682158814,,,,
2008-10-14 ,16:00:00 ,-2.12875693785518,,,,
2008-10-15 ,16:00:00 ,-0.293015236598731,,,,
2008-10-16 ,16:00:00 ,2.5790638302253,,,,
2008-10-17 ,16:00:00 ,-0.037169744128726,,,,
2008-10-20 ,16:00:00 ,-0.200772269968012,,,,
2008-10-21 ,16:00:00 ,-0.940310681614532,,,,
2008-10-22 ,16:00:00 ,0.793207514260637,,,,
2008-10-23 ,16:00:00 ,2.12908944525825,,,,
2008-10-24 ,16:00:00 ,-1.42568318115563,,,,
2008-10-27 ,16:00:00 ,0.349507760600312,,,,
2008-10-28 ,16:00:00 ,1.0552929917077,,,,
2008-10-29 ,16:00:00 ,1.24524612643864,,,,
2008-10-30 ,16:00:00 ,-1.60757257052249,,,,
2008-10-31 ,16:00:00 ,-0.441504163744536,,,,
2008-11-03 ,16:00:00 ,1.05214654851507,,,,
2008-11-04 ,16:00:00 ,-0.309354692372578,,,,
2008-11-05 ,16:00:00 ,-1.57772112010218,,,,
2008-11-06 ,16:00:00 ,1.18941111190314,,,,
2008-11-07 ,16:00:00 ,1.44937797889153,,,,
2008-11-10 ,16:00:00 ,-2.11761408769911,,,,
2008-11-11 ,16:00:00 ,-1.53493441950812,,,,
2008-11-12 ,16:00:00 ,0.539650016521758,,,,
2008-11-13 ,16:00:00 ,-0.0561073472257469,,,,
2008-11-14 ,16:00:00 ,-0.487381950247919,,,,
2008-11-17 ,16:00:00 ,-0.509560491620308,,,,
2008-11-18 ,16:00:00 ,0.375747197431934,,,,
2008-11-19 ,16:00:00 ,-0.773853861289913,,,,
2008-11-20 ,16:00:00 ,-0.335802853051813,,,,
2008-11-21 ,16:00:00 ,1.46308952289882,,,,
2008-11-24 ,16:00:00 ,-0.0664649050337147,,,,
2008-11-25 ,16:00:00 ,0.206320174977439,,,,
2008-11-26 ,16:00:00 ,0.817216582581824,,,,
2008-11-28 ,13:00:00 ,0.334453336568517,,,,
2008-12-01 ,16:00:00 ,0.0608687254487467,,,,
2008-12-02 ,16:00:00 ,0.220093606912817,,,,
2008-12-03 ,16:00:00 ,0.360032024989881,,,,
2008-12-04 ,16:00:00 ,0.941456613024762,,,,
2008-12-05 ,16:00:00 ,0.79163660000944,,,,
2008-12-08 ,16:00:00 ,0.301579386096754,,,,
2008-12-09 ,16:00:00 ,-0.859250629240469,,,,
2008-12-10 ,16:00:00 ,-0.109950742339502,,,,
2008-12-11 ,16:00:00 ,-0.533450679317674,,,,
2008-12-12 ,16:00:00 ,0,,,,
2008-12-15 ,16:00:00 ,0,,,,
2008-12-16 ,16:00:00 ,0,,,,
2008-12-17 ,16:00:00 ,0,,,,
2008-12-18 ,16:00:00 ,0,,,,
2008-12-19 ,16:00:00 ,0,,,,
2008-12-22 ,16:00:00 ,0,,,,
2008-12-23 ,16:00:00 ,0,,,,
2008-12-24 ,16:00:00 ,0,,,,
2008-12-26 ,16:00:00 ,0,,,,
2008-12-29 ,16:00:00 ,0,,,,
2008-12-30 ,16:00:00 ,0,,,,
2008-12-31 ,16:00:00 ,0,,,,
2009-01-02 ,16:00:00 ,-0.0788006597876601,,,,
2009-01-05 ,16:00:00 ,6.99876732443797,,,,
2009-01-06 ,16:00:00 ,-1.01667437715119,,,,
2009-01-07 ,16:00:00 ,0,,,,
2009-01-08 ,16:00:00 ,0,,,,
2009-01-09 ,16:00:00 ,0,,,,
2009-01-12 ,16:00:00 ,0,,,,
2009-01-13 ,16:00:00 ,0,,,,
2009-01-14 ,16:00:00 ,0,,,,
2009-01-15 ,16:00:00 ,0,,,,
2009-01-16 ,16:00:00 ,0,,,,
2009-01-20 ,16:00:00 ,0,,,,
2009-01-21 ,16:00:00 ,0,,,,
2009-01-22 ,16:00:00 ,0,,,,
2009-01-23 ,16:00:00 ,0,,,,
2009-01-26 ,16:00:00 ,0,,,,
2009-01-27 ,16:00:00 ,0,,,,
2009-01-28 ,16:00:00 ,0,,,,
2009-01-29 ,16:00:00 ,0,,,,
2009-01-30 ,16:00:00 ,0,,,,
2009-02-02 ,16:00:00 ,-0.0972645246240629,,,,
2009-02-03 ,16:00:00 ,-1.82028146155077,,,,
2009-02-04 ,16:00:00 ,4.25635371246021,,,,
2009-02-05 ,16:00:00 ,-0.451036891766545,,,,
2009-02-06 ,16:00:00 ,4.22022844333443,,,,
2009-02-09 ,16:00:00 ,7.12933378008007,,,,
2009-02-10 ,16:00:00 ,-0.982876081514939,,,,
2009-02-11 ,16:00:00 ,-8.64111678663005,,,,
2009-02-12 ,16:00:00 ,0.531951890537938,,,,
2009-02-13 ,16:00:00 ,0.264837959325406,,,,
2009-02-17 ,16:00:00 ,-1.12209352802402,,,,
2009-02-18 ,16:00:00 ,-8.78745890981204,,,,
2009-02-19 ,16:00:00 ,1.46273432096463,,,,
2009-02-20 ,16:00:00 ,0,,,,
2009-02-23 ,16:00:00 ,0,,,,
2009-02-24 ,16:00:00 ,0,,,,
2009-02-25 ,16:00:00 ,0,,,,
2009-02-26 ,16:00:00 ,0,,,,
2009-02-27 ,16:00:00 ,0,,,,
2009-03-02 ,16:00:00 ,-0.118089811626871,,,,
2009-03-03 ,16:00:00 ,-1.86561535758375,,,,
2009-03-04 ,16:00:00 ,0.177310195084226,,,,
2009-03-05 ,16:00:00 ,1.85257260532001,,,,
2009-03-06 ,16:00:00 ,0.855414804264257,,,,
2009-03-09 ,16:00:00 ,-0.325960042628817,,,,
2009-03-10 ,16:00:00 ,-0.437033224527635,,,,
2009-03-11 ,16:00:00 ,0.295555107613388,,,,
2009-03-12 ,16:00:00 ,0.304448274814151,,,,
2009-03-13 ,16:00:00 ,0,,,,
2009-03-16 ,16:00:00 ,0,,,,
2009-03-17 ,16:00:00 ,0,,,,
2009-03-18 ,16:00:00 ,0,,,,
2009-03-19 ,16:00:00 ,0,,,,
2009-03-20 ,16:00:00 ,0,,,,
2009-03-23 ,16:00:00 ,0,,,,
2009-03-24 ,16:00:00 ,0,,,,
2009-03-25 ,16:00:00 ,0,,,,
2009-03-26 ,16:00:00 ,0,,,,
2009-03-27 ,16:00:00 ,0,,,,
2009-03-30 ,16:00:00 ,0,,,,
2009-03-31 ,16:00:00 ,0,,,,
2009-04-01 ,16:00:00 ,-0.0773479635928458,,,,
2009-04-02 ,16:00:00 ,2.75352214431143,,,,
2009-04-03 ,16:00:00 ,7.30342673182925,,,,
2009-04-06 ,16:00:00 ,3.83610696322885,,,,
2009-04-07 ,16:00:00 ,-2.95701751769449,,,,
2009-04-08 ,16:00:00 ,0,,,,
2009-04-09 ,16:00:00 ,0,,,,
2009-04-13 ,16:00:00 ,0,,,,
2009-04-14 ,16:00:00 ,0,,,,
2009-04-15 ,16:00:00 ,0,,,,
2009-04-16 ,16:00:00 ,0,,,,
2009-04-17 ,16:00:00 ,0,,,,
2009-04-20 ,16:00:00 ,0,,,,
2009-04-21 ,16:00:00 ,0,,,,
2009-04-22 ,16:00:00 ,0,,,,
2009-04-23 ,16:00:00 ,0,,,,
2009-04-24 ,16:00:00 ,0,,,,
2009-04-27 ,16:00:00 ,0,,,,
2009-04-28 ,16:00:00 ,0,,,,
2009-04-29 ,16:00:00 ,0,,,,
2009-04-30 ,16:00:00 ,0,,,,
2009-05-01 ,16:00:00 ,-0.0726475816764461,,,,
2009-05-04 ,16:00:00 ,0.823755732648902,,,,
2009-05-05 ,16:00:00 ,7.48617194038076,,,,
2009-05-06 ,16:00:00 ,-1.07551265568979,,,,
2009-05-07 ,16:00:00 ,0,,,,
2009-05-08 ,16:00:00 ,0,,,,
2009-05-11 ,16:00:00 ,0,,,,
2009-05-12 ,16:00:00 ,0,,,,
2009-05-13 ,16:00:00 ,0,,,,
2009-05-14 ,16:00:00 ,0,,,,
2009-05-15 ,16:00:00 ,0,,,,
2009-05-18 ,16:00:00 ,0,,,,
2009-05-19 ,16:00:00 ,0,,,,
2009-05-20 ,16:00:00 ,0,,,,
2009-05-21 ,16:00:00 ,0,,,,
2009-05-22 ,16:00:00 ,0,,,,
2009-05-26 ,16:00:00 ,0,,,,
2009-05-27 ,16:00:00 ,0,,,,
2009-05-28 ,16:00:00 ,0,,,,
2009-05-29 ,16:00:00 ,0,,,,
2009-06-01 ,16:00:00 ,-0.083927227492373,,,,
2009-06-02 ,16:00:00 ,8.10070197756218,,,,
2009-06-03 ,16:00:00 ,-1.0499779890789,,,,
2009-06-04 ,16:00:00 ,0,,,,
2009-06-05 ,16:00:00 ,0,,,,
2009-06-08 ,16:00:00 ,0,,,,
2009-06-09 ,16:00:00 ,0,,,,
2009-06-10 ,16:00:00 ,0,,,,
2009-06-11 ,16:00:00 ,0,,,,
2009-06-12 ,16:00:00 ,0,,,,
2009-06-15 ,16:00:00 ,0,,,,
2009-06-16 ,16:00:00 ,0,,,,
2009-06-17 ,16:00:00 ,0,,,,
2009-06-18 ,16:00:00 ,0,,,,
2009-06-19 ,16:00:00 ,0,,,,
2009-06-22 ,16:00:00 ,0,,,,
2009-06-23 ,16:00:00 ,0,,,,
2009-06-24 ,16:00:00 ,0,,,,
2009-06-25 ,16:00:00 ,0,,,,
2009-06-26 ,16:00:00 ,0,,,,
2009-06-29 ,16:00:00 ,0,,,,
2009-06-30 ,16:00:00 ,0,,,,
2009-07-01 ,16:00:00 ,-0.0794747705790112,,,,
2009-07-02 ,16:00:00 ,0.679268763923206,,,,
2009-07-06 ,16:00:00 ,-5.29262720511826,,,,
2009-07-07 ,16:00:00 ,-2.507894620812,,,,
2009-07-08 ,16:00:00 ,-4.12499296894083,,,,
2009-07-09 ,16:00:00 ,-2.20524643181616,,,,
2009-07-10 ,16:00:00 ,2.46750231633337,,,,
2009-07-13 ,16:00:00 ,-0.738317242834289,,,,
2009-07-14 ,16:00:00 ,3.57271446912449,,,,
2009-07-15 ,16:00:00 ,2.50351564623776,,,,
2009-07-16 ,16:00:00 ,7.72250926456212,,,,
2009-07-17 ,16:00:00 ,-0.973551607362506,,,,
2009-07-20 ,16:00:00 ,0,,,,
2009-07-21 ,16:00:00 ,0,,,,
2009-07-22 ,16:00:00 ,0,,,,
2009-07-23 ,16:00:00 ,0,,,,
2009-07-24 ,16:00:00 ,0,,,,
2009-07-27 ,16:00:00 ,0,,,,
2009-07-28 ,16:00:00 ,0,,,,
2009-07-29 ,16:00:00 ,0,,,,
2009-07-30 ,16:00:00 ,0,,,,
2009-07-31 ,16:00:00 ,0,,,,
2009-08-03 ,16:00:00 ,-0.0664111079320967,,,,
2009-08-04 ,16:00:00 ,3.56748328252524,,,,
2009-08-05 ,16:00:00 ,1.23736114597591,,,,
2009-08-06 ,16:00:00 ,-0.0424330436782956,,,,
2009-08-07 ,16:00:00 ,-0.967214088212587,,,,
2009-08-10 ,16:00:00 ,3.40933984181365,,,,
2009-08-11 ,16:00:00 ,-1.87795592817906,,,,
2009-08-12 ,16:00:00 ,-1.65809245722105,,,,
2009-08-13 ,16:00:00 ,2.7619397384457,,,,
2009-08-14 ,16:00:00 ,1.94336771724864,,,,
2009-08-17 ,16:00:00 ,-2.48367418795052,,,,
2009-08-18 ,16:00:00 ,-5.09944475197183,,,,
2009-08-19 ,16:00:00 ,2.42774116278206,,,,
2009-08-20 ,16:00:00 ,0.607381196727824,,,,
2009-08-21 ,16:00:00 ,1.81047513753024,,,,
2009-08-24 ,16:00:00 ,2.75454836496036,,,,
2009-08-25 ,16:00:00 ,-0.608214038911549,,,,
2009-08-26 ,16:00:00 ,0.924196105983648,,,,
2009-08-27 ,16:00:00 ,-0.313356228045489,,,,
2009-08-28 ,16:00:00 ,1.03377268605066,,,,
2009-08-31 ,16:00:00 ,0.749592602427034,,,,
2009-09-01 ,16:00:00 ,-2.35504169845174,,,,
2009-09-02 ,16:00:00 ,-5.12456010492614,,,,
2009-09-03 ,16:00:00 ,-1.09574807391296,,,,
2009-09-04 ,16:00:00 ,3.00136510601296,,,,
2009-09-08 ,16:00:00 ,2.87935262819609,,,,
2009-09-09 ,16:00:00 ,2.50121331460519,,,,
2009-09-10 ,16:00:00 ,2.06055271622047,,,,
2009-09-11 ,16:00:00 ,2.08328633851355,,,,
2009-09-14 ,16:00:00 ,-0.606028934153388,,,,
2009-09-15 ,16:00:00 ,1.27507884881552,,,,
2009-09-16 ,16:00:00 ,2.32673589090387,,,,
2009-09-17 ,16:00:00 ,3.85303965530937,,,,
2009-09-18 ,16:00:00 ,-0.44750566674347,,,,
2009-09-21 ,16:00:00 ,0,,,,
2009-09-22 ,16:00:00 ,0,,,,
2009-09-23 ,16:00:00 ,0,,,,
2009-09-24 ,16:00:00 ,0,,,,
2009-09-25 ,16:00:00 ,0,,,,
2009-09-28 ,16:00:00 ,0,,,,
2009-09-29 ,16:00:00 ,0,,,,
2009-09-30 ,16:00:00 ,0,,,,
2009-10-01 ,16:00:00 ,-0.0678169837306677,,,,
2009-10-02 ,16:00:00 ,-7.3005943513082,,,,
2009-10-05 ,16:00:00 ,-1.28795130816801,,,,
2009-10-06 ,16:00:00 ,4.60228459869573,,,,
2009-10-07 ,16:00:00 ,3.04695983391955,,,,
2009-10-08 ,16:00:00 ,0.35928020171154,,,,
2009-10-09 ,16:00:00 ,3.42122840363322,,,,
2009-10-12 ,16:00:00 ,0.51055267819202,,,,
2009-10-13 ,16:00:00 ,0.444760521746337,,,,
2009-10-14 ,16:00:00 ,0.0595674028142632,,,,
2009-10-15 ,16:00:00 ,3.75181101128669,,,,
2009-10-16 ,16:00:00 ,-1.79912305866852,,,,
2009-10-19 ,16:00:00 ,0,,,,
2009-10-20 ,16:00:00 ,0,,,,
2009-10-21 ,16:00:00 ,0,,,,
2009-10-22 ,16:00:00 ,0,,,,
2009-10-23 ,16:00:00 ,0,,,,
2009-10-26 ,16:00:00 ,0,,,,
2009-10-27 ,16:00:00 ,0,,,,
2009-10-28 ,16:00:00 ,0,,,,
2009-10-29 ,16:00:00 ,0,,,,
2009-10-30 ,16:00:00 ,0,,,,
2009-11-02 ,16:00:00 ,-0.0752237303364653,,,,
2009-11-03 ,16:00:00 ,1.32113738103404,,,,
2009-11-04 ,16:00:00 ,0,,,,
2009-11-05 ,16:00:00 ,0,,,,
2009-11-06 ,16:00:00 ,0,,,,
2009-11-09 ,16:00:00 ,0,,,,
2009-11-10 ,16:00:00 ,0,,,,
2009-11-11 ,16:00:00 ,0,,,,
2009-11-12 ,16:00:00 ,0,,,,
2009-11-13 ,16:00:00 ,0,,,,
2009-11-16 ,16:00:00 ,0,,,,
2009-11-17 ,16:00:00 ,0,,,,
2009-11-18 ,16:00:00 ,0,,,,
2009-11-19 ,16:00:00 ,0,,,,
2009-11-20 ,16:00:00 ,0,,,,
2009-11-23 ,16:00:00 ,0,,,,
2009-11-24 ,16:00:00 ,0,,,,
2009-11-25 ,16:00:00 ,0,,,,
2009-11-27 ,13:00:00 ,0,,,,
2009-11-30 ,16:00:00 ,0,,,,
2009-12-01 ,16:00:00 ,-0.0598662386823195,,,,
2009-12-02 ,16:00:00 ,2.79421503656404,,,,
2009-12-03 ,16:00:00 ,0.756416601860807,,,,
2009-12-04 ,16:00:00 ,-1.50149781348811,,,,
2009-12-07 ,16:00:00 ,1.46402531985866,,,,
2009-12-08 ,16:00:00 ,-0.460060017045595,,,,
2009-12-09 ,16:00:00 ,-2.40609631359368,,,,
2009-12-10 ,16:00:00 ,0.885949763901868,,,,
2009-12-11 ,16:00:00 ,0.910352423474522,,,,
2009-12-14 ,16:00:00 ,1.13602439997527,,,,
2009-12-15 ,16:00:00 ,2.29995214771777,,,,
2009-12-16 ,16:00:00 ,-0.702402762338598,,,,
2009-12-17 ,16:00:00 ,1.10115392386021,,,,
2009-12-18 ,16:00:00 ,-2.21802593794704,,,,
2009-12-21 ,16:00:00 ,1.19147999113124,,,,
2009-12-22 ,16:00:00 ,1.58016232321564,,,,
2009-12-23 ,16:00:00 ,0.642702276272363,,,,
2009-12-24 ,13:00:00 ,1.80628798176584,,,,
2009-12-28 ,16:00:00 ,0.721771357318854,,,,
2009-12-29 ,16:00:00 ,-0.54417297783806,,,,
2009-12-30 ,16:00:00 ,-0.233844668620841,,,,
2009-12-31 ,16:00:00 ,0.163113672486857,,,,
2010-01-04 ,16:00:00 ,-1.92745133747379,,,,
2010-01-05 ,16:00:00 ,2.77011942665786,,,,
2010-01-06 ,16:00:00 ,0.332986734919459,,,,
2010-01-07 ,16:00:00 ,0.520343814579382,,,,
2010-01-08 ,16:00:00 ,0.0902141652320731,,,,
2010-01-11 ,16:00:00 ,1.80040106862584,,,,
2010-01-12 ,16:00:00 ,-0.811884856461715,,,,
2010-01-13 ,16:00:00 ,-2.18460452985113,,,,
2010-01-14 ,16:00:00 ,1.44378615082553,,,,
2010-01-15 ,16:00:00 ,0.222283320496727,,,,
2010-01-19 ,16:00:00 ,-2.23052684108784,,,,
2010-01-20 ,16:00:00 ,1.97350257281577,,,,
2010-01-21 ,16:00:00 ,-2.00996237773151,,,,
2010-01-22 ,16:00:00 ,-3.02325585752426,,,,
2010-01-25 ,16:00:00 ,-4.12728075796916,,,,
2010-01-26 ,16:00:00 ,1.38729467107601,,,,
2010-01-27 ,16:00:00 ,0,,,,
2010-01-28 ,16:00:00 ,0,,,,
2010-01-29 ,16:00:00 ,0,,,,
2010-02-01 ,16:00:00 ,-0.071991550105349,,,,
2010-02-02 ,16:00:00 ,0.922030839028067,,,,
2010-02-03 ,16:00:00 ,0.041624019130969,,,,
2010-02-04 ,16:00:00 ,0,,,,
2010-02-05 ,16:00:00 ,0,,,,
2010-02-08 ,16:00:00 ,0,,,,
2010-02-09 ,16:00:00 ,0,,,,
2010-02-10 ,16:00:00 ,0,,,,
2010-02-11 ,16:00:00 ,0,,,,
2010-02-12 ,16:00:00 ,0,,,,
2010-02-16 ,16:00:00 ,0,,,,
2010-02-17 ,16:00:00 ,0,,,,
2010-02-18 ,16:00:00 ,0,,,,
2010-02-19 ,16:00:00 ,0,,,,
2010-02-22 ,16:00:00 ,0,,,,
2010-02-23 ,16:00:00 ,0,,,,
2010-02-24 ,16:00:00 ,0,,,,
2010-02-25 ,16:00:00 ,0,,,,
2010-02-26 ,16:00:00 ,0,,,,
2010-03-01 ,16:00:00 ,-0.0652488346390761,,,,
2010-03-02 ,16:00:00 ,2.6774615178108,,,,
2010-03-03 ,16:00:00 ,0.340863070207869,,,,
2010-03-04 ,16:00:00 ,0.838316238615941,,,,
2010-03-05 ,16:00:00 ,0.0543615243199119,,,,
2010-03-08 ,16:00:00 ,2.45204698387462,,,,
2010-03-09 ,16:00:00 ,0.32575289629211,,,,
2010-03-10 ,16:00:00 ,-0.137307442226503,,,,
2010-03-11 ,16:00:00 ,1.6408083132902,,,,
2010-03-12 ,16:00:00 ,0.22860430865365,,,,
2010-03-15 ,16:00:00 ,0.203237494096521,,,,
2010-03-16 ,16:00:00 ,-0.986276738549161,,,,
2010-03-17 ,16:00:00 ,2.44409164445503,,,,
2010-03-18 ,16:00:00 ,0.34341150384211,,,,
2010-03-19 ,16:00:00 ,-0.766634016778851,,,,
2010-03-22 ,16:00:00 ,-1.26051485151239,,,,
2010-03-23 ,16:00:00 ,1.86233443087533,,,,
2010-03-24 ,16:00:00 ,1.09074904890563,,,,
2010-03-25 ,16:00:00 ,-1.18971507145291,,,,
2010-03-26 ,16:00:00 ,-1.32697192117543,,,,
2010-03-29 ,16:00:00 ,0.868714109257442,,,,
2010-03-30 ,16:00:00 ,1.09943969215095,,,,
2010-03-31 ,16:00:00 ,-0.0206352686048069,,,,
2010-04-01 ,16:00:00 ,-1.10712469595996,,,,
2010-04-05 ,16:00:00 ,1.86933802463711,,,,
2010-04-06 ,16:00:00 ,2.38013289046163,,,,
2010-04-07 ,16:00:00 ,0.561919025400748,,,,
2010-04-08 ,16:00:00 ,-1.69461122933337,,,,
2010-04-09 ,16:00:00 ,0.964335617777053,,,,
2010-04-12 ,16:00:00 ,1.34796254284695,,,,
2010-04-13 ,16:00:00 ,0.185743318296682,,,,
2010-04-14 ,16:00:00 ,-0.138384561071129,,,,
2010-04-15 ,16:00:00 ,2.34855840837389,,,,
2010-04-16 ,16:00:00 ,-0.466846052904524,,,,
2010-04-19 ,16:00:00 ,-3.03064543416568,,,,
2010-04-20 ,16:00:00 ,-0.410965775651231,,,,
2010-04-21 ,16:00:00 ,1.43769309459446,,,,
2010-04-22 ,16:00:00 ,0.625525629480082,,,,
2010-04-23 ,16:00:00 ,0.859993079208532,,,,
2010-04-26 ,16:00:00 ,1.61623352814808,,,,
2010-04-27 ,16:00:00 ,-0.62399569091414,,,,
2010-04-28 ,16:00:00 ,-4.85433102425722,,,,
2010-04-29 ,16:00:00 ,0.614328863634397,,,,
2010-04-30 ,16:00:00 ,2.33737405682965,,,,
2010-05-03 ,16:00:00 ,-3.10596509623157,,,,
2010-05-04 ,16:00:00 ,2.31804075081733,,,,
2010-05-05 ,16:00:00 ,-4.22031385662835,,,,
2010-05-06 ,16:00:00 ,-2.47810840473349,,,,
2010-05-07 ,16:00:00 ,-5.57405642493571,,,,
2010-05-10 ,16:00:00 ,-0.566799347005902,,,,
2010-05-11 ,16:00:00 ,0,,,,
2010-05-12 ,16:00:00 ,0,,,,
2010-05-13 ,16:00:00 ,0,,,,
2010-05-14 ,16:00:00 ,0,,,,
2010-05-17 ,16:00:00 ,0,,,,
2010-05-18 ,16:00:00 ,0,,,,
2010-05-19 ,16:00:00 ,0,,,,
2010-05-20 ,16:00:00 ,0,,,,
2010-05-21 ,16:00:00 ,0,,,,
2010-05-24 ,16:00:00 ,0,,,,
2010-05-25 ,16:00:00 ,0,,,,
2010-05-26 ,16:00:00 ,0,,,,
2010-05-27 ,16:00:00 ,0,,,,
2010-05-28 ,16:00:00 ,0,,,,
2010-06-01 ,16:00:00 ,-0.0633340231727844,,,,
2010-06-02 ,16:00:00 ,-3.39296030072353,,,,
2010-06-03 ,16:00:00 ,4.44151716214364,,,,
2010-06-04 ,16:00:00 ,1.20552573031178,,,,
2010-06-07 ,16:00:00 ,-6.66210891332389,,,,
2010-06-08 ,16:00:00 ,-3.43645910924487,,,,
2010-06-09 ,16:00:00 ,1.88693579913768,,,,
2010-06-10 ,16:00:00 ,-0.0825786793259818,,,,
2010-06-11 ,16:00:00 ,5.65598657996689,,,,
2010-06-14 ,16:00:00 ,1.26170491463077,,,,
2010-06-15 ,16:00:00 ,0.336480174881528,,,,
2010-06-16 ,16:00:00 ,4.89315604168011,,,,
2010-06-17 ,16:00:00 ,-1.38850077648321,,,,
2010-06-18 ,16:00:00 ,0,,,,
2010-06-21 ,16:00:00 ,0,,,,
2010-06-22 ,16:00:00 ,0,,,,
2010-06-23 ,16:00:00 ,0,,,,
2010-06-24 ,16:00:00 ,0,,,,
2010-06-25 ,16:00:00 ,0,,,,
2010-06-28 ,16:00:00 ,0,,,,
2010-06-29 ,16:00:00 ,0,,,,
2010-06-30 ,16:00:00 ,0,,,,
2010-07-01 ,16:00:00 ,-0.067786674315286,,,,
2010-07-02 ,16:00:00 ,-0.048587764203319,,,,
2010-07-06 ,16:00:00 ,-0.148698780100765,,,,
2010-07-07 ,16:00:00 ,-0.498941049901546,,,,
2010-07-08 ,16:00:00 ,0.47790623040638,,,,
2010-07-09 ,16:00:00 ,0.0321229451773345,,,,
2010-07-12 ,16:00:00 ,0,,,,
2010-07-13 ,16:00:00 ,0,,,,
2010-07-14 ,16:00:00 ,0,,,,
2010-07-15 ,16:00:00 ,0,,,,
2010-07-16 ,16:00:00 ,0,,,,
2010-07-19 ,16:00:00 ,0,,,,
2010-07-20 ,16:00:00 ,0,,,,
2010-07-21 ,16:00:00 ,0,,,,
2010-07-22 ,16:00:00 ,0,,,,
2010-07-23 ,16:00:00 ,0,,,,
2010-07-26 ,16:00:00 ,0,,,,
2010-07-27 ,16:00:00 ,0,,,,
2010-07-28 ,16:00:00 ,0,,,,
2010-07-29 ,16:00:00 ,0,,,,
2010-07-30 ,16:00:00 ,0,,,,
2010-08-02 ,16:00:00 ,-0.0653515545831502,,,,
2010-08-03 ,16:00:00 ,3.13815172495656,,,,
2010-08-04 ,16:00:00 ,-0.335573574631089,,,,
2010-08-05 ,16:00:00 ,1.97593739263624,,,,
2010-08-06 ,16:00:00 ,-0.453726009711629,,,,
2010-08-09 ,16:00:00 ,-0.263971549194375,,,,
2010-08-10 ,16:00:00 ,0.73183587724571,,,,
2010-08-11 ,16:00:00 ,-1.33612204743441,,,,
2010-08-12 ,16:00:00 ,-4.85500873004107,,,,
2010-08-13 ,16:00:00 ,-0.310246222455012,,,,
2010-08-16 ,16:00:00 ,-0.655588973980916,,,,
2010-08-17 ,16:00:00 ,-0.967825151194383,,,,
2010-08-18 ,16:00:00 ,0,,,,
2010-08-19 ,16:00:00 ,0,,,,
2010-08-20 ,16:00:00 ,0,,,,
2010-08-23 ,16:00:00 ,0,,,,
2010-08-24 ,16:00:00 ,0,,,,
2010-08-25 ,16:00:00 ,0,,,,
2010-08-26 ,16:00:00 ,0,,,,
2010-08-27 ,16:00:00 ,0,,,,
2010-08-30 ,16:00:00 ,0,,,,
2010-08-31 ,16:00:00 ,0,,,,
2010-09-01 ,16:00:00 ,-0.0678397092008244,,,,
2010-09-02 ,16:00:00 ,5.54750781799803,,,,
2010-09-03 ,16:00:00 ,2.40319648507347,,,,
2010-09-07 ,16:00:00 ,2.57051068104769,,,,
2010-09-08 ,16:00:00 ,-0.843942023358567,,,,
2010-09-09 ,16:00:00 ,0,,,,
2010-09-10 ,16:00:00 ,0,,,,
2010-09-13 ,16:00:00 ,0,,,,
2010-09-14 ,16:00:00 ,0,,,,
2010-09-15 ,16:00:00 ,0,,,,
2010-09-16 ,16:00:00 ,0,,,,
2010-09-17 ,16:00:00 ,0,,,,
2010-09-20 ,16:00:00 ,0,,,,
2010-09-21 ,16:00:00 ,0,,,,
2010-09-22 ,16:00:00 ,0,,,,
2010-09-23 ,16:00:00 ,0,,,,
2010-09-24 ,16:00:00 ,0,,,,
2010-09-27 ,16:00:00 ,0,,,,
2010-09-28 ,16:00:00 ,0,,,,
2010-09-29 ,16:00:00 ,0,,,,
2010-09-30 ,16:00:00 ,0,,,,
2010-10-01 ,16:00:00 ,-0.0617713745442917,,,,
2010-10-04 ,16:00:00 ,0.462935443645437,,,,
2010-10-05 ,16:00:00 ,-1.4761260289029,,,,
2010-10-06 ,16:00:00 ,3.15245065781825,,,,
2010-10-07 ,16:00:00 ,-0.789346036805302,,,,
2010-10-08 ,16:00:00 ,-0.451919277477169,,,,
2010-10-11 ,16:00:00 ,2.04971346811788,,,,
2010-10-12 ,16:00:00 ,0.340462103201734,,,,
2010-10-13 ,16:00:00 ,0.936246272020875,,,,
2010-10-14 ,16:00:00 ,1.56801898351998,,,,
2010-10-15 ,16:00:00 ,-0.71202922395303,,,,
2010-10-18 ,16:00:00 ,0.499780035284052,,,,
2010-10-19 ,16:00:00 ,0.173830174526298,,,,
2010-10-20 ,16:00:00 ,-3.30190633440144,,,,
2010-10-21 ,16:00:00 ,2.43571704042562,,,,
2010-10-22 ,16:00:00 ,0.132710595084739,,,,
2010-10-25 ,16:00:00 ,0.748083750533385,,,,
2010-10-26 ,16:00:00 ,0.730019331746415,,,,
2010-10-27 ,16:00:00 ,0.427767674113546,,,,
2010-10-28 ,16:00:00 ,-0.14957886537188,,,,
2010-10-29 ,16:00:00 ,0.72301952309673,,,,
2010-11-01 ,16:00:00 ,0.902445552799712,,,,
2010-11-02 ,16:00:00 ,-0.107315375217908,,,,
2010-11-03 ,16:00:00 ,1.48971705255271,,,,
2010-11-04 ,16:00:00 ,0.462403637280865,,,,
2010-11-05 ,16:00:00 ,3.84966275325063,,,,
2010-11-08 ,16:00:00 ,-0.161981180270257,,,,
2010-11-09 ,16:00:00 ,0,,,,
2010-11-10 ,16:00:00 ,0,,,,
2010-11-11 ,16:00:00 ,0,,,,
2010-11-12 ,16:00:00 ,0,,,,
2010-11-15 ,16:00:00 ,0,,,,
2010-11-16 ,16:00:00 ,0,,,,
2010-11-17 ,16:00:00 ,0,,,,
2010-11-18 ,16:00:00 ,0,,,,
2010-11-19 ,16:00:00 ,0,,,,
2010-11-22 ,16:00:00 ,0,,,,
2010-11-23 ,16:00:00 ,0,,,,
2010-11-24 ,16:00:00 ,0,,,,
2010-11-26 ,13:00:00 ,0,,,,
2010-11-29 ,16:00:00 ,0,,,,
2010-11-30 ,16:00:00 ,0,,,,
2010-12-01 ,16:00:00 ,-0.0589908246093802,,,,
2010-12-02 ,16:00:00 ,3.54550636953399,,,,
2010-12-03 ,16:00:00 ,2.32206587061241,,,,
2010-12-06 ,16:00:00 ,1.20848367121072,,,,
2010-12-07 ,16:00:00 ,0.107516271331762,,,,
2010-12-08 ,16:00:00 ,0.0142783685800794,,,,
2010-12-09 ,16:00:00 ,-0.145718813767205,,,,
2010-12-10 ,16:00:00 ,0.477091506317616,,,,
2010-12-13 ,16:00:00 ,1.16217573761171,,,,
2010-12-14 ,16:00:00 ,-0.64538730008222,,,,
2010-12-15 ,16:00:00 ,-0.485726612369112,,,,
2010-12-16 ,16:00:00 ,-1.40697756005942,,,,
2010-12-17 ,16:00:00 ,0.7596488455697,,,,
2010-12-20 ,16:00:00 ,1.25061341613797,,,,
2010-12-21 ,16:00:00 ,0.690322735760482,,,,
2010-12-22 ,16:00:00 ,1.69866085355247,,,,
2010-12-23 ,16:00:00 ,0.0174476654684949,,,,
2010-12-27 ,16:00:00 ,-0.625088026803672,,,,
2010-12-28 ,16:00:00 ,0.261088827270324,,,,
2010-12-29 ,16:00:00 ,0.046961903035094,,,,
2010-12-30 ,16:00:00 ,0.427247894562293,,,,
2010-12-31 ,16:00:00 ,-0.0142317887413752,,,,
2011-01-03 ,16:00:00 ,-0.0607174342662222,,,,
2011-01-04 ,16:00:00 ,1.37830478797344,,,,
2011-01-05 ,16:00:00 ,-1.4179517177431,,,,
2011-01-06 ,16:00:00 ,0.963886494214344,,,,
2011-01-07 ,16:00:00 ,0.131613572674613,,,,
2011-01-10 ,16:00:00 ,-0.0107271027805645,,,,
2011-01-11 ,16:00:00 ,0.300927662783875,,,,
2011-01-12 ,16:00:00 ,0.905652093030242,,,,
2011-01-13 ,16:00:00 ,2.05064546610012,,,,
2011-01-14 ,16:00:00 ,-0.0375870224368477,,,,
2011-01-18 ,16:00:00 ,1.08523620747046,,,,
2011-01-19 ,16:00:00 ,0.202823780803869,,,,
2011-01-20 ,16:00:00 ,-2.41419347165332,,,,
2011-01-21 ,16:00:00 ,-1.11855791039715,,,,
2011-01-24 ,16:00:00 ,-0.238504383117114,,,,
2011-01-25 ,16:00:00 ,1.71971368820717,,,,
2011-01-26 ,16:00:00 ,-0.373770706573171,,,,
2011-01-27 ,16:00:00 ,2.08130033240905,,,,
2011-01-28 ,16:00:00 ,1.13164369216826,,,,
2011-01-31 ,16:00:00 ,-2.24446955643566,,,,
2011-02-01 ,16:00:00 ,0.739167340437971,,,,
2011-02-02 ,16:00:00 ,2.55805771082359,,,,
2011-02-03 ,16:00:00 ,-0.480072510287136,,,,
2011-02-04 ,16:00:00 ,-0.127466285221559,,,,
2011-02-07 ,16:00:00 ,0.0206332499890498,,,,
2011-02-08 ,16:00:00 ,0.671868039045245,,,,
2011-02-09 ,16:00:00 ,0.859775952914861,,,,
2011-02-10 ,16:00:00 ,-1.04377867065072,,,,
2011-02-11 ,16:00:00 ,0.96834845641689,,,,
2011-02-14 ,16:00:00 ,1.50511291996514,,,,
2011-02-15 ,16:00:00 ,1.00014663970488,,,,
2011-02-16 ,16:00:00 ,-0.639366906913707,,,,
2011-02-17 ,16:00:00 ,1.82701231991076,,,,
2011-02-18 ,16:00:00 ,0.905556199076723,,,,
2011-02-22 ,16:00:00 ,0.0284857755453448,,,,
2011-02-23 ,16:00:00 ,-3.83482357021801,,,,
2011-02-24 ,16:00:00 ,0.267870097245857,,,,
2011-02-25 ,16:00:00 ,-0.00841986060731526,,,,
2011-02-28 ,16:00:00 ,2.81349848812953,,,,
2011-03-01 ,16:00:00 ,0.733085958965144,,,,
2011-03-02 ,16:00:00 ,-3.02596777495041,,,,
2011-03-03 ,16:00:00 ,1.18469955037016,,,,
2011-03-04 ,16:00:00 ,2.14876959796349,,,,
2011-03-07 ,16:00:00 ,-0.488467347105174,,,,
2011-03-08 ,16:00:00 ,-1.69932239071918,,,,
2011-03-09 ,16:00:00 ,0.312239259193474,,,,
2011-03-10 ,16:00:00 ,-0.0670637532417791,,,,
2011-03-11 ,16:00:00 ,-2.66251564247303,,,,
2011-03-14 ,16:00:00 ,1.44198865663738,,,,
2011-03-15 ,16:00:00 ,-0.672111256984397,,,,
2011-03-16 ,16:00:00 ,-1.2948585852386,,,,
2011-03-17 ,16:00:00 ,-2.35974809577059,,,,
2011-03-18 ,16:00:00 ,2.31948175354284,,,,
2011-03-21 ,16:00:00 ,0,,,,
2011-03-22 ,16:00:00 ,0,,,,
2011-03-23 ,16:00:00 ,0,,,,
2011-03-24 ,16:00:00 ,0,,,,
2011-03-25 ,16:00:00 ,0,,,,
2011-03-28 ,16:00:00 ,0,,,,
2011-03-29 ,16:00:00 ,0,,,,
2011-03-30 ,16:00:00 ,0,,,,
2011-03-31 ,16:00:00 ,0,,,,
2011-04-01 ,16:00:00 ,-0.0955759445662943,,,,
2011-04-04 ,16:00:00 ,-0.0353437581581694,,,,
2011-04-05 ,16:00:00 ,0,,,,
2011-04-06 ,16:00:00 ,0,,,,
2011-04-07 ,16:00:00 ,0,,,,
2011-04-08 ,16:00:00 ,0,,,,
2011-04-11 ,16:00:00 ,0,,,,
2011-04-12 ,16:00:00 ,0,,,,
2011-04-13 ,16:00:00 ,0,,,,
2011-04-14 ,16:00:00 ,0,,,,
2011-04-15 ,16:00:00 ,0,,,,
2011-04-18 ,16:00:00 ,0,,,,
2011-04-19 ,16:00:00 ,0,,,,
2011-04-20 ,16:00:00 ,0,,,,
2011-04-21 ,16:00:00 ,0,,,,
2011-04-25 ,16:00:00 ,0,,,,
2011-04-26 ,16:00:00 ,0,,,,
2011-04-27 ,16:00:00 ,0,,,,
2011-04-28 ,16:00:00 ,0,,,,
2011-04-29 ,16:00:00 ,0,,,,
2011-05-02 ,16:00:00 ,-0.0949088763126258,,,,
2011-05-03 ,16:00:00 ,0.461116984900668,,,,
2011-05-04 ,16:00:00 ,0.119695154293609,,,,
2011-05-05 ,16:00:00 ,0,,,,
2011-05-06 ,16:00:00 ,0,,,,
2011-05-09 ,16:00:00 ,0,,,,
2011-05-10 ,16:00:00 ,0,,,,
2011-05-11 ,16:00:00 ,0,,,,
2011-05-12 ,16:00:00 ,0,,,,
2011-05-13 ,16:00:00 ,0,,,,
2011-05-16 ,16:00:00 ,0,,,,
2011-05-17 ,16:00:00 ,0,,,,
2011-05-18 ,16:00:00 ,0,,,,
2011-05-19 ,16:00:00 ,0,,,,
2011-05-20 ,16:00:00 ,0,,,,
2011-05-23 ,16:00:00 ,0,,,,
2011-05-24 ,16:00:00 ,0,,,,
2011-05-25 ,16:00:00 ,0,,,,
2011-05-26 ,16:00:00 ,0,,,,
2011-05-27 ,16:00:00 ,0,,,,
2011-05-31 ,16:00:00 ,0,,,,
2011-06-01 ,16:00:00 ,-0.0602924633074353,,,,
2011-06-02 ,16:00:00 ,-3.97108944648617,,,,
2011-06-03 ,16:00:00 ,-0.362348865833715,,,,
2011-06-06 ,16:00:00 ,-2.12548580343346,,,,
2011-06-07 ,16:00:00 ,-2.51811758969947,,,,
2011-06-08 ,16:00:00 ,0.744563011692964,,,,
2011-06-09 ,16:00:00 ,0,,,,
2011-06-10 ,16:00:00 ,0,,,,
2011-06-13 ,16:00:00 ,0,,,,
2011-06-14 ,16:00:00 ,0,,,,
2011-06-15 ,16:00:00 ,0,,,,
2011-06-16 ,16:00:00 ,0,,,,
2011-06-17 ,16:00:00 ,0,,,,
2011-06-20 ,16:00:00 ,0,,,,
2011-06-21 ,16:00:00 ,0,,,,
2011-06-22 ,16:00:00 ,0,,,,
2011-06-23 ,16:00:00 ,0,,,,
2011-06-24 ,16:00:00 ,0,,,,
2011-06-27 ,16:00:00 ,0,,,,
2011-06-28 ,16:00:00 ,0,,,,
2011-06-29 ,16:00:00 ,0,,,,
2011-06-30 ,16:00:00 ,0,,,,
2011-07-01 ,16:00:00 ,-0.0623900192080662,,,,
2011-07-05 ,16:00:00 ,0.158646706255902,,,,
2011-07-06 ,16:00:00 ,0,,,,
2011-07-07 ,16:00:00 ,0,,,,
2011-07-08 ,16:00:00 ,0,,,,
2011-07-11 ,16:00:00 ,0,,,,
2011-07-12 ,16:00:00 ,0,,,,
2011-07-13 ,16:00:00 ,0,,,,
2011-07-14 ,16:00:00 ,0,,,,
2011-07-15 ,16:00:00 ,0,,,,
2011-07-18 ,16:00:00 ,0,,,,
2011-07-19 ,16:00:00 ,0,,,,
2011-07-20 ,16:00:00 ,0,,,,
2011-07-21 ,16:00:00 ,0,,,,
2011-07-22 ,16:00:00 ,0,,,,
2011-07-25 ,16:00:00 ,0,,,,
2011-07-26 ,16:00:00 ,0,,,,
2011-07-27 ,16:00:00 ,0,,,,
2011-07-28 ,16:00:00 ,0,,,,
2011-07-29 ,16:00:00 ,0,,,,
2011-08-01 ,16:00:00 ,-0.066420978503234,,,,
2011-08-02 ,16:00:00 ,1.91616920622225,,,,
2011-08-03 ,16:00:00 ,0,,,,
2011-08-04 ,16:00:00 ,0,,,,
2011-08-05 ,16:00:00 ,0,,,,
2011-08-08 ,16:00:00 ,0,,,,
2011-08-09 ,16:00:00 ,0,,,,
2011-08-10 ,16:00:00 ,0,,,,
2011-08-11 ,16:00:00 ,0,,,,
2011-08-12 ,16:00:00 ,0,,,,
2011-08-15 ,16:00:00 ,0,,,,
2011-08-16 ,16:00:00 ,0,,,,
2011-08-17 ,16:00:00 ,0,,,,
2011-08-18 ,16:00:00 ,0,,,,
2011-08-19 ,16:00:00 ,0,,,,
2011-08-22 ,16:00:00 ,0,,,,
2011-08-23 ,16:00:00 ,0,,,,
2011-08-24 ,16:00:00 ,0,,,,
2011-08-25 ,16:00:00 ,0,,,,
2011-08-26 ,16:00:00 ,0,,,,
2011-08-29 ,16:00:00 ,0,,,,
2011-08-30 ,16:00:00 ,0,,,,
2011-08-31 ,16:00:00 ,0,,,,
2011-09-01 ,16:00:00 ,-0.102426963211406,,,,
2011-09-02 ,16:00:00 ,0.250737056606568,,,,
2011-09-06 ,16:00:00 ,-1.09013696677925,,,,
2011-09-07 ,16:00:00 ,-0.789510271991771,,,,
2011-09-08 ,16:00:00 ,0,,,,
2011-09-09 ,16:00:00 ,0,,,,
2011-09-12 ,16:00:00 ,0,,,,
2011-09-13 ,16:00:00 ,0,,,,
2011-09-14 ,16:00:00 ,0,,,,
2011-09-15 ,16:00:00 ,0,,,,
2011-09-16 ,16:00:00 ,0,,,,
2011-09-19 ,16:00:00 ,0,,,,
2011-09-20 ,16:00:00 ,0,,,,
2011-09-21 ,16:00:00 ,0,,,,
2011-09-22 ,16:00:00 ,0,,,,
2011-09-23 ,16:00:00 ,0,,,,
2011-09-26 ,16:00:00 ,0,,,,
2011-09-27 ,16:00:00 ,0,,,,
2011-09-28 ,16:00:00 ,0,,,,
2011-09-29 ,16:00:00 ,0,,,,
2011-09-30 ,16:00:00 ,0,,,,
2011-10-03 ,16:00:00 ,-0.0661317093777637,,,,
2011-10-04 ,16:00:00 ,-0.803142186064136,,,,
2011-10-05 ,16:00:00 ,0,,,,
2011-10-06 ,16:00:00 ,0,,,,
2011-10-07 ,16:00:00 ,0,,,,
2011-10-10 ,16:00:00 ,0,,,,
2011-10-11 ,16:00:00 ,0,,,,
2011-10-12 ,16:00:00 ,0,,,,
2011-10-13 ,16:00:00 ,0,,,,
2011-10-14 ,16:00:00 ,0,,,,
2011-10-17 ,16:00:00 ,0,,,,
2011-10-18 ,16:00:00 ,0,,,,
2011-10-19 ,16:00:00 ,0,,,,
2011-10-20 ,16:00:00 ,0,,,,
2011-10-21 ,16:00:00 ,0,,,,
2011-10-24 ,16:00:00 ,0,,,,
2011-10-25 ,16:00:00 ,0,,,,
2011-10-26 ,16:00:00 ,0,,,,
2011-10-27 ,16:00:00 ,0,,,,
2011-10-28 ,16:00:00 ,0,,,,
2011-10-31 ,16:00:00 ,0,,,,
2011-11-01 ,16:00:00 ,-0.103466731491462,,,,
2011-11-02 ,16:00:00 ,0.327568918286633,,,,
2011-11-03 ,16:00:00 ,0,,,,
2011-11-04 ,16:00:00 ,0,,,,
2011-11-07 ,16:00:00 ,0,,,,
2011-11-08 ,16:00:00 ,0,,,,
2011-11-09 ,16:00:00 ,0,,,,
2011-11-10 ,16:00:00 ,0,,,,
2011-11-11 ,16:00:00 ,0,,,,
2011-11-14 ,16:00:00 ,0,,,,
2011-11-15 ,16:00:00 ,0,,,,
2011-11-16 ,16:00:00 ,0,,,,
2011-11-17 ,16:00:00 ,0,,,,
2011-11-18 ,16:00:00 ,0,,,,
2011-11-21 ,16:00:00 ,0,,,,
2011-11-22 ,16:00:00 ,0,,,,
2011-11-23 ,16:00:00 ,0,,,,
2011-11-25 ,13:00:00 ,0,,,,
2011-11-28 ,16:00:00 ,0,,,,
2011-11-29 ,16:00:00 ,0,,,,
2011-11-30 ,16:00:00 ,0,,,,
2011-12-01 ,16:00:00 ,-0.0647384169267813,,,,
2011-12-02 ,16:00:00 ,-0.353397227233356,,,,
2011-12-05 ,16:00:00 ,0,,,,
2011-12-06 ,16:00:00 ,0,,,,
2011-12-07 ,16:00:00 ,0,,,,
2011-12-08 ,16:00:00 ,0,,,,
2011-12-09 ,16:00:00 ,0,,,,
2011-12-12 ,16:00:00 ,0,,,,
2011-12-13 ,16:00:00 ,0,,,,
2011-12-14 ,16:00:00 ,0,,,,
2011-12-15 ,16:00:00 ,0,,,,
2011-12-16 ,16:00:00 ,0,,,,
2011-12-19 ,16:00:00 ,0,,,,
2011-12-20 ,16:00:00 ,0,,,,
2011-12-21 ,16:00:00 ,0,,,,
2011-12-22 ,16:00:00 ,0,,,,
2011-12-23 ,16:00:00 ,0,,,,
2011-12-27 ,16:00:00 ,0,,,,
2011-12-28 ,16:00:00 ,0,,,,
2011-12-29 ,16:00:00 ,0,,,,
2011-12-30 ,16:00:00 ,0,,,,
2012-01-03 ,16:00:00 ,-0.0664843988121392,,,,
2012-01-04 ,16:00:00 ,3.57798287976509,,,,
2012-01-05 ,16:00:00 ,-0.568771211893461,,,,
2012-01-06 ,16:00:00 ,0,,,,
2012-01-09 ,16:00:00 ,0,,,,
2012-01-10 ,16:00:00 ,0,,,,
2012-01-11 ,16:00:00 ,0,,,,
2012-01-12 ,16:00:00 ,0,,,,
2012-01-13 ,16:00:00 ,0,,,,
2012-01-17 ,16:00:00 ,0,,,,
2012-01-18 ,16:00:00 ,0,,,,
2012-01-19 ,16:00:00 ,0,,,,
2012-01-20 ,16:00:00 ,0,,,,
2012-01-23 ,16:00:00 ,0,,,,
2012-01-24 ,16:00:00 ,0,,,,
2012-01-25 ,16:00:00 ,0,,,,
2012-01-26 ,16:00:00 ,0,,,,
2012-01-27 ,16:00:00 ,0,,,,
2012-01-30 ,16:00:00 ,0,,,,
2012-01-31 ,16:00:00 ,0,,,,
2012-02-01 ,16:00:00 ,-0.063326757995759,,,,
2012-02-02 ,16:00:00 ,2.37638310134696,,,,
2012-02-03 ,16:00:00 ,0.270376397857845,,,,
2012-02-06 ,16:00:00 ,2.55857571613654,,,,
2012-02-07 ,16:00:00 ,-0.276293298125551,,,,
2012-02-08 ,16:00:00 ,0.467450217563786,,,,
2012-02-09 ,16:00:00 ,0.502065565667571,,,,
2012-02-10 ,16:00:00 ,0.717393080686865,,,,
2012-02-13 ,16:00:00 ,-1.5506933225486,,,,
2012-02-14 ,16:00:00 ,0.953787184356807,,,,
2012-02-15 ,16:00:00 ,-0.43557336188656,,,,
2012-02-16 ,16:00:00 ,-0.415504202081578,,,,
2012-02-17 ,16:00:00 ,1.93288642980292,,,,
2012-02-21 ,16:00:00 ,0.335729672329185,,,,
2012-02-22 ,16:00:00 ,-1.35291382570985,,,,
2012-02-23 ,16:00:00 ,-0.39469578542252,,,,
2012-02-24 ,16:00:00 ,1.10746215371983,,,,
2012-02-27 ,16:00:00 ,0.0441840336067035,,,,
2012-02-28 ,16:00:00 ,-0.0460342349488915,,,,
2012-02-29 ,16:00:00 ,0.460928717773855,,,,
2012-03-01 ,16:00:00 ,-1.69007148358945,,,,
2012-03-02 ,16:00:00 ,1.74735717146789,,,,
2012-03-05 ,16:00:00 ,-1.46984821768402,,,,
2012-03-06 ,16:00:00 ,-0.827132404917445,,,,
2012-03-07 ,16:00:00 ,-2.86926957769506,,,,
2012-03-08 ,16:00:00 ,1.8596123208952,,,,
2012-03-09 ,16:00:00 ,2.12335492311292,,,,
2012-03-12 ,16:00:00 ,0.854981750078488,,,,
2012-03-13 ,16:00:00 ,-0.96172137608034,,,,
2012-03-14 ,16:00:00 ,2.11271365161775,,,,
2012-03-15 ,16:00:00 ,-1.26765277895057,,,,
2012-03-16 ,16:00:00 ,0.933972773171603,,,,
2012-03-19 ,16:00:00 ,0.144085110096403,,,,
2012-03-20 ,16:00:00 ,0,,,,
2012-03-21 ,16:00:00 ,0,,,,
2012-03-22 ,16:00:00 ,0,,,,
2012-03-23 ,16:00:00 ,0,,,,
2012-03-26 ,16:00:00 ,0,,,,
2012-03-27 ,16:00:00 ,0,,,,
2012-03-28 ,16:00:00 ,0,,,,
2012-03-29 ,16:00:00 ,0,,,,
2012-03-30 ,16:00:00 ,0,,,,
2012-04-02 ,16:00:00 ,-0.0618676482575898,,,,
2012-04-03 ,16:00:00 ,1.07413000013645,,,,
2012-04-04 ,16:00:00 ,-1.38700133804721,,,,
2012-04-05 ,16:00:00 ,-2.16783212471179,,,,
2012-04-09 ,16:00:00 ,-0.675507616523662,,,,
2012-04-10 ,16:00:00 ,-1.44587160176416,,,,
2012-04-11 ,16:00:00 ,-3.8202298977488,,,,
2012-04-12 ,16:00:00 ,1.25050304079984,,,,
2012-04-13 ,16:00:00 ,0,,,,
2012-04-16 ,16:00:00 ,0,,,,
2012-04-17 ,16:00:00 ,0,,,,
2012-04-18 ,16:00:00 ,0,,,,
2012-04-19 ,16:00:00 ,0,,,,
2012-04-20 ,16:00:00 ,0,,,,
2012-04-23 ,16:00:00 ,0,,,,
2012-04-24 ,16:00:00 ,0,,,,
2012-04-25 ,16:00:00 ,0,,,,
2012-04-26 ,16:00:00 ,0,,,,
2012-04-27 ,16:00:00 ,0,,,,
2012-04-30 ,16:00:00 ,0,,,,
2012-05-01 ,16:00:00 ,-0.0582084419722689,,,,
2012-05-02 ,16:00:00 ,0.529335986128531,,,,
2012-05-03 ,16:00:00 ,0.131431728488881,,,,
2012-05-04 ,16:00:00 ,-2.19674656611341,,,,
2012-05-07 ,16:00:00 ,-3.05543837026729,,,,
2012-05-08 ,16:00:00 ,-0.659657387355957,,,,
2012-05-09 ,16:00:00 ,-1.5576046689879,,,,
2012-05-10 ,16:00:00 ,0.398085873729431,,,,
2012-05-11 ,16:00:00 ,1.05126212282538,,,,
2012-05-14 ,16:00:00 ,0,,,,
2012-05-15 ,16:00:00 ,0,,,,
2012-05-16 ,16:00:00 ,0,,,,
2012-05-17 ,16:00:00 ,0,,,,
2012-05-18 ,16:00:00 ,0,,,,
2012-05-21 ,16:00:00 ,0,,,,
2012-05-22 ,16:00:00 ,0,,,,
2012-05-23 ,16:00:00 ,0,,,,
2012-05-24 ,16:00:00 ,0,,,,
2012-05-25 ,16:00:00 ,0,,,,
2012-05-29 ,16:00:00 ,0,,,,
2012-05-30 ,16:00:00 ,0,,,,
2012-05-31 ,16:00:00 ,0,,,,
2012-06-01 ,16:00:00 ,-0.0638933673859874,,,,
2012-06-04 ,16:00:00 ,-4.92878640842466,,,,
2012-06-05 ,16:00:00 ,0.383869373982629,,,,
2012-06-06 ,16:00:00 ,0,,,,
2012-06-07 ,16:00:00 ,0,,,,
2012-06-08 ,16:00:00 ,0,,,,
2012-06-11 ,16:00:00 ,0,,,,
2012-06-12 ,16:00:00 ,0,,,,
2012-06-13 ,16:00:00 ,0,,,,
2012-06-14 ,16:00:00 ,0,,,,
2012-06-15 ,16:00:00 ,0,,,,
2012-06-18 ,16:00:00 ,0,,,,
2012-06-19 ,16:00:00 ,0,,,,
2012-06-20 ,16:00:00 ,0,,,,
2012-06-21 ,16:00:00 ,0,,,,
2012-06-22 ,16:00:00 ,0,,,,
2012-06-25 ,16:00:00 ,0,,,,
2012-06-26 ,16:00:00 ,0,,,,
2012-06-27 ,16:00:00 ,0,,,,
2012-06-28 ,16:00:00 ,0,,,,
2012-06-29 ,16:00:00 ,0,,,,
2012-07-02 ,16:00:00 ,-0.0673861181735047,,,,
2012-07-03 ,13:00:00 ,0.150473181332567,,,,
2012-07-05 ,16:00:00 ,0.239828145712107,,,,
2012-07-06 ,16:00:00 ,-0.52248232897339,,,,
2012-07-09 ,16:00:00 ,0,,,,
2012-07-10 ,16:00:00 ,0,,,,
2012-07-11 ,16:00:00 ,0,,,,
2012-07-12 ,16:00:00 ,0,,,,
2012-07-13 ,16:00:00 ,0,,,,
2012-07-16 ,16:00:00 ,0,,,,
2012-07-17 ,16:00:00 ,0,,,,
2012-07-18 ,16:00:00 ,0,,,,
2012-07-19 ,16:00:00 ,0,,,,
2012-07-20 ,16:00:00 ,0,,,,
2012-07-23 ,16:00:00 ,0,,,,
2012-07-24 ,16:00:00 ,0,,,,
2012-07-25 ,16:00:00 ,0,,,,
2012-07-26 ,16:00:00 ,0,,,,
2012-07-27 ,16:00:00 ,0,,,,
2012-07-30 ,16:00:00 ,0,,,,
2012-07-31 ,16:00:00 ,0,,,,
2012-08-01 ,16:00:00 ,-0.066330602681796,,,,
2012-08-02 ,16:00:00 ,-0.603107872196751,,,,
2012-08-03 ,16:00:00 ,-1.09492541736488,,,,
2012-08-06 ,16:00:00 ,3.06348281679962,,,,
2012-08-07 ,16:00:00 ,1.5846663531887,,,,
2012-08-08 ,16:00:00 ,2.10065569207889,,,,
2012-08-09 ,16:00:00 ,-0.752234475260294,,,,
2012-08-10 ,16:00:00 ,0,,,,
2012-08-13 ,16:00:00 ,0,,,,
2012-08-14 ,16:00:00 ,0,,,,
2012-08-15 ,16:00:00 ,0,,,,
2012-08-16 ,16:00:00 ,0,,,,
2012-08-17 ,16:00:00 ,0,,,,
2012-08-20 ,16:00:00 ,0,,,,
2012-08-21 ,16:00:00 ,0,,,,
2012-08-22 ,16:00:00 ,0,,,,
2012-08-23 ,16:00:00 ,0,,,,
2012-08-24 ,16:00:00 ,0,,,,
2012-08-27 ,16:00:00 ,0,,,,
2012-08-28 ,16:00:00 ,0,,,,
2012-08-29 ,16:00:00 ,0,,,,
2012-08-30 ,16:00:00 ,0,,,,
2012-08-31 ,16:00:00 ,0,,,,
2012-09-04 ,16:00:00 ,-0.0638267914482368,,,,
2012-09-05 ,16:00:00 ,-0.835656389998122,,,,
2012-09-06 ,16:00:00 ,0.255164234121078,,,,
2012-09-07 ,16:00:00 ,4.19239982206621,,,,
2012-09-10 ,16:00:00 ,1.5266306456226,,,,
2012-09-11 ,16:00:00 ,-1.45602530898599,,,,
2012-09-12 ,16:00:00 ,1.38764127722394,,,,
2012-09-13 ,16:00:00 ,1.29515256964723,,,,
2012-09-14 ,16:00:00 ,2.44745899185106,,,,
2012-09-17 ,16:00:00 ,0.655541257206805,,,,
2012-09-18 ,16:00:00 ,0,,,,
2012-09-19 ,16:00:00 ,0,,,,
2012-09-20 ,16:00:00 ,0,,,,
2012-09-21 ,16:00:00 ,0,,,,
2012-09-24 ,16:00:00 ,0,,,,
2012-09-25 ,16:00:00 ,0,,,,
2012-09-26 ,16:00:00 ,0,,,,
2012-09-27 ,16:00:00 ,0,,,,
2012-09-28 ,16:00:00 ,0,,,,
2012-10-01 ,16:00:00 ,-0.068048734487453,,,,
2012-10-02 ,16:00:00 ,0.156029504463756,,,,
2012-10-03 ,16:00:00 ,0.102116826236364,,,,
2012-10-04 ,16:00:00 ,1.2458881153535,,,,
2012-10-05 ,16:00:00 ,1.73740853655145,,,,
2012-10-08 ,16:00:00 ,-0.690179969746721,,,,
2012-10-09 ,16:00:00 ,-0.496423862177246,,,,
2012-10-10 ,16:00:00 ,-2.24416511381448,,,,
2012-10-11 ,16:00:00 ,-1.18402467181026,,,,
2012-10-12 ,16:00:00 ,1.15228462175891,,,,
2012-10-15 ,16:00:00 ,-0.822985091950163,,,,
2012-10-16 ,16:00:00 ,1.80078411958771,,,,
2012-10-17 ,16:00:00 ,2.46110535562698,,,,
2012-10-18 ,16:00:00 ,1.8615732777358,,,,
2012-10-19 ,16:00:00 ,-0.061140337529808,,,,
2012-10-22 ,16:00:00 ,-2.92522415175068,,,,
2012-10-23 ,16:00:00 ,0.36915810671767,,,,
2012-10-24 ,16:00:00 ,-2.08814636340249,,,,
2012-10-25 ,16:00:00 ,-1.65052385716823,,,,
2012-10-26 ,16:00:00 ,0.798547794874777,,,,
2012-10-31 ,16:00:00 ,0.0683437395231531,,,,
2012-11-01 ,16:00:00 ,1.58903573986463,,,,
2012-11-02 ,16:00:00 ,2.19172059915336,,,,
2012-11-05 ,16:00:00 ,-1.73411926624643,,,,
2012-11-06 ,16:00:00 ,0.485203906655368,,,,
2012-11-07 ,16:00:00 ,1.55630928091664,,,,
2012-11-08 ,16:00:00 ,-2.61154558782593,,,,
2012-11-09 ,16:00:00 ,-2.29015352915271,,,,
2012-11-12 ,16:00:00 ,-0.590176247665831,,,,
2012-11-13 ,16:00:00 ,0,,,,
2012-11-14 ,16:00:00 ,0,,,,
2012-11-15 ,16:00:00 ,0,,,,
2012-11-16 ,16:00:00 ,0,,,,
2012-11-19 ,16:00:00 ,0,,,,
2012-11-20 ,16:00:00 ,0,,,,
2012-11-21 ,16:00:00 ,0,,,,
2012-11-23 ,13:00:00 ,0,,,,
2012-11-26 ,16:00:00 ,0,,,,
2012-11-27 ,16:00:00 ,0,,,,
2012-11-28 ,16:00:00 ,0,,,,
2012-11-29 ,16:00:00 ,0,,,,
2012-11-30 ,16:00:00 ,0,,,,
2012-12-03 ,16:00:00 ,-0.100712324327927,,,,
2012-12-04 ,16:00:00 ,-0.0322249749454902,,,,
2012-12-05 ,16:00:00 ,0,,,,
2012-12-06 ,16:00:00 ,0,,,,
2012-12-07 ,16:00:00 ,0,,,,
2012-12-10 ,16:00:00 ,0,,,,
2012-12-11 ,16:00:00 ,0,,,,
2012-12-12 ,16:00:00 ,0,,,,
2012-12-13 ,16:00:00 ,0,,,,
2012-12-14 ,16:00:00 ,0,,,,
2012-12-17 ,16:00:00 ,0,,,,
2012-12-18 ,16:00:00 ,0,,,,
2012-12-19 ,16:00:00 ,0,,,,
2012-12-20 ,16:00:00 ,0,,,,
2012-12-21 ,16:00:00 ,0,,,,
2012-12-24 ,13:00:00 ,0,,,,
2012-12-26 ,16:00:00 ,0,,,,
2012-12-27 ,16:00:00 ,0,,,,
2012-12-28 ,16:00:00 ,0,,,,
2012-12-31 ,16:00:00 ,0,,,,
2013-01-02 ,16:00:00 ,-0.0569412831839663,,,,
2013-01-03 ,16:00:00 ,3.75318927187723,,,,
2013-01-04 ,16:00:00 ,-0.0537479157057101,,,,
2013-01-07 ,16:00:00 ,0,,,,
2013-01-08 ,16:00:00 ,0,,,,
2013-01-09 ,16:00:00 ,0,,,,
2013-01-10 ,16:00:00 ,0,,,,
2013-01-11 ,16:00:00 ,0,,,,
2013-01-14 ,16:00:00 ,0,,,,
2013-01-15 ,16:00:00 ,0,,,,
2013-01-16 ,16:00:00 ,0,,,,
2013-01-17 ,16:00:00 ,0,,,,
2013-01-18 ,16:00:00 ,0,,,,
2013-01-22 ,16:00:00 ,0,,,,
2013-01-23 ,16:00:00 ,0,,,,
2013-01-24 ,16:00:00 ,0,,,,
2013-01-25 ,16:00:00 ,0,,,,
2013-01-28 ,16:00:00 ,0,,,,
2013-01-29 ,16:00:00 ,0,,,,
2013-01-30 ,16:00:00 ,0,,,,
2013-01-31 ,16:00:00 ,0,,,,
2013-02-01 ,16:00:00 ,-0.0593784633122532,,,,
2013-02-04 ,16:00:00 ,1.1718710494493,,,,
2013-02-05 ,16:00:00 ,-0.94663940138617,,,,
2013-02-06 ,16:00:00 ,1.7211632393633,,,,
2013-02-07 ,16:00:00 ,1.04500387479421,,,,
2013-02-08 ,16:00:00 ,-0.359748008261974,,,,
2013-02-11 ,16:00:00 ,0.91080974430704,,,,
2013-02-12 ,16:00:00 ,0.39336490993889,,,,
2013-02-13 ,16:00:00 ,0.418692930380503,,,,
2013-02-14 ,16:00:00 ,0.0274522156378073,,,,
2013-02-15 ,16:00:00 ,1.52867409283973,,,,
2013-02-19 ,16:00:00 ,-1.29058900479156,,,,
2013-02-20 ,16:00:00 ,1.68499389133534,,,,
2013-02-21 ,16:00:00 ,-3.71528245663216,,,,
2013-02-22 ,16:00:00 ,-1.77928608188866,,,,
2013-02-25 ,16:00:00 ,2.1715888898218,,,,
2013-02-26 ,16:00:00 ,-3.38973628895256,,,,
2013-02-27 ,16:00:00 ,1.14839796825116,,,,
2013-02-28 ,16:00:00 ,1.97752174009119,,,,
2013-03-01 ,16:00:00 ,-0.65380962571278,,,,
2013-03-04 ,16:00:00 ,0.282621477496483,,,,
2013-03-05 ,16:00:00 ,0.600594516996055,,,,
2013-03-06 ,16:00:00 ,1.39156238659131,,,,
2013-03-07 ,16:00:00 ,0.0553274067706105,,,,
2013-03-08 ,16:00:00 ,0.0257992705174144,,,,
2013-03-11 ,16:00:00 ,0.510320167063247,,,,
2013-03-12 ,16:00:00 ,-0.294228967078763,,,,
2013-03-13 ,16:00:00 ,0,,,,
2013-03-14 ,16:00:00 ,0,,,,
2013-03-15 ,16:00:00 ,0,,,,
2013-03-18 ,16:00:00 ,0,,,,
2013-03-19 ,16:00:00 ,0,,,,
2013-03-20 ,16:00:00 ,0,,,,
2013-03-21 ,16:00:00 ,0,,,,
2013-03-22 ,16:00:00 ,0,,,,
2013-03-25 ,16:00:00 ,0,,,,
2013-03-26 ,16:00:00 ,0,,,,
2013-03-27 ,16:00:00 ,0,,,,
2013-03-28 ,16:00:00 ,0,,,,
2013-04-01 ,16:00:00 ,-0.0561739373747107,,,,
2013-04-02 ,16:00:00 ,-1.81718539021161,,,,
2013-04-03 ,16:00:00 ,-0.283321332579366,,,,
2013-04-04 ,16:00:00 ,-2.16586712197486,,,,
2013-04-05 ,16:00:00 ,1.39437064800433,,,,
2013-04-08 ,16:00:00 ,-0.0165855055431063,,,,
2013-04-09 ,16:00:00 ,1.16411448064118,,,,
2013-04-10 ,16:00:00 ,1.12774496636954,,,,
2013-04-11 ,16:00:00 ,1.73408084354642,,,,
2013-04-12 ,16:00:00 ,0.152116326273364,,,,
2013-04-15 ,16:00:00 ,-0.303546119724558,,,,
2013-04-16 ,16:00:00 ,-3.90350998059589,,,,
2013-04-17 ,16:00:00 ,2.51177043278426,,,,
2013-04-18 ,16:00:00 ,-2.62439043722408,,,,
2013-04-19 ,16:00:00 ,-0.51960449902647,,,,
2013-04-22 ,16:00:00 ,1.32755523180929,,,,
2013-04-23 ,16:00:00 ,1.09756989596756,,,,
2013-04-24 ,16:00:00 ,2.38381247294607,,,,
2013-04-25 ,16:00:00 ,0.768056854657569,,,,
2013-04-26 ,16:00:00 ,0.783494929646721,,,,
2013-04-29 ,16:00:00 ,-0.533043633418953,,,,
2013-04-30 ,16:00:00 ,1.23211726194757,,,,
2013-05-01 ,16:00:00 ,0.778000065850034,,,,
2013-05-02 ,16:00:00 ,-1.60506502743686,,,,
2013-05-03 ,16:00:00 ,0.896458973516336,,,,
2013-05-06 ,16:00:00 ,1.79761819308209,,,,
2013-05-07 ,16:00:00 ,0.0789660750619485,,,,
2013-05-08 ,16:00:00 ,0,,,,
2013-05-09 ,16:00:00 ,0,,,,
2013-05-10 ,16:00:00 ,0,,,,
2013-05-13 ,16:00:00 ,0,,,,
2013-05-14 ,16:00:00 ,0,,,,
2013-05-15 ,16:00:00 ,0,,,,
2013-05-16 ,16:00:00 ,0,,,,
2013-05-17 ,16:00:00 ,0,,,,
2013-05-20 ,16:00:00 ,0,,,,
2013-05-21 ,16:00:00 ,0,,,,
2013-05-22 ,16:00:00 ,0,,,,
2013-05-23 ,16:00:00 ,0,,,,
2013-05-24 ,16:00:00 ,0,,,,
2013-05-28 ,16:00:00 ,0,,,,
2013-05-29 ,16:00:00 ,0,,,,
2013-05-30 ,16:00:00 ,0,,,,
2013-05-31 ,16:00:00 ,0,,,,
2013-06-03 ,16:00:00 ,-0.0487084115674794,,,,
2013-06-04 ,16:00:00 ,-0.105710853777532,,,,
2013-06-05 ,16:00:00 ,-0.276247779284259,,,,
2013-06-06 ,16:00:00 ,-2.11558998935964,,,,
2013-06-07 ,16:00:00 ,0.0199140942005028,,,,
2013-06-10 ,16:00:00 ,0,,,,
2013-06-11 ,16:00:00 ,0,,,,
2013-06-12 ,16:00:00 ,0,,,,
2013-06-13 ,16:00:00 ,0,,,,
2013-06-14 ,16:00:00 ,0,,,,
2013-06-17 ,16:00:00 ,0,,,,
2013-06-18 ,16:00:00 ,0,,,,
2013-06-19 ,16:00:00 ,0,,,,
2013-06-20 ,16:00:00 ,0,,,,
2013-06-21 ,16:00:00 ,0,,,,
2013-06-24 ,16:00:00 ,0,,,,
2013-06-25 ,16:00:00 ,0,,,,
2013-06-26 ,16:00:00 ,0,,,,
2013-06-27 ,16:00:00 ,0,,,,
2013-06-28 ,16:00:00 ,0,,,,
2013-07-01 ,16:00:00 ,-0.0531043799308041,,,,
2013-07-02 ,16:00:00 ,1.23781879961268,,,,
2013-07-03 ,13:00:00 ,-1.15447745123493,,,,
2013-07-05 ,16:00:00 ,0.573450377780401,,,,
2013-07-08 ,16:00:00 ,1.39134581034684,,,,
2013-07-09 ,16:00:00 ,0.714587592772392,,,,
2013-07-10 ,16:00:00 ,0,,,,
2013-07-11 ,16:00:00 ,0,,,,
2013-07-12 ,16:00:00 ,0,,,,
2013-07-15 ,16:00:00 ,0,,,,
2013-07-16 ,16:00:00 ,0,,,,
2013-07-17 ,16:00:00 ,0,,,,
2013-07-18 ,16:00:00 ,0,,,,
2013-07-19 ,16:00:00 ,0,,,,
2013-07-22 ,16:00:00 ,0,,,,
2013-07-23 ,16:00:00 ,0,,,,
2013-07-24 ,16:00:00 ,0,,,,
2013-07-25 ,16:00:00 ,0,,,,
2013-07-26 ,16:00:00 ,0,,,,
2013-07-29 ,16:00:00 ,0,,,,
2013-07-30 ,16:00:00 ,0,,,,
2013-07-31 ,16:00:00 ,0,,,,
2013-08-01 ,16:00:00 ,-0.0511503906278503,,,,
2013-08-02 ,16:00:00 ,1.85916326608546,,,,
2013-08-05 ,16:00:00 ,0.773793614238708,,,,
2013-08-06 ,16:00:00 ,0.553194552676786,,,,
2013-08-07 ,16:00:00 ,-1.2859127998402,,,,
2013-08-08 ,16:00:00 ,-0.982698123578605,,,,
2013-08-09 ,16:00:00 ,1.87955364916174,,,,
2013-08-12 ,16:00:00 ,-0.0537100029414609,,,,
2013-08-13 ,16:00:00 ,-0.125760291994079,,,,
2013-08-14 ,16:00:00 ,-0.00299752626339769,,,,
2013-08-15 ,16:00:00 ,-0.544655881510336,,,,
2013-08-16 ,16:00:00 ,-2.54165243189558,,,,
2013-08-19 ,16:00:00 ,-0.123630431451237,,,,
2013-08-20 ,16:00:00 ,0,,,,
2013-08-21 ,16:00:00 ,0,,,,
2013-08-22 ,16:00:00 ,0,,,,
2013-08-23 ,16:00:00 ,0,,,,
2013-08-26 ,16:00:00 ,0,,,,
2013-08-27 ,16:00:00 ,0,,,,
2013-08-28 ,16:00:00 ,0,,,,
2013-08-29 ,16:00:00 ,0,,,,
2013-08-30 ,16:00:00 ,0,,,,
2013-09-03 ,16:00:00 ,-0.0520969007709355,,,,
2013-09-04 ,16:00:00 ,1.87975791230893,,,,
2013-09-05 ,16:00:00 ,2.14727762088174,,,,
2013-09-06 ,16:00:00 ,0.750894480306805,,,,
2013-09-09 ,16:00:00 ,0.36982256082297,,,,
2013-09-10 ,16:00:00 ,1.9390602660878,,,,
2013-09-11 ,16:00:00 ,1.33518764766767,,,,
2013-09-12 ,16:00:00 ,-0.146987036864769,,,,
2013-09-13 ,16:00:00 ,0,,,,
2013-09-16 ,16:00:00 ,0,,,,
2013-09-17 ,16:00:00 ,0,,,,
2013-09-18 ,16:00:00 ,0,,,,
2013-09-19 ,16:00:00 ,0,,,,
2013-09-20 ,16:00:00 ,0,,,,
2013-09-23 ,16:00:00 ,0,,,,
2013-09-24 ,16:00:00 ,0,,,,
2013-09-25 ,16:00:00 ,0,,,,
2013-09-26 ,16:00:00 ,0,,,,
2013-09-27 ,16:00:00 ,0,,,,
2013-09-30 ,16:00:00 ,0,,,,
2013-10-01 ,16:00:00 ,-0.0506656519011796,,,,
2013-10-02 ,16:00:00 ,1.52860725151705,,,,
2013-10-03 ,16:00:00 ,0.839559875276499,,,,
2013-10-04 ,16:00:00 ,-1.79964444836385,,,,
2013-10-07 ,16:00:00 ,0.936007233880775,,,,
2013-10-08 ,16:00:00 ,-1.33316697880002,,,,
2013-10-09 ,16:00:00 ,-3.21964951696744,,,,
2013-10-10 ,16:00:00 ,0.440984848952826,,,,
2013-10-11 ,16:00:00 ,0,,,,
2013-10-14 ,16:00:00 ,0,,,,
2013-10-15 ,16:00:00 ,0,,,,
2013-10-16 ,16:00:00 ,0,,,,
2013-10-17 ,16:00:00 ,0,,,,
2013-10-18 ,16:00:00 ,0,,,,
2013-10-21 ,16:00:00 ,0,,,,
2013-10-22 ,16:00:00 ,0,,,,
2013-10-23 ,16:00:00 ,0,,,,
2013-10-24 ,16:00:00 ,0,,,,
2013-10-25 ,16:00:00 ,0,,,,
2013-10-28 ,16:00:00 ,0,,,,
2013-10-29 ,16:00:00 ,0,,,,
2013-10-30 ,16:00:00 ,0,,,,
2013-10-31 ,16:00:00 ,0,,,,
2013-11-01 ,16:00:00 ,-0.0508796448440198,,,,
2013-11-04 ,16:00:00 ,0.483960774951891,,,,
2013-11-05 ,16:00:00 ,1.46064609099576,,,,
2013-11-06 ,16:00:00 ,-1.07955752574573,,,,
2013-11-07 ,16:00:00 ,-0.621147263783224,,,,
2013-11-08 ,16:00:00 ,-3.14261676510905,,,,
2013-11-11 ,16:00:00 ,2.25140668231959,,,,
2013-11-12 ,16:00:00 ,0.806803842861551,,,,
2013-11-13 ,16:00:00 ,-2.02988899937755,,,,
2013-11-14 ,16:00:00 ,1.89884265407575,,,,
2013-11-15 ,16:00:00 ,1.25555661824852,,,,
2013-11-18 ,16:00:00 ,0.756679362220572,,,,
2013-11-19 ,16:00:00 ,-1.51611516476283,,,,
2013-11-20 ,16:00:00 ,-1.67440072680232,,,,
2013-11-21 ,16:00:00 ,-0.573272996672515,,,,
2013-11-22 ,16:00:00 ,1.99754664713955,,,,
2013-11-25 ,16:00:00 ,0.194453892290581,,,,
2013-11-26 ,16:00:00 ,-0.441169850825532,,,,
2013-11-27 ,16:00:00 ,1.11374904163439,,,,
2013-11-29 ,13:00:00 ,0.894055511873682,,,,
2013-12-02 ,16:00:00 ,-0.0670239256161764,,,,
2013-12-03 ,16:00:00 ,-0.817343377105479,,,,
2013-12-04 ,16:00:00 ,-0.239897565764631,,,,
2013-12-05 ,16:00:00 ,-0.337818168414903,,,,
2013-12-06 ,16:00:00 ,-0.542921634136596,,,,
2013-12-09 ,16:00:00 ,1.00527011546053,,,,
2013-12-10 ,16:00:00 ,0.900151518323159,,,,
2013-12-11 ,16:00:00 ,-0.268750788674578,,,,
2013-12-12 ,16:00:00 ,-1.93185134484749,,,,
2013-12-13 ,16:00:00 ,-0.295171972549103,,,,
2013-12-16 ,16:00:00 ,0.513779782901819,,,,
2013-12-17 ,16:00:00 ,1.27152452892584,,,,
2013-12-18 ,16:00:00 ,-0.423279782684902,,,,
2013-12-19 ,16:00:00 ,2.03380956653309,,,,
2013-12-20 ,16:00:00 ,0.392694008983771,,,,
2013-12-23 ,16:00:00 ,0.92207999095253,,,,
2013-12-24 ,13:00:00 ,1.0934067294245,,,,
2013-12-26 ,16:00:00 ,-0.0743573736596357,,,,
2013-12-27 ,16:00:00 ,0,,,,
2013-12-30 ,16:00:00 ,0,,,,
2013-12-31 ,16:00:00 ,0,,,,
2014-01-02 ,16:00:00 ,-0.0791314576777352,,,,
2014-01-03 ,16:00:00 ,0.0375944722657919,,,,
2014-01-06 ,16:00:00 ,-0.0938226077328226,,,,
2014-01-07 ,16:00:00 ,0,,,,
2014-01-08 ,16:00:00 ,0,,,,
2014-01-09 ,16:00:00 ,0,,,,
2014-01-10 ,16:00:00 ,0,,,,
2014-01-13 ,16:00:00 ,0,,,,
2014-01-14 ,16:00:00 ,0,,,,
2014-01-15 ,16:00:00 ,0,,,,
2014-01-16 ,16:00:00 ,0,,,,
2014-01-17 ,16:00:00 ,0,,,,
2014-01-21 ,16:00:00 ,0,,,,
2014-01-22 ,16:00:00 ,0,,,,
2014-01-23 ,16:00:00 ,0,,,,
2014-01-24 ,16:00:00 ,0,,,,
2014-01-27 ,16:00:00 ,0,,,,
2014-01-28 ,16:00:00 ,0,,,,
2014-01-29 ,16:00:00 ,0,,,,
2014-01-30 ,16:00:00 ,0,,,,
2014-01-31 ,16:00:00 ,0,,,,
2014-02-03 ,16:00:00 ,-0.0803081394856332,,,,
2014-02-04 ,16:00:00 ,-0.540813343862825,,,,
2014-02-05 ,16:00:00 ,-0.0333554600085729,,,,
2014-02-06 ,16:00:00 ,0.22803839441679,,,,
2014-02-07 ,16:00:00 ,0.239565212131642,,,,
2014-02-10 ,16:00:00 ,0.107624933887166,,,,
2014-02-11 ,16:00:00 ,0,,,,
2014-02-12 ,16:00:00 ,0,,,,
2014-02-13 ,16:00:00 ,0,,,,
2014-02-14 ,16:00:00 ,0,,,,
2014-02-18 ,16:00:00 ,0,,,,
2014-02-19 ,16:00:00 ,0,,,,
2014-02-20 ,16:00:00 ,0,,,,
2014-02-21 ,16:00:00 ,0,,,,
2014-02-24 ,16:00:00 ,0,,,,
2014-02-25 ,16:00:00 ,0,,,,
2014-02-26 ,16:00:00 ,0,,,,
2014-02-27 ,16:00:00 ,0,,,,
2014-02-28 ,16:00:00 ,0,,,,
2014-03-03 ,16:00:00 ,-0.044906164518999,,,,
2014-03-04 ,16:00:00 ,-1.05938587324137,,,,
2014-03-05 ,16:00:00 ,2.37879921382695,,,,
2014-03-06 ,16:00:00 ,-0.117473122860137,,,,
2014-03-07 ,16:00:00 ,0.253612286828006,,,,
2014-03-10 ,16:00:00 ,-0.6474881974364,,,,
2014-03-11 ,16:00:00 ,-0.622870503214641,,,,
2014-03-12 ,16:00:00 ,-1.34644285579186,,,,
2014-03-13 ,16:00:00 ,0.322209429031744,,,,
2014-03-14 ,16:00:00 ,-1.93272772609416,,,,
2014-03-17 ,16:00:00 ,0.302568358403835,,,,
2014-03-18 ,16:00:00 ,1.01566957796416,,,,
2014-03-19 ,16:00:00 ,1.50393263561036,,,,
2014-03-20 ,16:00:00 ,-0.770482954217838,,,,
2014-03-21 ,16:00:00 ,0.476776918392002,,,,
2014-03-24 ,16:00:00 ,-0.934994045964811,,,,
2014-03-25 ,16:00:00 ,-0.848568436230923,,,,
2014-03-26 ,16:00:00 ,1.02424176081056,,,,
2014-03-27 ,16:00:00 ,-1.99997546872936,,,,
2014-03-28 ,16:00:00 ,0.273305462435165,,,,
2014-03-31 ,16:00:00 ,0.863467133448673,,,,
2014-04-01 ,16:00:00 ,1.53976833184629,,,,
2014-04-02 ,16:00:00 ,1.04139183550831,,,,
2014-04-03 ,16:00:00 ,0.810894701115788,,,,
2014-04-04 ,16:00:00 ,-0.229546440029134,,,,
2014-04-07 ,16:00:00 ,-1.55448550832455,,,,
2014-04-08 ,16:00:00 ,-1.27685841668709,,,,
2014-04-09 ,16:00:00 ,1.4258596687882,,,,
2014-04-10 ,16:00:00 ,1.00397299396701,,,,
2014-04-11 ,16:00:00 ,-2.5671879123513,,,,
2014-04-14 ,16:00:00 ,-0.808481883929242,,,,
2014-04-15 ,16:00:00 ,0,,,,
2014-04-16 ,16:00:00 ,0,,,,
2014-04-17 ,16:00:00 ,0,,,,
2014-04-21 ,16:00:00 ,0,,,,
2014-04-22 ,16:00:00 ,0,,,,
2014-04-23 ,16:00:00 ,0,,,,
2014-04-24 ,16:00:00 ,0,,,,
2014-04-25 ,16:00:00 ,0,,,,
2014-04-28 ,16:00:00 ,0,,,,
2014-04-29 ,16:00:00 ,0,,,,
2014-04-30 ,16:00:00 ,0,,,,
2014-05-01 ,16:00:00 ,-0.0459718267170493,,,,
2014-05-02 ,16:00:00 ,0.295054701407347,,,,
2014-05-05 ,16:00:00 ,0.435289476561139,,,,
2014-05-06 ,16:00:00 ,0.213876950030797,,,,
2014-05-07 ,16:00:00 ,-1.03548414611777,,,,
2014-05-08 ,16:00:00 ,1.42649959144012,,,,
2014-05-09 ,16:00:00 ,-0.172127085270756,,,,
2014-05-12 ,16:00:00 ,-0.0403155036205967,,,,
2014-05-13 ,16:00:00 ,2.01298560381327,,,,
2014-05-14 ,16:00:00 ,-0.0269600160840088,,,,
2014-05-15 ,16:00:00 ,-0.484520220739313,,,,
2014-05-16 ,16:00:00 ,-0.480691486379587,,,,
2014-05-19 ,16:00:00 ,0.581847440410893,,,,
2014-05-20 ,16:00:00 ,0.263512232276423,,,,
2014-05-21 ,16:00:00 ,-1.51657110642854,,,,
2014-05-22 ,16:00:00 ,0.81311806587132,,,,
2014-05-23 ,16:00:00 ,0.108103587382678,,,,
2014-05-27 ,16:00:00 ,0.881892814833907,,,,
2014-05-28 ,16:00:00 ,0.358992975019752,,,,
2014-05-29 ,16:00:00 ,0.278545442033171,,,,
2014-05-30 ,16:00:00 ,0.611259644805992,,,,
2014-06-02 ,16:00:00 ,-0.433923975356777,,,,
2014-06-03 ,16:00:00 ,0.339687599728326,,,,
2014-06-04 ,16:00:00 ,-0.105408771386212,,,,
2014-06-05 ,16:00:00 ,0,,,,
2014-06-06 ,16:00:00 ,0,,,,
2014-06-09 ,16:00:00 ,0,,,,
2014-06-10 ,16:00:00 ,0,,,,
2014-06-11 ,16:00:00 ,0,,,,
2014-06-12 ,16:00:00 ,0,,,,
2014-06-13 ,16:00:00 ,0,,,,
2014-06-16 ,16:00:00 ,0,,,,
2014-06-17 ,16:00:00 ,0,,,,
2014-06-18 ,16:00:00 ,0,,,,
2014-06-19 ,16:00:00 ,0,,,,
2014-06-20 ,16:00:00 ,0,,,,
2014-06-23 ,16:00:00 ,0,,,,
2014-06-24 ,16:00:00 ,0,,,,
2014-06-25 ,16:00:00 ,0,,,,
2014-06-26 ,16:00:00 ,0,,,,
2014-06-27 ,16:00:00 ,0,,,,
2014-06-30 ,16:00:00 ,0,,,,
2014-07-01 ,16:00:00 ,-0.0485917035912922,,,,
2014-07-02 ,16:00:00 ,1.04115086872314,,,,
2014-07-03 ,13:00:00 ,-0.221326421255564,,,,
2014-07-07 ,16:00:00 ,0.786170392839768,,,,
2014-07-08 ,16:00:00 ,-1.30703380432223,,,,
2014-07-09 ,16:00:00 ,-1.61941778326541,,,,
2014-07-10 ,16:00:00 ,1.40086892767501,,,,
2014-07-11 ,16:00:00 ,-0.192505293277382,,,,
2014-07-14 ,16:00:00 ,0.219952168457465,,,,
2014-07-15 ,16:00:00 ,0.483724115433686,,,,
2014-07-16 ,16:00:00 ,-0.289647912451102,,,,
2014-07-17 ,16:00:00 ,0.811832478984373,,,,
2014-07-18 ,16:00:00 ,-2.28858968507987,,,,
2014-07-21 ,16:00:00 ,2.68364127426826,,,,
2014-07-22 ,16:00:00 ,-0.113512478782355,,,,
2014-07-23 ,16:00:00 ,1.14648370086184,,,,
2014-07-24 ,16:00:00 ,-0.269048066369118,,,,
2014-07-25 ,16:00:00 ,0.259499643145757,,,,
2014-07-28 ,16:00:00 ,-0.601716196745826,,,,
2014-07-29 ,16:00:00 ,-0.221761024168956,,,,
2014-07-30 ,16:00:00 ,-0.622640825682565,,,,
2014-07-31 ,16:00:00 ,0.108018703889665,,,,
2014-08-01 ,16:00:00 ,-2.96401225792459,,,,
2014-08-04 ,16:00:00 ,-0.241974682479175,,,,
2014-08-05 ,16:00:00 ,0,,,,
2014-08-06 ,16:00:00 ,0,,,,
2014-08-07 ,16:00:00 ,0,,,,
2014-08-08 ,16:00:00 ,0,,,,
2014-08-11 ,16:00:00 ,0,,,,
2014-08-12 ,16:00:00 ,0,,,,
2014-08-13 ,16:00:00 ,0,,,,
2014-08-14 ,16:00:00 ,0,,,,
2014-08-15 ,16:00:00 ,0,,,,
2014-08-18 ,16:00:00 ,0,,,,
2014-08-19 ,16:00:00 ,0,,,,
2014-08-20 ,16:00:00 ,0,,,,
2014-08-21 ,16:00:00 ,0,,,,
2014-08-22 ,16:00:00 ,0,,,,
2014-08-25 ,16:00:00 ,0,,,,
2014-08-26 ,16:00:00 ,0,,,,
2014-08-27 ,16:00:00 ,0,,,,
2014-08-28 ,16:00:00 ,0,,,,
2014-08-29 ,16:00:00 ,0,,,,
2014-09-02 ,16:00:00 ,-0.0446209138788343,,,,
2014-09-03 ,16:00:00 ,0.31963637968891,,,,
2014-09-04 ,16:00:00 ,0.0282387731492482,,,,
2014-09-05 ,16:00:00 ,-0.197323275326208,,,,
2014-09-08 ,16:00:00 ,1.08326471077563,,,,
2014-09-09 ,16:00:00 ,-0.106049671786945,,,,
2014-09-10 ,16:00:00 ,-1.05861637689055,,,,
2014-09-11 ,16:00:00 ,0.831734876446271,,,,
2014-09-12 ,16:00:00 ,0.784132338710245,,,,
2014-09-15 ,16:00:00 ,-0.808500052054888,,,,
2014-09-16 ,16:00:00 ,-0.850662156058249,,,,
2014-09-17 ,16:00:00 ,1.12357634660717,,,,
2014-09-18 ,16:00:00 ,0.734916408562741,,,,
2014-09-19 ,16:00:00 ,0.621666413295095,,,,
2014-09-22 ,16:00:00 ,-0.709640332747622,,,,
2014-09-23 ,16:00:00 ,-2.32705530128535,,,,
2014-09-24 ,16:00:00 ,-0.340427688858907,,,,
2014-09-25 ,16:00:00 ,1.48240557985573,,,,
2014-09-26 ,16:00:00 ,-2.30847877570127,,,,
2014-09-29 ,16:00:00 ,1.22641522775509,,,,
2014-09-30 ,16:00:00 ,-0.567000197156967,,,,
2014-10-01 ,16:00:00 ,-0.147115032988228,,,,
2014-10-02 ,16:00:00 ,-1.92772046303405,,,,
2014-10-03 ,16:00:00 ,-0.159498116853579,,,,
2014-10-06 ,16:00:00 ,0,,,,
2014-10-07 ,16:00:00 ,0,,,,
2014-10-08 ,16:00:00 ,0,,,,
2014-10-09 ,16:00:00 ,0,,,,
2014-10-10 ,16:00:00 ,0,,,,
2014-10-13 ,16:00:00 ,0,,,,
2014-10-14 ,16:00:00 ,0,,,,
2014-10-15 ,16:00:00 ,0,,,,
2014-10-16 ,16:00:00 ,0,,,,
2014-10-17 ,16:00:00 ,0,,,,
2014-10-20 ,16:00:00 ,0,,,,
2014-10-21 ,16:00:00 ,0,,,,
2014-10-22 ,16:00:00 ,0,,,,
2014-10-23 ,16:00:00 ,0,,,,
2014-10-24 ,16:00:00 ,0,,,,
2014-10-27 ,16:00:00 ,0,,,,
2014-10-28 ,16:00:00 ,0,,,,
2014-10-29 ,16:00:00 ,0,,,,
2014-10-30 ,16:00:00 ,0,,,,
2014-10-31 ,16:00:00 ,0,,,,
2014-11-03 ,16:00:00 ,-0.083367449887468,,,,
2014-11-04 ,16:00:00 ,0.613838758511879,,,,
2014-11-05 ,16:00:00 ,1.24874076291744,,,,
2014-11-06 ,16:00:00 ,-0.635075751783536,,,,
2014-11-07 ,16:00:00 ,-0.293702708736263,,,,
2014-11-10 ,16:00:00 ,0.107242265438491,,,,
2014-11-11 ,16:00:00 ,-0.0797403045311093,,,,
2014-11-12 ,16:00:00 ,-0.131352247493678,,,,
2014-11-13 ,16:00:00 ,0.532729521274582,,,,
2014-11-14 ,16:00:00 ,0.196796675170481,,,,
2014-11-17 ,16:00:00 ,0,,,,
2014-11-18 ,16:00:00 ,0,,,,
2014-11-19 ,16:00:00 ,0,,,,
2014-11-20 ,16:00:00 ,0,,,,
2014-11-21 ,16:00:00 ,0,,,,
2014-11-24 ,16:00:00 ,0,,,,
2014-11-25 ,16:00:00 ,0,,,,
2014-11-26 ,16:00:00 ,0,,,,
2014-11-28 ,13:00:00 ,0,,,,
2014-12-01 ,16:00:00 ,-0.0492154623502201,,,,
2014-12-02 ,16:00:00 ,-1.80625410143995,,,,
2014-12-03 ,16:00:00 ,0.601977101852121,,,,
2014-12-04 ,16:00:00 ,0.865144289309598,,,,
2014-12-05 ,16:00:00 ,-0.133852291103398,,,,
2014-12-08 ,16:00:00 ,-0.160945312755734,,,,
2014-12-09 ,16:00:00 ,-1.1394083411192,,,,
2014-12-10 ,16:00:00 ,0.0729499801712027,,,,
2014-12-11 ,16:00:00 ,-2.51942536769758,,,,
2014-12-12 ,16:00:00 ,0.412572471887844,,,,
2014-12-15 ,16:00:00 ,0,,,,
2014-12-16 ,16:00:00 ,0,,,,
2014-12-17 ,16:00:00 ,0,,,,
2014-12-18 ,16:00:00 ,0,,,,
2014-12-19 ,16:00:00 ,0,,,,
2014-12-22 ,16:00:00 ,0,,,,
2014-12-23 ,16:00:00 ,0,,,,
2014-12-24 ,13:00:00 ,0,,,,
2014-12-26 ,16:00:00 ,0,,,,
2014-12-29 ,16:00:00 ,0,,,,
2014-12-30 ,16:00:00 ,0,,,,
2014-12-31 ,16:00:00 ,0,,,,
2015-01-02 ,16:00:00 ,-0.100509999999995,,,,
2015-01-05 ,16:00:00 ,-0.267223195528701,,,,
2015-01-06 ,16:00:00 ,0.236422489308585,,,,
2015-01-07 ,16:00:00 ,0,,,,
2015-01-08 ,16:00:00 ,0,,,,
2015-01-09 ,16:00:00 ,0,,,,
2015-01-12 ,16:00:00 ,0,,,,
2015-01-13 ,16:00:00 ,0,,,,
2015-01-14 ,16:00:00 ,0,,,,
2015-01-15 ,16:00:00 ,0,,,,
2015-01-16 ,16:00:00 ,0,,,,
2015-01-20 ,16:00:00 ,0,,,,
2015-01-21 ,16:00:00 ,0,,,,
2015-01-22 ,16:00:00 ,0,,,,
2015-01-23 ,16:00:00 ,0,,,,
2015-01-26 ,16:00:00 ,0,,,,
2015-01-27 ,16:00:00 ,0,,,,
2015-01-28 ,16:00:00 ,0,,,,
2015-01-29 ,16:00:00 ,0,,,,
2015-01-30 ,16:00:00 ,0,,,,
2015-02-02 ,16:00:00 ,-0.0584771377123078,,,,
2015-02-03 ,16:00:00 ,0.210824442480635,,,,
2015-02-04 ,16:00:00 ,0,,,,
2015-02-05 ,16:00:00 ,0,,,,
2015-02-06 ,16:00:00 ,0,,,,
2015-02-09 ,16:00:00 ,0,,,,
2015-02-10 ,16:00:00 ,0,,,,
2015-02-11 ,16:00:00 ,0,,,,
2015-02-12 ,16:00:00 ,0,,,,
2015-02-13 ,16:00:00 ,0,,,,
2015-02-17 ,16:00:00 ,0,,,,
2015-02-18 ,16:00:00 ,0,,,,
2015-02-19 ,16:00:00 ,0,,,,
2015-02-20 ,16:00:00 ,0,,,,
2015-02-23 ,16:00:00 ,0,,,,
2015-02-24 ,16:00:00 ,0,,,,
2015-02-25 ,16:00:00 ,0,,,,
2015-02-26 ,16:00:00 ,0,,,,
2015-02-27 ,16:00:00 ,0,,,,
2015-03-02 ,16:00:00 ,-0.0522394934199376,,,,
2015-03-03 ,16:00:00 ,-0.90120302727322,,,,
2015-03-04 ,16:00:00 ,-0.393446392384009,,,,
2015-03-05 ,16:00:00 ,-0.539839402024334,,,,
2015-03-06 ,16:00:00 ,0.306088842648545,,,,
2015-03-09 ,16:00:00 ,-3.55416108497233,,,,
2015-03-10 ,16:00:00 ,-0.035994167571773,,,,
2015-03-11 ,16:00:00 ,0,,,,
2015-03-12 ,16:00:00 ,0,,,,
2015-03-13 ,16:00:00 ,0,,,,
2015-03-16 ,16:00:00 ,0,,,,
2015-03-17 ,16:00:00 ,0,,,,
2015-03-18 ,16:00:00 ,0,,,,
2015-03-19 ,16:00:00 ,0,,,,
2015-03-20 ,16:00:00 ,0,,,,
2015-03-23 ,16:00:00 ,0,,,,
2015-03-24 ,16:00:00 ,0,,,,
2015-03-25 ,16:00:00 ,0,,,,
2015-03-26 ,16:00:00 ,0,,,,
2015-03-27 ,16:00:00 ,0,,,,
2015-03-30 ,16:00:00 ,0,,,,
2015-03-31 ,16:00:00 ,0,,,,
2015-04-01 ,16:00:00 ,-0.0587440005962791,,,,
2015-04-02 ,16:00:00 ,0.282863680059803,,,,
2015-04-06 ,16:00:00 ,0.832485875285588,,,,
2015-04-07 ,16:00:00 ,1.67511438133495,,,,
2015-04-08 ,16:00:00 ,0.115213504642555,,,,
2015-04-09 ,16:00:00 ,0.194297739647662,,,,
2015-04-10 ,16:00:00 ,1.67460236031053,,,,
2015-04-13 ,16:00:00 ,0.977717547328771,,,,
2015-04-14 ,16:00:00 ,0.123892846562281,,,,
2015-04-15 ,16:00:00 ,0,,,,
2015-04-16 ,16:00:00 ,0,,,,
2015-04-17 ,16:00:00 ,0,,,,
2015-04-20 ,16:00:00 ,0,,,,
2015-04-21 ,16:00:00 ,0,,,,
2015-04-22 ,16:00:00 ,0,,,,
2015-04-23 ,16:00:00 ,0,,,,
2015-04-24 ,16:00:00 ,0,,,,
2015-04-27 ,16:00:00 ,0,,,,
2015-04-28 ,16:00:00 ,0,,,,
2015-04-29 ,16:00:00 ,0,,,,
2015-04-30 ,16:00:00 ,0,,,,
2015-05-01 ,16:00:00 ,-0.0535898283718609,,,,
2015-05-04 ,16:00:00 ,1.6412700522989,,,,
2015-05-05 ,16:00:00 ,0.178856172964033,,,,
2015-05-06 ,16:00:00 ,-2.1082360925048,,,,
2015-05-07 ,16:00:00 ,-0.613160471134285,,,,
2015-05-08 ,16:00:00 ,1.15191977002444,,,,
2015-05-11 ,16:00:00 ,1.82309271863553,,,,
2015-05-12 ,16:00:00 ,-0.483824997213454,,,,
2015-05-13 ,16:00:00 ,-0.840801589845858,,,,
2015-05-14 ,16:00:00 ,-0.126895750804738,,,,
2015-05-15 ,16:00:00 ,1.0576767284392,,,,
2015-05-18 ,16:00:00 ,0.281616320760667,,,,
2015-05-19 ,16:00:00 ,0.510629745207434,,,,
2015-05-20 ,16:00:00 ,-0.679787346835726,,,,
2015-05-21 ,16:00:00 ,-0.807643299424727,,,,
2015-05-22 ,16:00:00 ,0.301953008817222,,,,
2015-05-26 ,16:00:00 ,0.571363281653386,,,,
2015-05-27 ,16:00:00 ,-1.7552857110992,,,,
2015-05-28 ,16:00:00 ,1.25350343446411,,,,
2015-05-29 ,16:00:00 ,-0.164989523526161,,,,
2015-06-01 ,16:00:00 ,-0.611300203555273,,,,
2015-06-02 ,16:00:00 ,0.368991139612392,,,,
2015-06-03 ,16:00:00 ,-0.0919111584364799,,,,
2015-06-04 ,16:00:00 ,0.422928160535163,,,,
2015-06-05 ,16:00:00 ,-1.1090268814978,,,,
2015-06-08 ,16:00:00 ,0.0942676893983929,,,,
2015-06-09 ,16:00:00 ,-1.18535243157653,,,,
2015-06-10 ,16:00:00 ,0.406463052850051,,,,
2015-06-11 ,16:00:00 ,1.45084014682314,,,,
2015-06-12 ,16:00:00 ,0.290387870316498,,,,
2015-06-15 ,16:00:00 ,-0.758372518531093,,,,
2015-06-16 ,16:00:00 ,-0.564055198765956,,,,
2015-06-17 ,16:00:00 ,0.625942027179662,,,,
2015-06-18 ,16:00:00 ,0.0424009032739549,,,,
2015-06-19 ,16:00:00 ,1.35625725404598,,,,
2015-06-22 ,16:00:00 ,-0.484143276759749,,,,
2015-06-23 ,16:00:00 ,0.860920330549592,,,,
2015-06-24 ,16:00:00 ,-0.179936177133677,,,,
2015-06-25 ,16:00:00 ,-0.673004488491681,,,,
2015-06-26 ,16:00:00 ,0.448171336068933,,,,
2015-06-29 ,16:00:00 ,-0.387296334098704,,,,
2015-06-30 ,16:00:00 ,-3.71795757686002,,,,
2015-07-01 ,16:00:00 ,1.16991693160753,,,,
2015-07-02 ,16:00:00 ,-0.0296349118959048,,,,
2015-07-06 ,16:00:00 ,-0.00813051135904833,,,,
2015-07-07 ,16:00:00 ,0,,,,
2015-07-08 ,16:00:00 ,0,,,,
2015-07-09 ,16:00:00 ,0,,,,
2015-07-10 ,16:00:00 ,0,,,,
2015-07-13 ,16:00:00 ,0,,,,
2015-07-14 ,16:00:00 ,0,,,,
2015-07-15 ,16:00:00 ,0,,,,
2015-07-16 ,16:00:00 ,0,,,,
2015-07-17 ,16:00:00 ,0,,,,
2015-07-20 ,16:00:00 ,0,,,,
2015-07-21 ,16:00:00 ,0,,,,
2015-07-22 ,16:00:00 ,0,,,,
2015-07-23 ,16:00:00 ,0,,,,
2015-07-24 ,16:00:00 ,0,,,,
2015-07-27 ,16:00:00 ,0,,,,
2015-07-28 ,16:00:00 ,0,,,,
2015-07-29 ,16:00:00 ,0,,,,
2015-07-30 ,16:00:00 ,0,,,,
2015-07-31 ,16:00:00 ,0,,,,
2015-08-03 ,16:00:00 ,-0.0534314634972502,,,,
2015-08-04 ,16:00:00 ,-1.54609677098062,,,,
2015-08-05 ,16:00:00 ,0.598564347358702,,,,
2015-08-06 ,16:00:00 ,0.503648098890675,,,,
2015-08-07 ,16:00:00 ,-0.318970375872896,,,,
2015-08-10 ,16:00:00 ,-0.656747715575976,,,,
2015-08-11 ,16:00:00 ,2.59283753865566,,,,
2015-08-12 ,16:00:00 ,-1.7803561209245,,,,
2015-08-13 ,16:00:00 ,-0.0914191398731459,,,,
2015-08-14 ,16:00:00 ,-0.471270928378126,,,,
2015-08-17 ,16:00:00 ,0.220381720758444,,,,
2015-08-18 ,16:00:00 ,1.03596474077191,,,,
2015-08-19 ,16:00:00 ,-0.769612628937624,,,,
2015-08-20 ,16:00:00 ,-1.99615096430586,,,,
2015-08-21 ,16:00:00 ,-4.31044656941005,,,,
2015-08-24 ,16:00:00 ,-2.20063450337251,,,,
2015-08-25 ,16:00:00 ,0,,,,
2015-08-26 ,16:00:00 ,0,,,,
2015-08-27 ,16:00:00 ,0,,,,
2015-08-28 ,16:00:00 ,0,,,,
2015-08-31 ,16:00:00 ,0,,,,
2015-09-01 ,16:00:00 ,-0.111782264849481,,,,
2015-09-02 ,16:00:00 ,-0.536767999387744,,,,
2015-09-03 ,16:00:00 ,0.000419634198647594,,,,
2015-09-04 ,16:00:00 ,-0.0604645960274346,,,,
2015-09-08 ,16:00:00 ,-0.279084386528401,,,,
2015-09-09 ,16:00:00 ,0.309914572391274,,,,
2015-09-10 ,16:00:00 ,-0.146301495886817,,,,
2015-09-11 ,16:00:00 ,0.14574909063473,,,,
2015-09-14 ,16:00:00 ,-0.0323610359912451,,,,
2015-09-15 ,16:00:00 ,0,,,,
2015-09-16 ,16:00:00 ,0,,,,
2015-09-17 ,16:00:00 ,0,,,,
2015-09-18 ,16:00:00 ,0,,,,
2015-09-21 ,16:00:00 ,0,,,,
2015-09-22 ,16:00:00 ,0,,,,
2015-09-23 ,16:00:00 ,0,,,,
2015-09-24 ,16:00:00 ,0,,,,
2015-09-25 ,16:00:00 ,0,,,,
2015-09-28 ,16:00:00 ,0,,,,
2015-09-29 ,16:00:00 ,0,,,,
2015-09-30 ,16:00:00 ,0,,,,
2015-10-01 ,16:00:00 ,-0.112699630693452,,,,
2015-10-02 ,16:00:00 ,-0.484012641297032,,,,
2015-10-05 ,16:00:00 ,1.44917412566621,,,,
2015-10-06 ,16:00:00 ,1.75833836425209,,,,
2015-10-07 ,16:00:00 ,1.63204710607596,,,,
2015-10-08 ,16:00:00 ,0.580187853289799,,,,
2015-10-09 ,16:00:00 ,1.11563565756406,,,,
2015-10-12 ,16:00:00 ,-0.596392554189941,,,,
2015-10-13 ,16:00:00 ,-0.655829830965545,,,,
2015-10-14 ,16:00:00 ,-0.236219966416682,,,,
2015-10-15 ,16:00:00 ,0.775415934820151,,,,
2015-10-16 ,16:00:00 ,-0.269960011840076,,,,
2015-10-19 ,16:00:00 ,-0.383613096504768,,,,
2015-10-20 ,16:00:00 ,-0.450112905851443,,,,
2015-10-21 ,16:00:00 ,0.5830539707176,,,,
2015-10-22 ,16:00:00 ,-0.581184693818599,,,,
2015-10-23 ,16:00:00 ,0,,,,
2015-10-26 ,16:00:00 ,0,,,,
2015-10-27 ,16:00:00 ,0,,,,
2015-10-28 ,16:00:00 ,0,,,,
2015-10-29 ,16:00:00 ,0,,,,
2015-10-30 ,16:00:00 ,0,,,,
2015-11-02 ,16:00:00 ,-0.107156755774179,,,,
2015-11-03 ,16:00:00 ,0.0611010247114937,,,,
2015-11-04 ,16:00:00 ,0.347606512900664,,,,
2015-11-05 ,16:00:00 ,-0.0709128451508894,,,,
2015-11-06 ,16:00:00 ,0.631563405470156,,,,
2015-11-09 ,16:00:00 ,-0.311934334268919,,,,
2015-11-10 ,16:00:00 ,0,,,,
2015-11-11 ,16:00:00 ,0,,,,
2015-11-12 ,16:00:00 ,0,,,,
2015-11-13 ,16:00:00 ,0,,,,
2015-11-16 ,16:00:00 ,0,,,,
2015-11-17 ,16:00:00 ,0,,,,
2015-11-18 ,16:00:00 ,0,,,,
2015-11-19 ,16:00:00 ,0,,,,
2015-11-20 ,16:00:00 ,0,,,,
2015-11-23 ,16:00:00 ,0,,,,
2015-11-24 ,16:00:00 ,0,,,,
2015-11-25 ,16:00:00 ,0,,,,
2015-11-27 ,13:00:00 ,0,,,,
2015-11-30 ,16:00:00 ,0,,,,
2015-12-01 ,16:00:00 ,-0.106726642748164,,,,
2015-12-02 ,16:00:00 ,-0.200289191018504,,,,
2015-12-03 ,16:00:00 ,0,,,,
2015-12-04 ,16:00:00 ,0,,,,
2015-12-07 ,16:00:00 ,0,,,,
2015-12-08 ,16:00:00 ,0,,,,
2015-12-09 ,16:00:00 ,0,,,,
2015-12-10 ,16:00:00 ,0,,,,
2015-12-11 ,16:00:00 ,0,,,,
2015-12-14 ,16:00:00 ,0,,,,
2015-12-15 ,16:00:00 ,0,,,,
2015-12-16 ,16:00:00 ,0,,,,
2015-12-17 ,16:00:00 ,0,,,,
2015-12-18 ,16:00:00 ,0,,,,
2015-12-21 ,16:00:00 ,0,,,,
2015-12-22 ,16:00:00 ,0,,,,
2015-12-23 ,16:00:00 ,0,,,,
2015-12-24 ,13:00:00 ,0,,,,
2015-12-28 ,16:00:00 ,0,,,,
2015-12-29 ,16:00:00 ,0,,,,
2015-12-30 ,16:00:00 ,0,,,,
2015-12-31 ,16:00:00 ,0,,,,
2016-01-04 ,16:00:00 ,-0.0581589911676238,,,,
2016-01-05 ,16:00:00 ,-1.08423842403026,,,,
2016-01-06 ,16:00:00 ,0.47624329070122,,,,
2016-01-07 ,16:00:00 ,0,,,,
2016-01-08 ,16:00:00 ,0,,,,
2016-01-11 ,16:00:00 ,0,,,,
2016-01-12 ,16:00:00 ,0,,,,
2016-01-13 ,16:00:00 ,0,,,,
2016-01-14 ,16:00:00 ,0,,,,
2016-01-15 ,16:00:00 ,0,,,,
2016-01-19 ,16:00:00 ,0,,,,
2016-01-20 ,16:00:00 ,0,,,,
2016-01-21 ,16:00:00 ,0,,,,
2016-01-22 ,16:00:00 ,0,,,,
2016-01-25 ,16:00:00 ,0,,,,
2016-01-26 ,16:00:00 ,0,,,,
2016-01-27 ,16:00:00 ,0,,,,
2016-01-28 ,16:00:00 ,0,,,,
2016-01-29 ,16:00:00 ,0,,,,
2016-02-01 ,16:00:00 ,-0.0584173235962609,,,,
2016-02-02 ,16:00:00 ,-1.12881983440497,,,,
2016-02-03 ,16:00:00 ,0,,,,
2016-02-04 ,16:00:00 ,0,,,,
2016-02-05 ,16:00:00 ,0,,,,
2016-02-08 ,16:00:00 ,0,,,,
2016-02-09 ,16:00:00 ,0,,,,
2016-02-10 ,16:00:00 ,0,,,,
2016-02-11 ,16:00:00 ,0,,,,
2016-02-12 ,16:00:00 ,0,,,,
2016-02-16 ,16:00:00 ,0,,,,
2016-02-17 ,16:00:00 ,0,,,,
2016-02-18 ,16:00:00 ,0,,,,
2016-02-19 ,16:00:00 ,0,,,,
2016-02-22 ,16:00:00 ,0,,,,
2016-02-23 ,16:00:00 ,0,,,,
2016-02-24 ,16:00:00 ,0,,,,
2016-02-25 ,16:00:00 ,0,,,,
2016-02-26 ,16:00:00 ,0,,,,
2016-02-29 ,16:00:00 ,0,,,,
2016-03-01 ,16:00:00 ,-0.10954080225474,,,,
2016-03-02 ,16:00:00 ,-0.001531728117984,,,,
2016-03-03 ,16:00:00 ,0,,,,
2016-03-04 ,16:00:00 ,0,,,,
2016-03-07 ,16:00:00 ,0,,,,
2016-03-08 ,16:00:00 ,0,,,,
2016-03-09 ,16:00:00 ,0,,,,
2016-03-10 ,16:00:00 ,0,,,,
2016-03-11 ,16:00:00 ,0,,,,
2016-03-14 ,16:00:00 ,0,,,,
2016-03-15 ,16:00:00 ,0,,,,
2016-03-16 ,16:00:00 ,0,,,,
2016-03-17 ,16:00:00 ,0,,,,
2016-03-18 ,16:00:00 ,0,,,,
2016-03-21 ,16:00:00 ,0,,,,
2016-03-22 ,16:00:00 ,0,,,,
2016-03-23 ,16:00:00 ,0,,,,
2016-03-24 ,16:00:00 ,0,,,,
2016-03-28 ,16:00:00 ,0,,,,
2016-03-29 ,16:00:00 ,0,,,,
2016-03-30 ,16:00:00 ,0,,,,
2016-03-31 ,16:00:00 ,0,,,,
2016-04-01 ,16:00:00 ,-0.057461787789994,,,,
2016-04-04 ,16:00:00 ,-0.794716862039495,,,,
2016-04-05 ,16:00:00 ,-1.39833691292486,,,,
2016-04-06 ,16:00:00 ,-1.53415671602372,,,,
2016-04-07 ,16:00:00 ,1.63474098772264,,,,
2016-04-08 ,16:00:00 ,-2.03868522283375,,,,
2016-04-11 ,16:00:00 ,2.09489744725091,,,,
2016-04-12 ,16:00:00 ,0.989681236591709,,,,
2016-04-13 ,16:00:00 ,2.12534159349961,,,,
2016-04-14 ,16:00:00 ,2.67817725121739,,,,
2016-04-15 ,16:00:00 ,-1.3535261071164,,,,
2016-04-18 ,16:00:00 ,0.106563876571257,,,,
2016-04-19 ,16:00:00 ,1.31468929265265,,,,
2016-04-20 ,16:00:00 ,0.855740194044588,,,,
2016-04-21 ,16:00:00 ,0,,,,
2016-04-22 ,16:00:00 ,0,,,,
2016-04-25 ,16:00:00 ,0,,,,
2016-04-26 ,16:00:00 ,0,,,,
2016-04-27 ,16:00:00 ,0,,,,
2016-04-28 ,16:00:00 ,0,,,,
2016-04-29 ,16:00:00 ,0,,,,
2016-05-02 ,16:00:00 ,-0.0569324283753486,,,,
2016-05-03 ,16:00:00 ,-0.775450568844652,,,,
2016-05-04 ,16:00:00 ,-4.78117251399855,,,,
2016-05-05 ,16:00:00 ,-2.29249470623729,,,,
2016-05-06 ,16:00:00 ,1.62075819860036,,,,
2016-05-09 ,16:00:00 ,0,,,,
2016-05-10 ,16:00:00 ,0,,,,
2016-05-11 ,16:00:00 ,0,,,,
2016-05-12 ,16:00:00 ,0,,,,
2016-05-13 ,16:00:00 ,0,,,,
2016-05-16 ,16:00:00 ,0,,,,
2016-05-17 ,16:00:00 ,0,,,,
2016-05-18 ,16:00:00 ,0,,,,
2016-05-19 ,16:00:00 ,0,,,,
2016-05-20 ,16:00:00 ,0,,,,
2016-05-23 ,16:00:00 ,0,,,,
2016-05-24 ,16:00:00 ,0,,,,
2016-05-25 ,16:00:00 ,0,,,,
2016-05-26 ,16:00:00 ,0,,,,
2016-05-27 ,16:00:00 ,0,,,,
2016-05-31 ,16:00:00 ,0,,,,
2016-06-01 ,16:00:00 ,-0.112270367120613,,,,
2016-06-02 ,16:00:00 ,-0.069017177183819,,,,
2016-06-03 ,16:00:00 ,0.393270888445134,,,,
2016-06-06 ,16:00:00 ,0.8851060579542,,,,
2016-06-07 ,16:00:00 ,0.619534375231149,,,,
2016-06-08 ,16:00:00 ,0,,,,
2016-06-09 ,16:00:00 ,0,,,,
2016-06-10 ,16:00:00 ,0,,,,
2016-06-13 ,16:00:00 ,0,,,,
2016-06-14 ,16:00:00 ,0,,,,
2016-06-15 ,16:00:00 ,0,,,,
2016-06-16 ,16:00:00 ,0,,,,
2016-06-17 ,16:00:00 ,0,,,,
2016-06-20 ,16:00:00 ,0,,,,
2016-06-21 ,16:00:00 ,0,,,,
2016-06-22 ,16:00:00 ,0,,,,
2016-06-23 ,16:00:00 ,0,,,,
2016-06-24 ,16:00:00 ,0,,,,
2016-06-27 ,16:00:00 ,0,,,,
2016-06-28 ,16:00:00 ,0,,,,
2016-06-29 ,16:00:00 ,0,,,,
2016-06-30 ,16:00:00 ,0,,,,
2016-07-01 ,16:00:00 ,-0.0570531534858163,,,,
2016-07-05 ,16:00:00 ,-0.427687961373375,,,,
2016-07-06 ,16:00:00 ,0,,,,
2016-07-07 ,16:00:00 ,0,,,,
2016-07-08 ,16:00:00 ,0,,,,
2016-07-11 ,16:00:00 ,0,,,,
2016-07-12 ,16:00:00 ,0,,,,
2016-07-13 ,16:00:00 ,0,,,,
2016-07-14 ,16:00:00 ,0,,,,
2016-07-15 ,16:00:00 ,0,,,,
2016-07-18 ,16:00:00 ,0,,,,
2016-07-19 ,16:00:00 ,0,,,,
2016-07-20 ,16:00:00 ,0,,,,
2016-07-21 ,16:00:00 ,0,,,,
2016-07-22 ,16:00:00 ,0,,,,
2016-07-25 ,16:00:00 ,0,,,,
2016-07-26 ,16:00:00 ,0,,,,
2016-07-27 ,16:00:00 ,0,,,,
2016-07-28 ,16:00:00 ,0,,,,
2016-07-29 ,16:00:00 ,0,,,,
2016-08-01 ,16:00:00 ,-0.0590559018248648,,,,
2016-08-02 ,16:00:00 ,-2.04500065225779,,,,
2016-08-03 ,16:00:00 ,-1.05270141855352,,,,
2016-08-04 ,16:00:00 ,1.91158371035607,,,,
2016-08-05 ,16:00:00 ,0.2716785692473,,,,
2016-08-08 ,16:00:00 ,1.09388233329072,,,,
2016-08-09 ,16:00:00 ,0.527388327785148,,,,
2016-08-10 ,16:00:00 ,0.0890272932543006,,,,
2016-08-11 ,16:00:00 ,-0.886032522334352,,,,
2016-08-12 ,16:00:00 ,2.70977327811414,,,,
2016-08-15 ,16:00:00 ,-0.0958212752359072,,,,
2016-08-16 ,16:00:00 ,1.32104281839954,,,,
2016-08-17 ,16:00:00 ,-0.0974999418617319,,,,
2016-08-18 ,16:00:00 ,-0.169776735812402,,,,
2016-08-19 ,16:00:00 ,1.62335897973355,,,,
2016-08-22 ,16:00:00 ,-0.901424445478184,,,,
2016-08-23 ,16:00:00 ,-1.34502421987668,,,,
2016-08-24 ,16:00:00 ,1.65106596562373,,,,
2016-08-25 ,16:00:00 ,-2.55869661686126,,,,
2016-08-26 ,16:00:00 ,0.166918632163968,,,,
2016-08-29 ,16:00:00 ,-0.606034441333629,,,,
2016-08-30 ,16:00:00 ,1.36074525903483,,,,
2016-08-31 ,16:00:00 ,-1.41487390709582,,,,
2016-09-01 ,16:00:00 ,-1.12026626667623,,,,
2016-09-02 ,16:00:00 ,0.126565381116673,,,,
2016-09-06 ,16:00:00 ,1.31790220868203,,,,
2016-09-07 ,16:00:00 ,0.426785712172523,,,,
2016-09-08 ,16:00:00 ,0.107637660908701,,,,
2016-09-09 ,16:00:00 ,0.337781804530827,,,,
2016-09-12 ,16:00:00 ,-4.5919879511999,,,,
2016-09-13 ,16:00:00 ,-1.2853812326284,,,,
2016-09-14 ,16:00:00 ,0,,,,
2016-09-15 ,16:00:00 ,0,,,,
2016-09-16 ,16:00:00 ,0,,,,
2016-09-19 ,16:00:00 ,0,,,,
2016-09-20 ,16:00:00 ,0,,,,
2016-09-21 ,16:00:00 ,0,,,,
2016-09-22 ,16:00:00 ,0,,,,
2016-09-23 ,16:00:00 ,0,,,,
2016-09-26 ,16:00:00 ,0,,,,
2016-09-27 ,16:00:00 ,0,,,,
2016-09-28 ,16:00:00 ,0,,,,
2016-09-29 ,16:00:00 ,0,,,,
2016-09-30 ,16:00:00 ,0,,,,
2016-10-03 ,16:00:00 ,-0.060628594527292,,,,
2016-10-04 ,16:00:00 ,0.0768617556691708,,,,
2016-10-05 ,16:00:00 ,-1.13863597255566,,,,
2016-10-06 ,16:00:00 ,2.00443726295697,,,,
2016-10-07 ,16:00:00 ,-1.08928076317355,,,,
2016-10-10 ,16:00:00 ,-0.963449471719468,,,,
2016-10-11 ,16:00:00 ,0.781776210395751,,,,
2016-10-12 ,16:00:00 ,-2.3665306504729,,,,
2016-10-13 ,16:00:00 ,-0.380717573691818,,,,
2016-10-14 ,16:00:00 ,-1.0300857140049,,,,
2016-10-17 ,16:00:00 ,-0.438238070126437,,,,
2016-10-18 ,16:00:00 ,-0.579983649900494,,,,
2016-10-19 ,16:00:00 ,1.70076218962047,,,,
2016-10-20 ,16:00:00 ,1.40004603107742,,,,
2016-10-21 ,16:00:00 ,-0.253693338827692,,,,
2016-10-24 ,16:00:00 ,-0.181250444367148,,,,
2016-10-25 ,16:00:00 ,0.969552256204878,,,,
2016-10-26 ,16:00:00 ,-1.44922878382038,,,,
2016-10-27 ,16:00:00 ,-0.207989109243815,,,,
2016-10-28 ,16:00:00 ,-1.54067983222654,,,,
2016-10-31 ,16:00:00 ,-0.522969176291328,,,,
2016-11-01 ,16:00:00 ,-0.599367855008895,,,,
2016-11-02 ,16:00:00 ,-1.3466342903586,,,,
2016-11-03 ,16:00:00 ,-0.60597861823785,,,,
2016-11-04 ,16:00:00 ,0.162234163538199,,,,
2016-11-07 ,16:00:00 ,0,,,,
2016-11-08 ,16:00:00 ,0,,,,
2016-11-09 ,16:00:00 ,0,,,,
2016-11-10 ,16:00:00 ,0,,,,
2016-11-11 ,16:00:00 ,0,,,,
2016-11-14 ,16:00:00 ,0,,,,
2016-11-15 ,16:00:00 ,0,,,,
2016-11-16 ,16:00:00 ,0,,,,
2016-11-17 ,16:00:00 ,0,,,,
2016-11-18 ,16:00:00 ,0,,,,
2016-11-21 ,16:00:00 ,0,,,,
2016-11-22 ,16:00:00 ,0,,,,
2016-11-23 ,16:00:00 ,0,,,,
2016-11-25 ,13:00:00 ,0,,,,
2016-11-28 ,16:00:00 ,0,,,,
2016-11-29 ,16:00:00 ,0,,,,
2016-11-30 ,16:00:00 ,0,,,,
2016-12-01 ,16:00:00 ,-0.06469393411207,,,,
2016-12-02 ,16:00:00 ,-1.11932580848534,,,,
2016-12-05 ,16:00:00 ,0.741809666825281,,,,
2016-12-06 ,16:00:00 ,0.674887652619997,,,,
2016-12-07 ,16:00:00 ,0.864464496161907,,,,
2016-12-08 ,16:00:00 ,2.81772173754268,,,,
2016-12-09 ,16:00:00 ,0.307163931027521,,,,
2016-12-12 ,16:00:00 ,0,,,,
2016-12-13 ,16:00:00 ,0,,,,
2016-12-14 ,16:00:00 ,0,,,,
2016-12-15 ,16:00:00 ,0,,,,
2016-12-16 ,16:00:00 ,0,,,,
2016-12-19 ,16:00:00 ,0,,,,
2016-12-20 ,16:00:00 ,0,,,,
2016-12-21 ,16:00:00 ,0,,,,
2016-12-22 ,16:00:00 ,0,,,,
2016-12-23 ,16:00:00 ,0,,,,
2016-12-27 ,16:00:00 ,0,,,,
2016-12-28 ,16:00:00 ,0,,,,
2016-12-29 ,16:00:00 ,0,,,,
2016-12-30 ,16:00:00 ,0,,,,
2017-01-03 ,16:00:00 ,-0.0618761744850173,,,,
2017-01-04 ,16:00:00 ,2.43399789556166,,,,
2017-01-05 ,16:00:00 ,2.68118292523146,,,,
2017-01-06 ,16:00:00 ,-1.43633831171433,,,,
2017-01-09 ,16:00:00 ,-1.3678795228606,,,,
2017-01-10 ,16:00:00 ,-1.33060378594657,,,,
2017-01-11 ,16:00:00 ,2.51440233955313,,,,
2017-01-12 ,16:00:00 ,0.730632134620169,,,,
2017-01-13 ,16:00:00 ,-0.91105317523824,,,,
2017-01-17 ,16:00:00 ,0.0196125438796475,,,,
2017-01-18 ,16:00:00 ,-0.75165263377509,,,,
2017-01-19 ,16:00:00 ,0.630384816165026,,,,
2017-01-20 ,16:00:00 ,-0.320334970090178,,,,
2017-01-23 ,16:00:00 ,0.605005206256736,,,,
2017-01-24 ,16:00:00 ,-0.472049322989646,,,,
2017-01-25 ,16:00:00 ,2.57750196210359,,,,
2017-01-26 ,16:00:00 ,0.719366183207358,,,,
2017-01-27 ,16:00:00 ,-0.626447803421037,,,,
2017-01-30 ,16:00:00 ,-0.800686005468321,,,,
2017-01-31 ,16:00:00 ,-2.06601913014462,,,,
2017-02-01 ,16:00:00 ,0.0103998712009887,,,,
2017-02-02 ,16:00:00 ,-0.199345345358754,,,,
2017-02-03 ,16:00:00 ,0.0651805563657353,,,,
2017-02-06 ,16:00:00 ,0.640187084691197,,,,
2017-02-07 ,16:00:00 ,-0.318097008859532,,,,
2017-02-08 ,16:00:00 ,-0.542715617416616,,,,
2017-02-09 ,16:00:00 ,0.515348117825527,,,,
2017-02-10 ,16:00:00 ,1.0295156973306,,,,
2017-02-13 ,16:00:00 ,0.763169395460348,,,,
2017-02-14 ,16:00:00 ,0.219893976065043,,,,
2017-02-15 ,16:00:00 ,-0.0712095195270422,,,,
2017-02-16 ,16:00:00 ,0,,,,
2017-02-17 ,16:00:00 ,0,,,,
2017-02-21 ,16:00:00 ,0,,,,
2017-02-22 ,16:00:00 ,0,,,,
2017-02-23 ,16:00:00 ,0,,,,
2017-02-24 ,16:00:00 ,0,,,,
2017-02-27 ,16:00:00 ,0,,,,
2017-02-28 ,16:00:00 ,0,,,,
2017-03-01 ,16:00:00 ,-0.0585947507236978,,,,
2017-03-02 ,16:00:00 ,2.32813431948537,,,,
2017-03-03 ,16:00:00 ,-0.587975796641506,,,,
2017-03-06 ,16:00:00 ,0,,,,
2017-03-07 ,16:00:00 ,0,,,,
2017-03-08 ,16:00:00 ,0,,,,
2017-03-09 ,16:00:00 ,0,,,,
2017-03-10 ,16:00:00 ,0,,,,
2017-03-13 ,16:00:00 ,0,,,,
2017-03-14 ,16:00:00 ,0,,,,
2017-03-15 ,16:00:00 ,0,,,,
2017-03-16 ,16:00:00 ,0,,,,
2017-03-17 ,16:00:00 ,0,,,,
2017-03-20 ,16:00:00 ,0,,,,
2017-03-21 ,16:00:00 ,0,,,,
2017-03-22 ,16:00:00 ,0,,,,
2017-03-23 ,16:00:00 ,0,,,,
2017-03-24 ,16:00:00 ,0,,,,
2017-03-27 ,16:00:00 ,0,,,,
2017-03-28 ,16:00:00 ,0,,,,
2017-03-29 ,16:00:00 ,0,,,,
2017-03-30 ,16:00:00 ,0,,,,
2017-03-31 ,16:00:00 ,0,,,,
2017-04-03 ,16:00:00 ,-0.0585758027411717,,,,
2017-04-04 ,16:00:00 ,-1.6492299475988,,,,
2017-04-05 ,16:00:00 ,-0.516931978657321,,,,
2017-04-06 ,16:00:00 ,-1.35810461787765,,,,
2017-04-07 ,16:00:00 ,0.701404935467346,,,,
2017-04-10 ,16:00:00 ,0.436713481879516,,,,
2017-04-11 ,16:00:00 ,0.12426118808976,,,,
2017-04-12 ,16:00:00 ,-0.473821716122847,,,,
2017-04-13 ,16:00:00 ,-1.50399897908157,,,,
2017-04-17 ,16:00:00 ,-1.57440817371673,,,,
2017-04-18 ,16:00:00 ,1.00792257084383,,,,
2017-04-19 ,16:00:00 ,-0.869471903629099,,,,
2017-04-20 ,16:00:00 ,-0.244289855826167,,,,
2017-04-21 ,16:00:00 ,1.84538144862241,,,,
2017-04-24 ,16:00:00 ,-0.741007661990475,,,,
2017-04-25 ,16:00:00 ,2.19249258686202,,,,
2017-04-26 ,16:00:00 ,0.522380206292448,,,,
2017-04-27 ,16:00:00 ,-0.713846333785593,,,,
2017-04-28 ,16:00:00 ,0,,,,
2017-05-01 ,16:00:00 ,-0.113718159071298,,,,
2017-05-02 ,16:00:00 ,0.266819178402384,,,,
2017-05-03 ,16:00:00 ,-0.0113791227269947,,,,
2017-05-04 ,16:00:00 ,-0.120162829578421,,,,
2017-05-05 ,16:00:00 ,0,,,,
2017-05-08 ,16:00:00 ,0,,,,
2017-05-09 ,16:00:00 ,0,,,,
2017-05-10 ,16:00:00 ,0,,,,
2017-05-11 ,16:00:00 ,0,,,,
2017-05-12 ,16:00:00 ,0,,,,
2017-05-15 ,16:00:00 ,0,,,,
2017-05-16 ,16:00:00 ,0,,,,
2017-05-17 ,16:00:00 ,0,,,,
2017-05-18 ,16:00:00 ,0,,,,
2017-05-19 ,16:00:00 ,0,,,,
2017-05-22 ,16:00:00 ,0,,,,
2017-05-23 ,16:00:00 ,0,,,,
2017-05-24 ,16:00:00 ,0,,,,
2017-05-25 ,16:00:00 ,0,,,,
2017-05-26 ,16:00:00 ,0,,,,
2017-05-30 ,16:00:00 ,0,,,,
2017-05-31 ,16:00:00 ,0,,,,
2017-06-01 ,16:00:00 ,-0.0602279718904881,,,,
2017-06-02 ,16:00:00 ,1.40998134480792,,,,
2017-06-05 ,16:00:00 ,0.237161800221402,,,,
2017-06-06 ,16:00:00 ,0,,,,
2017-06-07 ,16:00:00 ,0,,,,
2017-06-08 ,16:00:00 ,0,,,,
2017-06-09 ,16:00:00 ,0,,,,
2017-06-12 ,16:00:00 ,0,,,,
2017-06-13 ,16:00:00 ,0,,,,
2017-06-14 ,16:00:00 ,0,,,,
2017-06-15 ,16:00:00 ,0,,,,
2017-06-16 ,16:00:00 ,0,,,,
2017-06-19 ,16:00:00 ,0,,,,
2017-06-20 ,16:00:00 ,0,,,,
2017-06-21 ,16:00:00 ,0,,,,
2017-06-22 ,16:00:00 ,0,,,,
2017-06-23 ,16:00:00 ,0,,,,
2017-06-26 ,16:00:00 ,0,,,,
2017-06-27 ,16:00:00 ,0,,,,
2017-06-28 ,16:00:00 ,0,,,,
2017-06-29 ,16:00:00 ,0,,,,
2017-06-30 ,16:00:00 ,0,,,,
2017-07-03 ,13:00:00 ,-0.0611954901331743,,,,
2017-07-05 ,16:00:00 ,0.285595075384184,,,,
2017-07-06 ,16:00:00 ,0.359106696346855,,,,
2017-07-07 ,16:00:00 ,-2.22987067753641,,,,
2017-07-10 ,16:00:00 ,1.05853051025829,,,,
2017-07-11 ,16:00:00 ,1.14395348183515,,,,
2017-07-12 ,16:00:00 ,0.818966147953469,,,,
2017-07-13 ,16:00:00 ,1.72782267643044,,,,
2017-07-14 ,16:00:00 ,0.760921106099704,,,,
2017-07-17 ,16:00:00 ,1.411964982286,,,,
2017-07-18 ,16:00:00 ,0.253555121049247,,,,
2017-07-19 ,16:00:00 ,0,,,,
2017-07-20 ,16:00:00 ,0,,,,
2017-07-21 ,16:00:00 ,0,,,,
2017-07-24 ,16:00:00 ,0,,,,
2017-07-25 ,16:00:00 ,0,,,,
2017-07-26 ,16:00:00 ,0,,,,
2017-07-27 ,16:00:00 ,0,,,,
2017-07-28 ,16:00:00 ,0,,,,
2017-07-31 ,16:00:00 ,0,,,,
2017-08-01 ,16:00:00 ,-0.056779173139055,,,,
2017-08-02 ,16:00:00 ,0.207759111996158,,,,
2017-08-03 ,16:00:00 ,-2.02054865255539,,,,
2017-08-04 ,16:00:00 ,-2.2461164394473,,,,
2017-08-07 ,16:00:00 ,0.543203326515721,,,,
2017-08-08 ,16:00:00 ,0.339032523912744,,,,
2017-08-09 ,16:00:00 ,-1.22184847681478,,,,
2017-08-10 ,16:00:00 ,-0.370436477065873,,,,
2017-08-11 ,16:00:00 ,-2.80012177459821,,,,
2017-08-14 ,16:00:00 ,-0.563204658335523,,,,
2017-08-15 ,16:00:00 ,0,,,,
2017-08-16 ,16:00:00 ,0,,,,
2017-08-17 ,16:00:00 ,0,,,,
2017-08-18 ,16:00:00 ,0,,,,
2017-08-21 ,16:00:00 ,0,,,,
2017-08-22 ,16:00:00 ,0,,,,
2017-08-23 ,16:00:00 ,0,,,,
2017-08-24 ,16:00:00 ,0,,,,
2017-08-25 ,16:00:00 ,0,,,,
2017-08-28 ,16:00:00 ,0,,,,
2017-08-29 ,16:00:00 ,0,,,,
2017-08-30 ,16:00:00 ,0,,,,
2017-08-31 ,16:00:00 ,0,,,,
2017-09-01 ,16:00:00 ,-0.0600846827394559,,,,
2017-09-05 ,16:00:00 ,0.62732784331272,,,,
2017-09-06 ,16:00:00 ,0,,,,
2017-09-07 ,16:00:00 ,0,,,,
2017-09-08 ,16:00:00 ,0,,,,
2017-09-11 ,16:00:00 ,0,,,,
2017-09-12 ,16:00:00 ,0,,,,
2017-09-13 ,16:00:00 ,0,,,,
2017-09-14 ,16:00:00 ,0,,,,
2017-09-15 ,16:00:00 ,0,,,,
2017-09-18 ,16:00:00 ,0,,,,
2017-09-19 ,16:00:00 ,0,,,,
2017-09-20 ,16:00:00 ,0,,,,
2017-09-21 ,16:00:00 ,0,,,,
2017-09-22 ,16:00:00 ,0,,,,
2017-09-25 ,16:00:00 ,0,,,,
2017-09-26 ,16:00:00 ,0,,,,
2017-09-27 ,16:00:00 ,0,,,,
2017-09-28 ,16:00:00 ,0,,,,
2017-09-29 ,16:00:00 ,0,,,,