Date,Growth
2007-01-03 ,-2.84411112843346
2007-01-04 ,-1.45481402760556
2007-01-05 ,-1.20117490939489
2007-01-08 ,0.207839251063459
2007-01-09 ,0.405235764383315
2007-01-10 ,0.326369638130763
2007-01-11 ,1.09718402005499
2007-01-12 ,1.1170886120398
2007-01-16 ,-0.00637054560480883
2007-01-17 ,-0.0265611951322116
2007-01-18 ,-0.645464247001055
2007-01-19 ,0.294481908592926
2007-01-22 ,-1.02880188883488
2007-01-23 ,1.40420892953954
2007-01-24 ,1.08516634118398
2007-01-25 ,-1.13182623269481
2007-01-26 ,0.132114050970896
2007-01-29 ,0.496502680486911
2007-01-30 ,0.372379018571732
2007-01-31 ,0.807607760383712
2007-02-01 ,0.957762065603528
2007-02-02 ,-0.560859558704681
2007-02-05 ,-0.587460967301959
2007-02-06 ,-0.140312003119545
2007-02-07 ,0.311685487714396
2007-02-08 ,0.0552092661149348
2007-02-09 ,-1.25273561423898
2007-02-12 ,-0.492896977487052
2007-02-13 ,0.887846061171859
2007-02-14 ,0.758872488340637
2007-02-15 ,0.323339894879174
2007-02-16 ,0.293611859654915
2007-02-20 ,0.775033348750627
2007-02-21 ,0.237217774641754
2007-02-22 ,0.29216050469934
2007-02-23 ,-0.145407091471475
2007-02-26 ,-0.66187529185872
2007-02-27 ,-2.53976948440263
2007-02-28 ,1.09225905158269
2007-03-01 ,-0.494674554125455
2007-03-02 ,-2.33748385745054
2007-03-05 ,-1.12069793153085
2007-03-06 ,1.87843093676338
2007-03-07 ,0.96914629186183
2007-03-08 ,0.740038886059617
2007-03-09 ,0.307468962027931
2007-03-12 ,0.388889241087582
2007-03-13 ,-2.15465419790552
2007-03-14 ,0.191298031009263
2007-03-15 ,0.645868661843281
2007-03-16 ,0.331664249996476
2007-03-19 ,0.457442446625805
2007-03-20 ,0.997519017091703
2007-03-21 ,1.51094440488502
2007-03-22 ,-0.947099706786845
2007-03-23 ,0.0893898498265924
2007-03-26 ,-0.271202477701355
2007-03-27 ,-0.92745953357291
2007-03-28 ,0
2007-03-29 ,-0.671393480475128
2007-03-30 ,0.271107441029276
2007-04-02 ,0.317234080828948
2007-04-03 ,2.64760611211688
2007-04-04 ,0.76520872461545
2007-04-05 ,0.26830878393812
2007-04-09 ,0.515073386603627
2007-04-10 ,0.170337824589284
2007-04-11 ,-0.747168665961905
2007-04-12 ,0.893928651318968
2007-04-13 ,0.707505955884305
2007-04-16 ,1.01657622771639
2007-04-17 ,-0.291006419931568
2007-04-18 ,0.0866128849670838
2007-04-19 ,-0.19546331271324
2007-04-20 ,0.927398375009818
2007-04-23 ,0.525933997460318
2007-04-24 ,-0.244287513734707
2007-04-25 ,1.36124319193801
2007-04-26 ,-0.906653380485022
2007-04-27 ,0.540955692969557
2007-04-30 ,-1.20399745077605
2007-05-01 ,0.222920576343867
2007-05-02 ,2.20890073852197
2007-05-03 ,1.16563172225254
2007-05-04 ,0.415987878939334
2007-05-07 ,0.0252320562785209
2007-05-08 ,0.415897278186653
2007-05-09 ,0.980266143291692
2007-05-10 ,-1.6851355696635
2007-05-11 ,1.40982135658237
2007-05-14 ,-0.343713219398279
2007-05-15 ,-0.33553603845644
2007-05-16 ,0.856400192470415
2007-05-17 ,0.44562945704794
2007-05-18 ,0.453303912355498
2007-05-21 ,0.269030577856203
2007-05-22 ,-0.383321117273325
2007-05-23 ,0.0474820408586937
2007-05-24 ,-2.23937455196453
2007-05-25 ,1.25029120510894
2007-05-29 ,0.251347996602157
2007-05-30 ,1.13331138081927
2007-05-31 ,-0.0240450453782983
2007-06-01 ,1.18976907451401
2007-06-04 ,1.09309243154698
2007-06-05 ,-0.588923273068785
2007-06-06 ,0
2007-06-07 ,-5.93164388892903
2007-06-08 ,2.05843499456364
2007-06-11 ,-0.542844034637217
2007-06-12 ,-1.46872815467631
2007-06-13 ,2.50468251278953
2007-06-14 ,1.4873716986786
2007-06-15 ,2.96844598407339
2007-06-18 ,0.364637277182714
2007-06-19 ,0.497105556395725
2007-06-20 ,-2.64230288589108
2007-06-21 ,2.04425007612867
2007-06-22 ,-0.825705765596154
2007-06-25 ,-1.25527677863685
2007-06-26 ,-1.89434637516904
2007-06-27 ,1.52417825333482
2007-06-28 ,0.179411302892114
2007-06-29 ,1.05439023142464
2007-07-02 ,0
2007-07-03 ,1.1746891008222
2007-07-05 ,0.916733490296004
2007-07-06 ,0.981970636004776
2007-07-09 ,0
2007-07-10 ,-1.78973225784753
2007-07-11 ,-0.697251714105747
2007-07-12 ,3.70077570569403
2007-07-13 ,0.71440914265965
2007-07-16 ,0
2007-07-17 ,0.379594628956671
2007-07-18 ,-0.775422150974177
2007-07-19 ,1.60241546047108
2007-07-20 ,-1.30576775963858
2007-07-23 ,0.427074168825826
2007-07-24 ,-3.43747104079842
2007-07-25 ,0.723761921043893
2007-07-26 ,-2.9484470974505
2007-07-27 ,-2.99091716922325
2007-07-30 ,3.35894400759312
2007-07-31 ,-2.03095268358576
2007-08-01 ,-1.86910372758076
2007-08-02 ,0.635358018652667
2007-08-03 ,-3.0328507734619
2007-08-06 ,0.562400436637578
2007-08-07 ,0.442148287855833
2007-08-08 ,1.91461720973188
2007-08-09 ,-2.35909103842319
2007-08-10 ,0.778471471464426
2007-08-13 ,0.400832521150545
2007-08-14 ,-2.07903034508989
2007-08-15 ,-3.55634823517096
2007-08-16 ,-1.65360513126199
2007-08-17 ,2.4288245592498
2007-08-20 ,1.30805800826914
2007-08-21 ,-0.630681967813769
2007-08-22 ,1.60966108744961
2007-08-23 ,-0.186047776206507
2007-08-24 ,1.3143749696985
2007-08-27 ,-0.650405998725626
2007-08-28 ,-2.30793465733121
2007-08-29 ,2.82363020092571
2007-08-30 ,-1.20398902729243
2007-08-31 ,1.63509232824625
2007-09-04 ,1.39764132830802
2007-09-05 ,-1.19887866585943
2007-09-06 ,0.388905008312345
2007-09-07 ,-1.50993917290067
2007-09-10 ,-0.233233931669358
2007-09-11 ,1.01829605353563
2007-09-12 ,-0.604467828075105
2007-09-13 ,0
2007-09-14 ,0.146898933810693
2007-09-17 ,-0.0685865354084021
2007-09-18 ,1.49945519998402
2007-09-19 ,0.570665949753063
2007-09-20 ,0.117925291127426
2007-09-21 ,0.573769821407126
2007-09-24 ,0.0201517007007335
2007-09-25 ,-0.255026473144064
2007-09-26 ,-0.0943419749297416
2007-09-27 ,-0.183225247770733
2007-09-28 ,0.0575505046855435
2007-10-01 ,1.56755580536656
2007-10-02 ,-0.0227501604379648
2007-10-03 ,-2.5873729312383
2007-10-04 ,0.345712826540436
2007-10-05 ,1.91701377916133
2007-10-08 ,-0.605169596478234
2007-10-09 ,0
2007-10-10 ,0
2007-10-11 ,2.2991525489418
2007-10-12 ,1.57852801621625
2007-10-15 ,-0.391235817555953
2007-10-16 ,-0.516996977575707
2007-10-17 ,-0.411565193766204
2007-10-18 ,1.17923877233662
2007-10-19 ,-3.36603320481244
2007-10-22 ,-0.015374249282122
2007-10-23 ,1.89116123026419
2007-10-24 ,-0.288808767405749
2007-10-25 ,2.10136606186893
2007-10-26 ,2.98553758363806
2007-10-29 ,1.22491881525319
2007-10-30 ,-1.13343467958305
2007-10-31 ,2.09810783916042
2007-11-01 ,-3.5202090613751
2007-11-02 ,0.774519872434847
2007-11-05 ,-0.883073098784618
2007-11-06 ,3.88524525622381
2007-11-07 ,-2.9512905008961
2007-11-08 ,0.485841173082981
2007-11-09 ,-2.32777632508909
2007-11-12 ,-5.26069591972113
2007-11-13 ,2.33449057932423
2007-11-14 ,0.292249877169131
2007-11-15 ,-2.32149749436667
2007-11-16 ,1.77798025205118
2007-11-19 ,-2.43597002152456
2007-11-20 ,2.67244257280213
2007-11-21 ,-2.89957776499096
2007-11-23 ,1.77731902965095
2007-11-26 ,-2.38571548108033
2007-11-27 ,-0.502417787884487
2007-11-28 ,4.13197639176304
2007-11-29 ,-0.533872299532022
2007-11-30 ,0.177120928007827
2007-12-03 ,0.251011818113189
2007-12-04 ,-1.08649589953102
2007-12-05 ,1.46035160887757
2007-12-06 ,2.16533275984096
2007-12-07 ,0.619925118674428
2007-12-10 ,0.825013724059146
2007-12-11 ,-2.98272177737967
2007-12-12 ,1.86693123508257
2007-12-13 ,-0.157201006502508
2007-12-14 ,-1.28200519924672
2007-12-17 ,-0.816495192319348
2007-12-18 ,0.520189093098423
2007-12-19 ,0.622963606834096
2007-12-20 ,1.18268740384978
2007-12-21 ,1.64849627877336
2007-12-24 ,1.03074094418363
2007-12-26 ,0.391912268325448
2007-12-27 ,-1.04111334220761
2007-12-28 ,0.407490603321526
2007-12-31 ,-0.850080577941597
2008-01-02 ,-0.938668465730008
2008-01-03 ,-0.996770590815749
2008-01-04 ,-4.03214624429902
2008-01-07 ,-1.40525378215327
2008-01-08 ,-1.28821014896858
2008-01-09 ,0.905413852413235
2008-01-10 ,0.939423887914559
2008-01-11 ,-1.51213037761155
2008-01-14 ,4.58312179734907
2008-01-15 ,-3.31531318316284
2008-01-16 ,-4.41442918112455
2008-01-17 ,-6.23783431737719
2008-01-18 ,2.11008307721218
2008-01-22 ,0.081190072869033
2008-01-23 ,0
2008-01-24 ,7.38005369078593
2008-01-25 ,0.997913253967747
2008-01-28 ,3.51816204179577
2008-01-29 ,-0.472875517645861
2008-01-30 ,-0.985465753975747
2008-01-31 ,2.48948390822355
2008-02-01 ,3.02681049661956
2008-02-04 ,-1.99758754167243
2008-02-05 ,-4.31057320565966
2008-02-06 ,-1.7217515489241
2008-02-07 ,3.22572917199201
2008-02-08 ,0.38308406439466
2008-02-11 ,2.51713064143007
2008-02-12 ,-2.15515393133782
2008-02-13 ,2.33435880063212
2008-02-14 ,0
2008-02-15 ,-3.71484029859539
2008-02-19 ,0.744559049318001
2008-02-20 ,2.86334932724434
2008-02-21 ,-1.81080047098172
2008-02-22 ,1.60365468269224
2008-02-25 ,3.01464580709671
2008-02-26 ,0
2008-02-27 ,1.79641782891735
2008-02-28 ,-0.805243559074154
2008-02-29 ,-4.04127513282927
2008-03-03 ,1.30736943731696
2008-03-04 ,-2.40775100900459
2008-03-05 ,3.47257822814774
2008-03-06 ,-2.58086122495648
2008-03-07 ,-2.79981390999665
2008-03-10 ,-4.0636703914331
2008-03-11 ,4.98287955915674
2008-03-12 ,-0.902100316722692
2008-03-13 ,3.88121473141357
2008-03-14 ,-1.69303848617525
2008-03-17 ,-4.44277988064191
2008-03-18 ,3.83268630106656
2008-03-19 ,-7.95912669934742
2008-03-20 ,0.445860356433458
2008-03-24 ,1.83323988295855
2008-03-25 ,3.50695200208582
2008-03-26 ,1.79475203243035
2008-03-27 ,-2.09460035154283
2008-03-28 ,-0.820396818753239
2008-03-31 ,-0.329095457896023
2008-04-01 ,1.53739136149901
2008-04-02 ,-0.446914422695332
2008-04-03 ,0.632907791311191
2008-04-04 ,0.417072599071206
2008-04-07 ,0.296736904518406
2008-04-08 ,-0.3597853559745
2008-04-09 ,-2.17911892694539
2008-04-10 ,0.68466415507696
2008-04-11 ,-1.32370867068352
2008-04-14 ,-0.279688278721806
2008-04-15 ,0.709329252484823
2008-04-16 ,2.53603817133311
2008-04-17 ,-0.81677967777907
2008-04-18 ,2.28043726324163
2008-04-21 ,-0.358502885945934
2008-04-22 ,-1.2525493286093
2008-04-23 ,-0.0735269462652521
2008-04-24 ,0.927708654629086
2008-04-25 ,1.17088824955593
2008-04-28 ,-0.225854612138569
2008-04-29 ,1.57219202999824
2008-04-30 ,-0.109955613052159
2008-05-01 ,2.21272279432216
2008-05-02 ,0.0503687202442672
2008-05-05 ,1.55510863919227
2008-05-06 ,2.96418410043144
2008-05-07 ,-2.4154382787773
2008-05-08 ,2.34963142583843
2008-05-09 ,0
2008-05-12 ,0.491288982003178
2008-05-13 ,1.41613764581147
2008-05-14 ,-0.218864409143825
2008-05-15 ,2.71164281208447
2008-05-16 ,1.5805672513397
2008-05-19 ,-0.0234598432873113
2008-05-20 ,1.08264052917983
2008-05-21 ,-1.24690016959077
2008-05-22 ,-0.542413217217941
2008-05-23 ,-1.08211515129362
2008-05-27 ,0.689556636651936
2008-05-28 ,2.98956814649869
2008-05-29 ,-0.32381725036044
2008-05-30 ,2.06172225081798
2008-06-02 ,-0.212091382672177
2008-06-03 ,-0.734428025133505
2008-06-04 ,-2.76601972152814
2008-06-05 ,0
2008-06-06 ,-3.33176470313362
2008-06-09 ,12.4965662690561
2008-06-10 ,-5.06451893642816
2008-06-11 ,0.94900544496275
2008-06-12 ,-2.05112594929549
2008-06-13 ,1.68407608843284
2008-06-16 ,1.34648612043348
2008-06-17 ,1.82727029238364
2008-06-18 ,1.7500610287499
2008-06-19 ,-1.77532083764157
2008-06-20 ,-1.5792647865756
2008-06-23 ,3.78661471044789
2008-06-24 ,-3.6989950530636
2008-06-25 ,0
2008-06-26 ,-1.84040238970401
2008-06-27 ,3.28236568090048
2008-06-30 ,1.63442472042348
2008-07-01 ,-1.08756908666089
2008-07-02 ,-6.50425867009135
2008-07-03 ,-2.88495518420149
2008-07-07 ,-3.50400477709283
2008-07-08 ,-2.40196289774896
2008-07-09 ,-2.61426336674726
2008-07-10 ,3.2041083964937
2008-07-11 ,3.64916405453181
2008-07-14 ,2.44237757816539
2008-07-15 ,-5.20336328049622
2008-07-16 ,-2.7113755340054
2008-07-17 ,-4.58262682745594
2008-07-18 ,-0.650101582231873
2008-07-21 ,5.32087345781808
2008-07-22 ,-5.38007310596797
2008-07-23 ,-7.2204712911257
2008-07-24 ,-3.15676593323539
2008-07-25 ,1.24495457693537
2008-07-28 ,0.0165900272530194
2008-07-29 ,-1.56241546499157
2008-07-30 ,6.45148870726484
2008-07-31 ,-6.34051956309274
2008-08-01 ,-1.87250796980022
2008-08-04 ,-2.07387681149217
2008-08-05 ,3.25952349328011
2008-08-06 ,-0.304103432497694
2008-08-07 ,-1.67816558883572
2008-08-08 ,2.52430325311996
2008-08-11 ,0.0998736730689462
2008-08-12 ,-1.51553602165411
2008-08-13 ,-0.551523175644982
2008-08-14 ,1.31187296759832
2008-08-15 ,0
2008-08-18 ,-1.80977321580422
2008-08-19 ,-0.999048829046387
2008-08-20 ,0.413729789177475
2008-08-21 ,-0.100028120754173
2008-08-22 ,1.37630319972909
2008-08-25 ,-2.13870669924612
2008-08-26 ,-0.0700432201739215
2008-08-27 ,0.985315095536789
2008-08-28 ,1.52218137615925
2008-08-29 ,-1.25927682089194
2008-09-02 ,-0.546589503462288
2008-09-03 ,-0.113075906910547
2008-09-04 ,-2.6495549837853
2008-09-05 ,1.05773603950763
2008-09-08 ,2.87426432279622
2008-09-09 ,-4.22194814925243
2008-09-10 ,0.956203625064444
2008-09-11 ,0.790124251609337
2008-09-12 ,-0.516558234490433
2008-09-15 ,-4.84197864809552
2008-09-16 ,2.98712328997149
2008-09-17 ,-5.64608129266226
2008-09-18 ,4.03954104645903
2008-09-19 ,4.05008997146333
2008-09-22 ,-4.2719297294953
2008-09-23 ,-1.52560087381108
2008-09-24 ,-1.27709130916911
2008-09-25 ,1.31652640988651
2008-09-26 ,-0.369414285370049
2008-09-29 ,-7.47476140224439
2008-09-30 ,5.22952985722335
2008-10-01 ,-2.68865529786717
2008-10-02 ,-5.30580347261928
2008-10-03 ,-2.22322584667801
2008-10-06 ,0
2008-10-07 ,-7.48149667896442
2008-10-08 ,-2.09884493053209
2008-10-09 ,-5.53306578380153
2008-10-10 ,0.779804967129964
2008-10-13 ,9.37072951118133
2008-10-14 ,-1.9321581751355
2008-10-15 ,-8.03106811459654
2008-10-16 ,5.16207531742424
2008-10-17 ,0
2008-10-20 ,2.4615851776613
2008-10-21 ,-2.50025089875309
2008-10-22 ,-3.24024029642219
2008-10-23 ,-0.870207856005342
2008-10-24 ,-4.42291603078095
2008-10-27 ,0
2008-10-28 ,5.75098738157386
2008-10-29 ,-0.283258910849618
2008-10-30 ,0
2008-10-31 ,5.46442187605436
2008-11-03 ,0.371819377525525
2008-11-04 ,4.2419181676367
2008-11-05 ,-6.5951919314108
2008-11-06 ,-4.2388348433177
2008-11-07 ,3.36844194857999
2008-11-10 ,-0.323051949032829
2008-11-11 ,-1.39452824415752
2008-11-12 ,-5.1508851014518
2008-11-13 ,7.72388764961777
2008-11-14 ,-4.19204886775388
2008-11-17 ,-2.14126237707138
2008-11-18 ,1.1295652484435
2008-11-19 ,0
2008-11-20 ,-14.6645294718472
2008-11-21 ,7.5427751782229
2008-11-24 ,6.20031537985456
2008-11-25 ,0
2008-11-26 ,7.11611211708295
2008-11-28 ,-0.448146206958149
2008-12-01 ,-8.85938228504544
2008-12-02 ,2.43421189446895
2008-12-03 ,0.46509377241843
2008-12-04 ,-5.62587369991184
2008-12-05 ,3.42878481059857
2008-12-08 ,5.13672606545712
2008-12-09 ,-1.92784751740713
2008-12-10 ,3.31460497494864
2008-12-11 ,-3.13049339909355
2008-12-12 ,0.355005294289909
2008-12-15 ,0.608049564094207
2008-12-16 ,5.88134280683324
2008-12-17 ,-1.4972040043437
2008-12-18 ,-4.10965622887954
2008-12-19 ,0.168841669585415
2008-12-22 ,-2.65525163042758
2008-12-23 ,-0.169713148106837
2008-12-24 ,-0.0982560415645731
2008-12-26 ,2.01898757768255
2008-12-29 ,0.904583813592531
2008-12-30 ,2.42698712293514
2008-12-31 ,1.96925299419968
2009-01-02 ,3.00817497853127
2009-01-05 ,-1.80607251318555
2009-01-06 ,1.82087334558281
2009-01-07 ,-5.14378528572259
2009-01-08 ,2.26021391787153
2009-01-09 ,-2.28484485569602
2009-01-12 ,-3.49514931953826
2009-01-13 ,-0.355301221913977
2009-01-14 ,-3.38842862881223
2009-01-15 ,2.48971359372707
2009-01-16 ,1.91504741665187
2009-01-20 ,-1.33170964707313
2009-01-21 ,1.4495123266825
2009-01-22 ,-0.523745555841499
2009-01-23 ,3.24640657049698
2009-01-26 ,0.230309607422955
2009-01-27 ,-0.620219114808842
2009-01-28 ,0.310877581090038
2009-01-29 ,-0.196918034767019
2009-01-30 ,-1.20046755407526
2009-02-02 ,-2.12349713329041
2009-02-03 ,0.623968833326633
2009-02-04 ,2.29974265416611
2009-02-05 ,5.70397601447266
2009-02-06 ,3.8480844817913
2009-02-09 ,0
2009-02-10 ,-4.31067787319803
2009-02-11 ,5.21235407225453
2009-02-12 ,0.727198931816513
2009-02-13 ,-1.3503578066207
2009-02-17 ,-2.68404118462831
2009-02-18 ,0
2009-02-19 ,-2.21252773238385
2009-02-20 ,1.21086108276957
2009-02-23 ,-4.53489853270268
2009-02-24 ,-0.0967184368615432
2009-02-25 ,0
2009-02-26 ,0.932484332447859
2009-02-27 ,-0.349167131248121
2009-03-02 ,-8.48836558362202
2009-03-03 ,0.80596178271947
2009-03-04 ,5.85735582580257
2009-03-05 ,-2.81664857415736
2009-03-06 ,-0.647272719581594
2009-03-09 ,-2.41788498822653
2009-03-10 ,8.17114033505175
2009-03-11 ,1.87408628652473
2009-03-12 ,5.41670029679995
2009-03-13 ,-0.486056692016287
2009-03-16 ,0.1584400708617
2009-03-17 ,4.50076830535014
2009-03-18 ,4.39772058722913
2009-03-19 ,-1.21932761314271
2009-03-20 ,-2.57886158717096
2009-03-23 ,9.51713517645103
2009-03-24 ,-3.52585224333151
2009-03-25 ,0.539555385681634
2009-03-26 ,5.53129285095407
2009-03-27 ,-4.43249261018267
2009-03-30 ,-6.57072762631543
2009-03-31 ,2.8254056355913
2009-04-01 ,1.77410230043519
2009-04-02 ,5.00205678103916
2009-04-03 ,4.12512592021617
2009-04-06 ,-2.68591014062658
2009-04-07 ,-4.45102520471965
2009-04-08 ,1.79121874180902
2009-04-09 ,8.3514926799932
2009-04-13 ,0.866184489694102
2009-04-14 ,-3.41152537582916
2009-04-15 ,2.10412510210894
2009-04-16 ,2.91780114933395
2009-04-17 ,2.04957524026084
2009-04-20 ,-6.83809285084777
2009-04-21 ,4.30310210291554
2009-04-22 ,1.15974407773072
2009-04-23 ,0.789738731974991
2009-04-24 ,2.06395341611854
2009-04-27 ,-1.67385711511108
2009-04-28 ,-2.51923712358303
2009-04-29 ,3.51567051285658
2009-04-30 ,2.2391395036485
2009-05-01 ,0.65989406835487
2009-05-04 ,6.30560616345753
2009-05-05 ,-1.69940776874967
2009-05-06 ,2.37643620981118
2009-05-07 ,-5.60470922490111
2009-05-08 ,4.61935228663524
2009-05-11 ,-3.80410317692592
2009-05-12 ,-0.549113505702989
2009-05-13 ,-6.6039800074095
2009-05-14 ,1.99714279073654
2009-05-15 ,-1.39095260604225
2009-05-18 ,6.5677893405433
2009-05-19 ,1.18438654051145
2009-05-20 ,-0.624739377625869
2009-05-21 ,-3.38250369867307
2009-05-22 ,1.34511453057704
2009-05-26 ,4.41701565719196
2009-05-27 ,-2.92767586108046
2009-05-28 ,2.93785804665422
2009-05-29 ,1.72056489821873
2009-06-01 ,5.9442961863173
2009-06-02 ,-1.66235184256803
2009-06-03 ,-6.43951750649048
2009-06-04 ,0
2009-06-05 ,0.512622670820862
2009-06-08 ,-0.100095011752454
2009-06-09 ,1.5472407561012
2009-06-10 ,-1.11921449362249
2009-06-11 ,0
2009-06-12 ,0
2009-06-15 ,-5.00727009254518
2009-06-16 ,-1.68521229510215
2009-06-17 ,-1.36385786203725
2009-06-18 ,-0.735810703848651
2009-06-19 ,2.00465321965519
2009-06-22 ,-7.69273739133067
2009-06-23 ,0
2009-06-24 ,0
2009-06-25 ,7.39703863224019
2009-06-26 ,0.107030840828505
2009-06-29 ,0.89663482167548
2009-06-30 ,-1.37229668369649
2009-07-01 ,2.47630127403202
2009-07-02 ,-5.30364548982767
2009-07-06 ,-0.476121965352259
2009-07-07 ,-3.61786878809922
2009-07-08 ,-0.612779890835697
2009-07-09 ,0.916970185344386
2009-07-10 ,0.799599833669675
2009-07-13 ,3.65473295504108
2009-07-14 ,1.07442403891869
2009-07-15 ,4.312484752666
2009-07-16 ,1.06171483463178
2009-07-17 ,0.184334657887685
2009-07-20 ,1.31881016736774
2009-07-21 ,0.0711315569384043
2009-07-22 ,1.42486397310115
2009-07-23 ,2.86180910424314
2009-07-24 ,0
2009-07-27 ,0.687701564994498
2009-07-28 ,-0.0311748579939617
2009-07-29 ,-0.637881124652789
2009-07-30 ,1.98324597315595
2009-07-31 ,-0.254397031270062
2009-08-03 ,2.06810909930943
2009-08-04 ,0.854140886928973
2009-08-05 ,-0.410260231100754
2009-08-06 ,-1.41349913511959
2009-08-07 ,0
2009-08-10 ,0.933119166864023
2009-08-11 ,-0.726006161254476
2009-08-12 ,2.61796063515367
2009-08-13 ,2.1214282330174
2009-08-14 ,-2.65813557701692
2009-08-17 ,-5.1188162211684
2009-08-18 ,2.61682326497109
2009-08-19 ,-0.287758300637386
2009-08-20 ,1.58839925634172
2009-08-21 ,3.029921439235
2009-08-24 ,-1.63003627781774
2009-08-25 ,1.0382639852348
2009-08-26 ,-0.926035396918792
2009-08-27 ,2.31007349046429
2009-08-28 ,1.3327101446407
2009-08-31 ,-1.33917150243312
2009-09-01 ,-3.32142492465191
2009-09-02 ,-0.165571110642834
2009-09-03 ,1.54436573652788
2009-09-04 ,2.40350600797786
2009-09-08 ,3.00718994620702
2009-09-09 ,0.990108329040661
2009-09-10 ,1.72205576288741
2009-09-11 ,-0.558901782401351
2009-09-14 ,0.750392916153038
2009-09-15 ,3.567185583933
2009-09-16 ,2.53997349344143
2009-09-17 ,-1.60099451812352
2009-09-18 ,0.686969598561476
2009-09-21 ,-0.770046131511986
2009-09-22 ,2.32242929737319
2009-09-23 ,-2.57313120909651
2009-09-24 ,-2.99059909680088
2009-09-25 ,0
2009-09-28 ,0.974863635222076
2009-09-29 ,0.473669103491614
2009-09-30 ,0.308392185556083
2009-10-01 ,-4.11284875171791
2009-10-02 ,-1.39044572204414
2009-10-05 ,5.69793452830453
2009-10-06 ,4.15914466061776
2009-10-07 ,0.415566379739194
2009-10-08 ,5.07716985226946
2009-10-09 ,-0.418118149242882
2009-10-12 ,1.60198405295986
2009-10-13 ,0.414279037052324
2009-10-14 ,2.7905942003541
2009-10-15 ,0
2009-10-16 ,-0.858235159134318
2009-10-19 ,1.94632041480474
2009-10-20 ,0
2009-10-21 ,-3.34458275704084
2009-10-22 ,1.51103817250617
2009-10-23 ,-2.33546929488049
2009-10-26 ,-3.55969904499118
2009-10-27 ,-0.415875311378045
2009-10-28 ,-7.55633177920314
2009-10-29 ,6.74070098809321
2009-10-30 ,-6.42188542263604
2009-11-02 ,1.28731444957564
2009-11-03 ,0.676608427945933
2009-11-04 ,1.00001510404743
2009-11-05 ,1.83945306149264
2009-11-06 ,0.849300567404087
2009-11-09 ,3.61059164720778
2009-11-10 ,-0.773335883283354
2009-11-11 ,0.180677924366716
2009-11-12 ,-2.3874302838178
2009-11-13 ,0.963723949500707
2009-11-16 ,1.918778457965
2009-11-17 ,0
2009-11-18 ,-0.308825273313938
2009-11-19 ,-1.25790008180699
2009-11-20 ,-0.850683002381326
2009-11-23 ,1.74658907875084
2009-11-24 ,0.497014463139229
2009-11-25 ,0.955715941082885
2009-11-27 ,-3.35516958646
2009-11-30 ,0.841015931139197
2009-12-01 ,2.15536039120091
2009-12-02 ,1.94095243270004
2009-12-03 ,0
2009-12-04 ,-2.00478419707748
2009-12-07 ,-0.625484357010113
2009-12-08 ,-2.5137598737238
2009-12-09 ,1.69630009617193
2009-12-10 ,0.135245211694923
2009-12-11 ,0.445845227713522
2009-12-14 ,0.56232379552874
2009-12-15 ,-0.809148224479604
2009-12-16 ,1.05445888727951
2009-12-17 ,-4.42608102595529
2009-12-18 ,-0.068452140724165
2009-12-21 ,0.0977416084350215
2009-12-22 ,1.41687078044034
2009-12-23 ,0.928668514196668
2009-12-24 ,0.250976592415908
2009-12-28 ,-0.404504883214764
2009-12-29 ,0
2009-12-30 ,-0.395686585619438
2009-12-31 ,0
2010-01-04 ,2.67229974099518
2010-01-05 ,1.6985629411071
2010-01-06 ,0.54846372297143
2010-01-07 ,-0.0544905578041478
2010-01-08 ,1.70668734314895
2010-01-11 ,-0.0236557990939269
2010-01-12 ,-2.25762385199775
2010-01-13 ,1.21375392817141
2010-01-14 ,-0.692807687483705
2010-01-15 ,-2.37719442973303
2010-01-19 ,1.56016263171805
2010-01-20 ,-1.60491292132532
2010-01-21 ,-3.3326901951302
2010-01-22 ,-3.51213552724776
2010-01-25 ,0.514345307515621
2010-01-26 ,-0.134571535946435
2010-01-27 ,0.48378284388047
2010-01-28 ,-2.13626866512009
2010-01-29 ,-2.57418678378887
2010-02-01 ,3.96413406685658
2010-02-02 ,0.119240140605011
2010-02-03 ,-0.425546349936891
2010-02-04 ,-1.44317389378076
2010-02-05 ,0.00267449313805972
2010-02-08 ,0.0812077287296863
2010-02-09 ,0.163869229791292
2010-02-10 ,0.062023409376053
2010-02-11 ,0.404325346512839
2010-02-12 ,-0.136377044186943
2010-02-16 ,0.49646943657627
2010-02-17 ,0.221180616405587
2010-02-18 ,0.185237090595093
2010-02-19 ,0.0630598044292237
2010-02-22 ,0.130730708896944
2010-02-23 ,-0.428230491501442
2010-02-24 ,0.34443398392615
2010-02-25 ,0.442070933152617
2010-02-26 ,-0.020761646006175
2010-03-01 ,0.686659227952071
2010-03-02 ,-0.367425904278602
2010-03-03 ,0.0714291074354844
2010-03-04 ,-0.55267670034503
2010-03-05 ,1.49125451748105
2010-03-08 ,-1.05488385563678
2010-03-09 ,-0.0571250708792144
2010-03-10 ,0.0213579525164682
2010-03-11 ,0.364894590331584
2010-03-12 ,0.832583419256673
2010-03-15 ,-1.44048375156644
2010-03-16 ,1.30692021109871
2010-03-17 ,-0.19129952410094
2010-03-18 ,-0.988144756039961
2010-03-19 ,-1.13997770522608
2010-03-22 ,0.0310183843310799
2010-03-23 ,1.11955426238531
2010-03-24 ,-0.783828930214858
2010-03-25 ,-1.39751610785928
2010-03-26 ,0.34534149582446
2010-03-29 ,1.44631194915554
2010-03-30 ,-0.57413992955334
2010-03-31 ,0.0799737609707989
2010-04-01 ,1.67710372778411
2010-04-05 ,1.449391429504
2010-04-06 ,0.24250422715371
2010-04-07 ,-1.46400864565878
2010-04-08 ,0.397982308200942
2010-04-09 ,0.723374674482554
2010-04-12 ,0.135972022438608
2010-04-13 ,0.30486160970534
2010-04-14 ,2.05317748308694
2010-04-15 ,-0.325385317473987
2010-04-16 ,-1.43031080338406
2010-04-19 ,-0.0685406446733766
2010-04-20 ,0.418155136516779
2010-04-21 ,0.509971813396392
2010-04-22 ,0.936747227233999
2010-04-23 ,1.30487088139292
2010-04-26 ,-0.370510407939717
2010-04-27 ,-3.80507687121627
2010-04-28 ,-0.388104692758476
2010-04-29 ,1.86734659570819
2010-04-30 ,-2.72722985333615
2010-05-03 ,1.69118850501117
2010-05-04 ,-2.98988912791063
2010-05-05 ,-2.09794957339948
2010-05-06 ,-2.49949038623537
2010-05-07 ,-2.1588711152623
2010-05-10 ,5.3595418759072
2010-05-11 ,1.17494487847691
2010-05-12 ,1.96722352590787
2010-05-13 ,-1.5702350460233
2010-05-14 ,-2.65728400728834
2010-05-17 ,-0.696689857193814
2010-05-18 ,-1.44865313106275
2010-05-19 ,-1.83629394217855
2010-05-20 ,-5.55899236553963
2010-05-21 ,2.35841989160662
2010-05-24 ,-1.82039818884867
2010-05-25 ,0.925600701501339
2010-05-26 ,0.40586362046576
2010-05-27 ,5.53297897039735
2010-05-28 ,-1.06546807458226
2010-06-01 ,-1.67722067681703
2010-06-02 ,3.82471318041948
2010-06-03 ,1.60971713106421
2010-06-04 ,-5.57229716950194
2010-06-07 ,-2.42765371154195
2010-06-08 ,1.70792790214247
2010-06-09 ,0.628169198547664
2010-06-10 ,4.1940208389752
2010-06-11 ,0.924543497171586
2010-06-14 ,-0.279527812691947
2010-06-15 ,3.11398722969905
2010-06-16 ,-0.69400007380952
2010-06-17 ,-0.607274151911556
2010-06-18 ,0.14114627001814
2010-06-21 ,-0.591238610579982
2010-06-22 ,-3.85614003063567
2010-06-23 ,-0.291994836074725
2010-06-24 ,-3.00132166355528
2010-06-25 ,1.33243371082957
2010-06-28 ,-1.92967023816733
2010-06-29 ,-5.24235226600445
2010-06-30 ,-1.29213670896183
2010-07-01 ,-0.954083550355319
2010-07-02 ,-1.09288036798399
2010-07-06 ,-0.271101293480725
2010-07-07 ,4.19916542002502
2010-07-08 ,0.932711195988466
2010-07-09 ,1.54662816092481
2010-07-12 ,-0.117005376080201
2010-07-13 ,1.10837836581087
2010-07-14 ,-0.0634923096970413
2010-07-15 ,-0.427533664798539
2010-07-16 ,-3.7597826021591
2010-07-19 ,0.202299189271891
2010-07-20 ,2.05378816180196
2010-07-21 ,-1.32769214988533
2010-07-22 ,2.45523539852412
2010-07-23 ,1.35180570549833
2010-07-26 ,1.05615478856404
2010-07-27 ,-0.711292883884103
2010-07-28 ,-1.05872939670792
2010-07-29 ,-0.530298664066487
2010-07-30 ,0.942679773502083
2010-08-02 ,0.804739392386587
2010-08-03 ,-0.335155743174842
2010-08-04 ,1.5927742675973
2010-08-05 ,0.384924476964391
2010-08-06 ,-0.409254909682834
2010-08-09 ,-0.152931531675122
2010-08-10 ,-1.6972551868254
2010-08-11 ,-3.78764295905273
2010-08-12 ,0.785184613433457
2010-08-13 ,-0.576781746746755
2010-08-16 ,0.0684521379814721
2010-08-17 ,5.99710925104694
2010-08-18 ,1.05823932911051
2010-08-19 ,-1.58485252420113
2010-08-20 ,-0.938215324520174
2010-08-23 ,0.25518776846977
2010-08-24 ,-2.20791257352733
2010-08-25 ,-1.14219203629879
2010-08-26 ,-0.632437420526654
2010-08-27 ,3.90838244543331
2010-08-30 ,-1.67071812020717
2010-08-31 ,0.687298146603703
2010-09-01 ,2.72201480837217
2010-09-02 ,0.644439981565871
2010-09-03 ,0.982787707307045
2010-09-07 ,-0.358462091436508
2010-09-08 ,1.07669269250911
2010-09-09 ,-0.734938785111592
2010-09-10 ,1.07110216821894
2010-09-13 ,1.44683608368321
2010-09-14 ,0.570188036070695
2010-09-15 ,-1.74329039113642
2010-09-16 ,1.38608595948164
2010-09-17 ,-0.580467808476781
2010-09-20 ,1.11724390073472
2010-09-21 ,-1.0893963068848
2010-09-22 ,0.914163271944757
2010-09-23 ,-0.850984070499704
2010-09-24 ,1.72416669640165
2010-09-27 ,0.0274068588906113
2010-09-28 ,0.973248497293757
2010-09-29 ,-0.120310957708587
2010-09-30 ,-1.58168695615697
2010-10-01 ,1.57556359436629
2010-10-04 ,-1.96705572939108
2010-10-05 ,2.39683300249896
2010-10-06 ,-0.10448159716939
2010-10-07 ,-0.615839494534531
2010-10-08 ,1.26979093003704
2010-10-11 ,-0.274549353580936
2010-10-12 ,-0.0615262699548023
2010-10-13 ,2.06012078332257
2010-10-14 ,-0.330811784499112
2010-10-15 ,0.0128526982413802
2010-10-18 ,-0.17185988468164
2010-10-19 ,-2.43948455684176
2010-10-20 ,1.27890267386718
2010-10-21 ,0.11679633163102
2010-10-22 ,0.413844930347734
2010-10-25 ,0.00218875327135131
2010-10-26 ,0.710564632068905
2010-10-27 ,-0.249865686118054
2010-10-28 ,-0.358957060265748
2010-10-29 ,0.227677359650437
2010-11-01 ,0.0178916579053158
2010-11-02 ,0.856721776305567
2010-11-03 ,0.0529843514323939
2010-11-04 ,2.05535747699148
2010-11-05 ,0.806686457443546
2010-11-08 ,0.000976663771866822
2010-11-09 ,-0.638425693294373
2010-11-10 ,0.131527868829194
2010-11-11 ,0.523325658489686
2010-11-12 ,-2.66333280765607
2010-11-15 ,-0.874776147224058
2010-11-16 ,-2.0857674719073
2010-11-17 ,1.51415978104637
2010-11-18 ,2.36905531399427
2010-11-19 ,0.42763411912181
2010-11-22 ,-0.0602681775309048
2010-11-23 ,-1.22157887968988
2010-11-24 ,2.24678816909618
2010-11-26 ,-0.97821281841963
2010-11-29 ,-0.404504366809162
2010-11-30 ,-0.567339166976455
2010-12-01 ,2.37305390695982
2010-12-02 ,0.758777669516725
2010-12-03 ,0.616251856537964
2010-12-06 ,0.16683149593872
2010-12-07 ,-0.496824076249825
2010-12-08 ,-0.85623063472445
2010-12-09 ,0.609457776891717
2010-12-10 ,-0.229606786119675
2010-12-13 ,0.0821972675136481
2010-12-14 ,-0.33311322476921
2010-12-15 ,-0.988513149404342
2010-12-16 ,0.898305051896828
2010-12-17 ,-0.0390014834967768
2010-12-20 ,0.474286140721536
2010-12-21 ,0.610463088720136
2010-12-22 ,0.0987777696167963
2010-12-23 ,0.134773710984267
2010-12-27 ,-0.211132032090214
2010-12-28 ,0.323572134122634
2010-12-29 ,1.36038727380515
2010-12-30 ,0.0777844848201839
2010-12-31 ,0.0294321685200567
2011-01-03 ,0.871507731156385
2011-01-04 ,-1.47207161348653
2011-01-05 ,1.0444129901974
2011-01-06 ,-1.0963957651578
2011-01-07 ,-1.73599178273699
2011-01-10 ,0.267946786413592
2011-01-11 ,1.57787047969937
2011-01-12 ,0.694569157107651
2011-01-13 ,-0.512614166878627
2011-01-14 ,-0.206128620260353
2011-01-18 ,0.307271561605365
2011-01-19 ,-1.89502385517443
2011-01-20 ,-0.294656015620818
2011-01-21 ,-0.697740725244058
2011-01-24 ,0.927089802302352
2011-01-25 ,-0.167056662527809
2011-01-26 ,2.31946539884116
2011-01-27 ,-0.524318653789783
2011-01-28 ,-1.71859865678275
2011-01-31 ,2.42721103069277
2011-02-01 ,2.70542431654056
2011-02-02 ,0.154222378305383
2011-02-03 ,0.55734243598423
2011-02-04 ,-0.0873398834629477
2011-02-07 ,1.00173041358967
2011-02-08 ,0.382384469856588
2011-02-09 ,-1.51969794417654
2011-02-10 ,1.39639668809956
2011-02-11 ,0.129801841884201
2011-02-14 ,1.27440970349421
2011-02-15 ,-0.381920429031409
2011-02-16 ,0.836190726485961
2011-02-17 ,0.813680970833827
2011-02-18 ,0.331033774136625
2011-02-22 ,-1.22048967806585
2011-02-23 ,1.57032109781556
2011-02-24 ,-0.162374016572415
2011-02-25 ,2.37727729008021
2011-02-28 ,0.180878063247915
2011-03-01 ,-3.15154359437772
2011-03-02 ,0.06038172145004
2011-03-03 ,2.61878259844223
2011-03-04 ,-0.497131350270126
2011-03-07 ,-1.8877491465729
2011-03-08 ,0.421425038234486
2011-03-09 ,-0.155834222831368
2011-03-10 ,-4.41616722230026
2011-03-11 ,2.41374005158122
2011-03-14 ,0.331557785066201
2011-03-15 ,-1.59692505106109
2011-03-16 ,-1.93895381409606
2011-03-17 ,2.60739491698639
2011-03-18 ,-2.09637020695932
2011-03-21 ,2.83506478239516
2011-03-22 ,0.463220074389956
2011-03-23 ,0.409164296166678
2011-03-24 ,0.639785210296072
2011-03-25 ,0.867655641966113
2011-03-28 ,-1.30899585575473
2011-03-29 ,0.81686346270743
2011-03-30 ,2.65735369988026
2011-03-31 ,0.631457570772892
2011-04-01 ,0.515169911434473
2011-04-04 ,0.277633786588185
2011-04-05 ,0.414691410104261
2011-04-06 ,-1.38467050308001
2011-04-07 ,0.0651664168822851
2011-04-08 ,-1.28462363201203
2011-04-11 ,-2.15439301095097
2011-04-12 ,-2.06295420410134
2011-04-13 ,0.740791815272139
2011-04-14 ,0.280734756647988
2011-04-15 ,0.908103969652735
2011-04-18 ,-1.45018141313182
2011-04-19 ,3.73876762625811
2011-04-20 ,1.81623375916025
2011-04-21 ,1.42760524680456
2011-04-25 ,-0.186250676165945
2011-04-26 ,2.03083591422463
2011-04-27 ,-0.795541536232603
2011-04-28 ,-0.791226176798866
2011-04-29 ,0.850179383813033
2011-05-02 ,-1.71353775193051
2011-05-03 ,-1.36827578735165
2011-05-04 ,-1.87323494355052
2011-05-05 ,-1.44274139820907
2011-05-06 ,0.234056917559323
2011-05-09 ,1.89059282992254
2011-05-10 ,1.04885882084387
2011-05-11 ,-2.58855295420565
2011-05-12 ,0.851343490274516
2011-05-13 ,-1.29048229911659
2011-05-16 ,-2.00016711564605
2011-05-17 ,-0.067769821489573
2011-05-18 ,2.06023797601372
2011-05-19 ,0.477784066040156
2011-05-20 ,-1.55967311292693
2011-05-23 ,-1.74488767248193
2011-05-24 ,0.978490983239239
2011-05-25 ,1.64399885064148
2011-05-26 ,2.02943726762612
2011-05-27 ,1.79707534237956
2011-05-31 ,0.996284599654156
2011-06-01 ,-3.97248094366912
2011-06-02 ,-0.202881714700367
2011-06-03 ,-0.99229813612882
2011-06-06 ,-1.18337596721277
2011-06-07 ,0.495558769975984
2011-06-08 ,-1.09325033992022
2011-06-09 ,0.73927819654231
2011-06-10 ,-1.46627469964891
2011-06-13 ,-0.199728101809581
2011-06-14 ,1.51233857357672
2011-06-15 ,-1.518502057354
2011-06-16 ,-0.177929810760273
2011-06-17 ,0.398597678441414
2011-06-20 ,1.2093555582619
2011-06-21 ,1.33659839813928
2011-06-22 ,-0.623859569425315
2011-06-23 ,0.151008677993747
2011-06-24 ,-1.00520677017065
2011-06-27 ,0.485865113115237
2011-06-28 ,3.14949786469521
2011-06-29 ,2.71325834153912
2011-06-30 ,0.454837677354333
2011-07-01 ,2.27830547472931
2011-07-05 ,0.712482206121645
2011-07-06 ,-0.565786461686404
2011-07-07 ,1.71236241528371
2011-07-08 ,-1.11102304967367
2011-07-11 ,-3.56515449387238
2011-07-12 ,-1.55267692341121
2011-07-13 ,0.783935743817847
2011-07-14 ,-1.68203378131465
2011-07-15 ,0.959922345814795
2011-07-18 ,-1.54571529974116
2011-07-19 ,2.94805233569268
2011-07-20 ,-0.208874897833101
2011-07-21 ,1.77041786945728
2011-07-22 ,0.405043952038167
2011-07-25 ,-0.346134716233688
2011-07-26 ,-2.14980207345036
2011-07-27 ,-3.39231860122107
2011-07-28 ,0.953275562508148
2011-07-29 ,-0.459904945202165
2011-08-01 ,-0.740121749530516
2011-08-02 ,-5.35184207433142
2011-08-03 ,2.83542170873364
2011-08-04 ,-9.98918505067783
2011-08-05 ,-0.969113812597218
2011-08-08 ,-10.5663656970648
2011-08-09 ,10.5274801592274
2011-08-10 ,-3.94969282612411
2011-08-11 ,6.34513288620397
2011-08-12 ,2.0667371025936
2011-08-15 ,1.06623533514476
2011-08-16 ,-1.88621146268043
2011-08-17 ,1.20455477954743
2011-08-18 ,-10.3332020609415
2011-08-19 ,-2.13742456946025
2011-08-22 ,0.04871758254808
2011-08-23 ,6.6009899940251
2011-08-24 ,0.580613476011789
2011-08-25 ,-3.20441733029595
2011-08-26 ,4.16782782949096
2011-08-29 ,4.21173909404441
2011-08-30 ,1.08551199051378
2011-08-31 ,-0.0943783361343408
2011-09-01 ,-1.45962191584856
2011-09-02 ,-2.40443502858396
2011-09-06 ,-0.478926885123146
2011-09-07 ,3.98334422381568
2011-09-08 ,-0.446774845025469
2011-09-09 ,-5.31236861339116
2011-09-12 ,-0.989072614962827
2011-09-13 ,1.41016818945271
2011-09-14 ,0.10303214671887
2011-09-15 ,2.10430965593037
2011-09-16 ,2.33829825990966
2011-09-19 ,0.749363576822763
2011-09-20 ,1.34374155011506
2011-09-21 ,-3.35126667296054
2011-09-22 ,-8.74488415519134
2011-09-23 ,-3.92991926510152
2011-09-26 ,3.45237732506166
2011-09-27 ,2.06173594714244
2011-09-28 ,-5.81128960279361
2011-09-29 ,-0.671842222406521
2011-09-30 ,-3.97049698271713
2011-10-03 ,-4.9841041525354
2011-10-04 ,3.85048874873243
2011-10-05 ,3.2245886967188
2011-10-06 ,1.55431022164017
2011-10-07 ,-0.289892252645582
2011-10-10 ,5.51256846902717
2011-10-11 ,0.298005388374079
2011-10-12 ,1.13096665022249
2011-10-13 ,0.0485943100674405
2011-10-14 ,2.05857350459915
2011-10-17 ,-2.72351557339782
2011-10-18 ,2.21868096850585
2011-10-19 ,-1.5629676620806
2011-10-20 ,0.496332192484564
2011-10-21 ,3.46003265648777
2011-10-24 ,2.27728385403437
2011-10-25 ,-2.93185984205024
2011-10-26 ,0.393133689412316
2011-10-27 ,5.46318151309445
2011-10-28 ,0.438683213043781
2011-10-31 ,-2.46628853114346
2011-11-01 ,-3.69640835003285
2011-11-02 ,3.17577822538869
2011-11-03 ,1.43269470591682
2011-11-04 ,1.40855013558826
2011-11-07 ,-0.255540804387231
2011-11-08 ,0.565164671618339
2011-11-09 ,-4.98760273744443
2011-11-10 ,2.35852471410043
2011-11-11 ,2.84193123919486
2011-11-14 ,-1.78405524784222
2011-11-15 ,0.501928797715964
2011-11-16 ,-1.71432196173574
2011-11-17 ,-3.37088480283391
2011-11-18 ,-0.162834336723383
2011-11-21 ,-2.46963612744137
2011-11-22 ,-0.819442638470494
2011-11-23 ,-3.91080137082875
2011-11-25 ,-0.359213042892826
2011-11-28 ,4.25323466851336
2011-11-29 ,0.836796135777713
2011-11-30 ,6.07573475112487
2011-12-01 ,-0.071072428288099
2011-12-02 ,-0.891713730416653
2011-12-05 ,1.46438799126234
2011-12-06 ,-0.589079627222684
2011-12-07 ,-0.552516378930251
2011-12-08 ,-2.59953484861626
2011-12-09 ,2.34150026507793
2011-12-12 ,-1.56570170510316
2011-12-13 ,-2.60646261203361
2011-12-14 ,-2.6351993432088
2011-12-15 ,-0.119430649132618
2011-12-16 ,1.18682927156857
2011-12-19 ,-1.59667022329568
2011-12-20 ,5.40993780959245
2011-12-21 ,0.811387215599321
2011-12-22 ,0.291215466298316
2011-12-23 ,1.02550554004113
2011-12-27 ,0.153002497226218
2011-12-28 ,-1.56295451814245
2011-12-29 ,1.76210885057494
2011-12-30 ,-0.489546228654352
2012-01-03 ,0.0140859123539038
2012-01-04 ,0.340109285264201
2012-01-05 ,0.267327091281382
2012-01-06 ,0.0398967294268373
2012-01-09 ,0.00623131317042925
2012-01-10 ,1.03993312687055
2012-01-11 ,1.50704629572042
2012-01-12 ,0.510774389068055
2012-01-13 ,-0.152714321122416
2012-01-17 ,0.850988931450355
2012-01-18 ,1.66923632812599
2012-01-19 ,0.524417851948429
2012-01-20 ,0.130390395733143
2012-01-23 ,-0.75047555111055
2012-01-24 ,0.534928906982778
2012-01-25 ,1.47920558516875
2012-01-26 ,-0.53483569230328
2012-01-27 ,-0.405850293459009
2012-01-30 ,-0.478531366244673
2012-01-31 ,-0.766004985116272
2012-02-01 ,1.42886713210339
2012-02-02 ,-0.0132695845380478
2012-02-03 ,2.29653341654016
2012-02-06 ,-0.0286490377927936
2012-02-07 ,0.108864433482095
2012-02-08 ,0.236052945194262
2012-02-09 ,-0.398968284828497
2012-02-10 ,-1.42802138690959
2012-02-13 ,1.3103516556264
2012-02-14 ,-1.87756012479651
2012-02-15 ,-1.12745357396994
2012-02-16 ,2.50199136872913
2012-02-17 ,0.153772664619273
2012-02-21 ,-0.146360521987889
2012-02-22 ,-0.38457610753394
2012-02-23 ,0.470490386750153
2012-02-24 ,0.390656433851672
2012-02-27 ,0.0789912950223814
2012-02-28 ,1.30194933802058
2012-02-29 ,-1.60271227142052
2012-03-01 ,1.54275728152297
2012-03-02 ,-1.40508626562579
2012-03-05 ,-0.656916836128192
2012-03-06 ,-2.60030731195603
2012-03-07 ,1.61049894585216
2012-03-08 ,2.33355644549115
2012-03-09 ,0.827192570239603
2012-03-12 ,-0.98067160135346
2012-03-13 ,1.70128749878892
2012-03-14 ,-1.08108632823309
2012-03-15 ,0.644269521373504
2012-03-16 ,-0.156730312856483
2012-03-19 ,0.666997372547685
2012-03-20 ,-0.943875022882325
2012-03-21 ,0.33454265214739
2012-03-22 ,-1.63265175491037
2012-03-23 ,0.771787331064062
2012-03-26 ,1.62517751250559
2012-03-27 ,0.174316783397399
2012-03-28 ,-1.52602961202472
2012-03-29 ,-0.592375609837388
2012-03-30 ,-0.156333915259166
2012-04-02 ,0.987649079382465
2012-04-03 ,-0.265427746555638
2012-04-04 ,-1.68025974851545
2012-04-05 ,-0.0221952487609211
2012-04-09 ,-1.30532499689011
2012-04-10 ,-3.68636087562118
2012-04-11 ,3.09620390532734
2012-04-12 ,2.9937148123061
2012-04-13 ,-1.70629206373296
2012-04-16 ,-0.224838544911419
2012-04-17 ,1.68921718723451
2012-04-18 ,-0.90411743620431
2012-04-19 ,-1.65545603789073
2012-04-20 ,1.20753214154514
2012-04-23 ,-2.20468675107814
2012-04-24 ,1.17595384646045
2012-04-25 ,2.01849883612944
2012-04-26 ,1.93295091391942
2012-04-27 ,1.09150863378538
2012-04-30 ,-1.5266648837262
2012-05-01 ,2.85558031843795
2012-05-02 ,1.69802511985929
2012-05-03 ,0.0348947972942495
2012-05-04 ,-2.32334655510331
2012-05-07 ,-0.659031072788177
2012-05-08 ,-1.10787006728743
2012-05-09 ,1.86235962965458
2012-05-10 ,-0.0987846507375872
2012-05-11 ,-0.752727232846874
2012-05-14 ,-1.29236023989099
2012-05-15 ,-1.24050958990738
2012-05-16 ,-0.0163540178664715
2012-05-17 ,-3.88905383977484
2012-05-18 ,-0.681703249391298
2012-05-21 ,3.19630477241175
2012-05-22 ,0.360009120051363
2012-05-23 ,0.817057862796398
2012-05-24 ,-0.998494388568415
2012-05-25 ,0.0932990313369639
2012-05-29 ,1.20830284093274
2012-05-30 ,-2.60579151443054
2012-05-31 ,0.141424908569191
2012-06-01 ,-4.74478360194667
2012-06-04 ,-1.99804763172125
2012-06-05 ,2.7406974553866
2012-06-06 ,3.9340289151671
2012-06-07 ,-0.727465441177933
2012-06-08 ,1.6790675848502
2012-06-11 ,-3.00144356320478
2012-06-12 ,2.58786898766062
2012-06-13 ,-2.89768728043321
2012-06-14 ,3.23153792482489
2012-06-15 ,1.85019003850743
2012-06-18 ,2.32332031245163
2012-06-19 ,0.81801686797475
2012-06-20 ,-0.745556375205522
2012-06-21 ,-4.45988245644294
2012-06-22 ,0.498172592468044
2012-06-25 ,-1.42700346268339
2012-06-26 ,2.12211331289075
2012-06-27 ,1.7243277662414
2012-06-28 ,-0.978995111781964
2012-06-29 ,2.57187785367742
2012-07-02 ,1.36153007524489
2012-07-03 ,0.620661883045476
2012-07-05 ,0.0386913862538072
2012-07-06 ,-0.195975214870951
2012-07-09 ,-0.406595916323343
2012-07-10 ,-3.19404575556937
2012-07-11 ,-0.377829764344902
2012-07-12 ,-0.922679897007191
2012-07-13 ,2.46287295094022
2012-07-16 ,0.740988587584963
2012-07-17 ,0.514732121637261
2012-07-18 ,-0.403232951835655
2012-07-19 ,-1.22248514810173
2012-07-20 ,-0.302203294779543
2012-07-23 ,-1.73085778243436
2012-07-24 ,-2.04447639707736
2012-07-25 ,-0.843819820406945
2012-07-26 ,4.11873055671704
2012-07-27 ,2.4296498560181
2012-07-30 ,0.277807570930549
2012-07-31 ,-1.12915598071643
2012-08-01 ,-0.737238136692069
2012-08-02 ,-2.91306294266222
2012-08-03 ,3.58651715376958
2012-08-06 ,1.21855467412168
2012-08-07 ,2.00916391137909
2012-08-08 ,0.113651245564041
2012-08-09 ,1.59466663609087
2012-08-10 ,-0.646113809564781
2012-08-13 ,-1.33332212371582
2012-08-14 ,-0.521806888558578
2012-08-15 ,1.00479343820767
2012-08-16 ,1.67511355154692
2012-08-17 ,0.755785715020346
2012-08-20 ,-0.401552352665529
2012-08-21 ,-0.273887745869082
2012-08-22 ,0.99000216665585
2012-08-23 ,0.0613079447133185
2012-08-24 ,0.675268066235462
2012-08-27 ,0.275016168719741
2012-08-28 ,-0.778808056605741
2012-08-29 ,-0.997676650496731
2012-08-30 ,-1.56720216087924
2012-08-31 ,1.42358623366154
2012-09-04 ,0.126379226640631
2012-09-05 ,0.103308943911379
2012-09-06 ,3.01141061154899
2012-09-07 ,1.22446431559562
2012-09-10 ,-1.17540262354882
2012-09-11 ,0.364208079198325
2012-09-12 ,1.3091317435814
2012-09-13 ,3.25305629582891
2012-09-14 ,1.59310515708788
2012-09-17 ,-1.024904201413
2012-09-18 ,-0.545546405075978
2012-09-19 ,0.483918025802786
2012-09-20 ,-0.296592566897994
2012-09-21 ,0.82445416737714
2012-09-24 ,-1.27637270301217
2012-09-25 ,-2.39397899351846
2012-09-26 ,-1.51570718876273
2012-09-27 ,2.02304662609409
2012-09-28 ,-0.95872013469857
2012-10-01 ,0.0231380674269879
2012-10-02 ,-0.605001921159783
2012-10-03 ,1.74616723536744
2012-10-04 ,1.34288044237497
2012-10-05 ,-0.845624155319961
2012-10-08 ,-1.06636423203984
2012-10-09 ,-2.96970567142668
2012-10-10 ,-0.621134335812093
2012-10-11 ,0.289620670782841
2012-10-12 ,-1.29040407652333
2012-10-15 ,2.56311619800036
2012-10-16 ,2.65030556593616
2012-10-17 ,1.48059337728914
2012-10-18 ,-0.440356095033479
2012-10-19 ,-1.03922842967074
2012-10-22 ,-0.226562569561769
2012-10-23 ,-2.12433484702769
2012-10-24 ,0.225058783124325
2012-10-25 ,0.178288057322862
2012-10-26 ,0.777730989260073
2012-10-31 ,1.71755474733865
2012-11-01 ,2.27348436078288
2012-11-02 ,-2.53565608253659
2012-11-05 ,0.663700885936443
2012-11-06 ,1.22303587386382
2012-11-07 ,-2.00406588791113
2012-11-08 ,-2.53238928194891
2012-11-09 ,-0.722958483695348
2012-11-12 ,-0.406521805891046
2012-11-13 ,0.154479892611286
2012-11-14 ,-4.21207875649945
2012-11-15 ,-1.92636568961761
2012-11-16 ,2.7604837528788
2012-11-19 ,3.52913519494262
2012-11-20 ,1.6213970553533
2012-11-21 ,1.10329637338356
2012-11-23 ,2.18819846911575
2012-11-26 ,-2.09591561469837
2012-11-27 ,0.154918521300461
2012-11-28 ,0.386952445726836
2012-11-29 ,1.56714200047954
2012-11-30 ,-2.1225388182747
2012-12-03 ,-0.135904700806738
2012-12-04 ,-0.539775421003631
2012-12-05 ,0.177344970380135
2012-12-06 ,1.51740235032463
2012-12-07 ,0.0805354516448128
2012-12-10 ,-0.42942185265589
2012-12-11 ,0.351930733413941
2012-12-12 ,0.226582135692068
2012-12-13 ,-1.43638268961155
2012-12-14 ,-0.342117324103202
2012-12-17 ,1.86003485804616
2012-12-18 ,1.45302525849099
2012-12-19 ,0.130861397036994
2012-12-20 ,1.33545127349702
2012-12-21 ,-0.337135266304787
2012-12-24 ,-0.296396495190934
2012-12-26 ,-1.37631010311983
2012-12-27 ,0.152002588025354
2012-12-28 ,-1.4247271454818
2012-12-31 ,2.22196234338967
2013-01-02 ,2.13764523238828
2013-01-03 ,0.701759363376775
2013-01-04 ,0.931099168768633
2013-01-07 ,-0.182407384164617
2013-01-08 ,-0.922872123568583
2013-01-09 ,-0.700611007698375
2013-01-10 ,0.818424399889049
2013-01-11 ,0.209725283635029
2013-01-14 ,-0.134456488792509
2013-01-15 ,0.61383656089487
2013-01-16 ,-0.338098122832634
2013-01-17 ,1.15481352253167
2013-01-18 ,1.55812861494777
2013-01-22 ,1.08180697819277
2013-01-23 ,-0.36734532271471
2013-01-24 ,0.863155252507981
2013-01-25 ,1.81885006336217
2013-01-28 ,-0.55074025906872
2013-01-29 ,0.961079373514316
2013-01-30 ,-1.14433450998275
2013-01-31 ,1.35376773525208
2013-02-01 ,1.30848692337951
2013-02-04 ,-1.69448503770075
2013-02-05 ,1.6285980576176
2013-02-06 ,-0.564917186675306
2013-02-07 ,-0.198352296514049
2013-02-08 ,0.632713620664689
2013-02-11 ,-0.168838365661468
2013-02-12 ,1.17986710262021
2013-02-13 ,0.110730639726961
2013-02-14 ,0.772067423883643
2013-02-15 ,-0.120120385535154
2013-02-19 ,0.158624123912452
2013-02-20 ,-2.95055473371304
2013-02-21 ,-1.7785643518062
2013-02-22 ,2.296735390457
2013-02-25 ,-3.81365923081194
2013-02-26 ,1.06679468050052
2013-02-27 ,2.24664813760564
2013-02-28 ,-0.0239161494347314
2013-03-01 ,-0.287973220795523
2013-03-04 ,-0.568667703905519
2013-03-05 ,0.883004185212743
2013-03-06 ,-0.591499376056827
2013-03-07 ,0.880767233318913
2013-03-08 ,0.688844651110478
2013-03-11 ,0.469446681819747
2013-03-12 ,-0.314186536082073
2013-03-13 ,0.461684863617134
2013-03-14 ,1.34267203509426
2013-03-15 ,-0.393444005614148
2013-03-18 ,-0.231210849737872
2013-03-19 ,-0.599621091325395
2013-03-20 ,0.450789593673619
2013-03-21 ,-0.214324574253408
2013-03-22 ,0.185305697597014
2013-03-25 ,0.3966373024236
2013-03-26 ,0.826867067670796
2013-03-27 ,0.418540941853517
2013-03-28 ,-0.0582735028014979
2013-04-01 ,-1.008906324305
2013-04-02 ,-0.401569673881743
2013-04-03 ,-2.97008856850148
2013-04-04 ,1.00623291556842
2013-04-05 ,0.252480532244159
2013-04-08 ,1.901169714402
2013-04-09 ,0.404791097233064
2013-04-10 ,1.38231076736835
2013-04-11 ,0.382752684969973
2013-04-12 ,-0.708295219764455
2013-04-15 ,-4.59346921204623
2013-04-16 ,2.14311746888406
2013-04-17 ,-2.51791255251252
2013-04-18 ,-0.57208011645386
2013-04-19 ,1.85963452580942
2013-04-22 ,0.850537026122295
2013-04-23 ,2.60254480282219
2013-04-24 ,0.880421408379706
2013-04-25 ,1.11822065099725
2013-04-26 ,-0.227342591162604
2013-04-29 ,0.234966919645586
2013-04-30 ,-0.105335302912734
2013-05-01 ,-2.07530349962999
2013-05-02 ,0.756193390737794
2013-05-03 ,1.48644148457975
2013-05-06 ,0.785557157016935
2013-05-07 ,1.06656188886982
2013-05-08 ,0.381042728359844
2013-05-09 ,-0.155561631087621
2013-05-10 ,1.16581709485059
2013-05-13 ,-0.384172998522373
2013-05-14 ,2.2440637465715
2013-05-15 ,0.395430491724227
2013-05-16 ,-1.39836934357878
2013-05-17 ,1.84956854554567
2013-05-20 ,0.0159383005207991
2013-05-21 ,0.160799034024734
2013-05-22 ,-1.78903922313449
2013-05-23 ,-0.659623272635455
2013-05-24 ,-0.171274545951117
2013-05-28 ,1.26490654790017
2013-05-29 ,-1.44355057626632
2013-05-30 ,0.0814158074752901
2013-05-31 ,-1.73206555788125
2013-06-03 ,-0.15482370990548
2013-06-04 ,-1.17248914314656
2013-06-05 ,-2.00841267177599
2013-06-06 ,1.45997876223406
2013-06-07 ,1.90252024000253
2013-06-10 ,-0.0593625610452078
2013-06-11 ,-1.63156566199123
2013-06-12 ,-0.693806351441176
2013-06-13 ,1.99806294373999
2013-06-14 ,-0.915263156309704
2013-06-17 ,1.46420924540173
2013-06-18 ,1.04997873095595
2013-06-19 ,-1.40597237884988
2013-06-20 ,-3.2369533738083
2013-06-21 ,-0.529070634441696
2013-06-24 ,-0.82815516746521
2013-06-25 ,1.18814749080063
2013-06-26 ,1.4576930471994
2013-06-27 ,0.791232654814897
2013-06-28 ,-0.566200813211385
2013-07-01 ,1.37561454785601
2013-07-02 ,0.165145906633425
2013-07-03 ,0.296100564801157
2013-07-05 ,1.00552573514267
2013-07-08 ,0.183455029616633
2013-07-09 ,0.339062064922168
2013-07-10 ,-0.492645951295578
2013-07-11 ,0.281991069054109
2013-07-12 ,0.0191872398114597
2013-07-15 ,-0.130369280072383
2013-07-16 ,-0.891754307110685
2013-07-17 ,-0.165972726647882
2013-07-18 ,1.11122945370373
2013-07-19 ,0.355254318990042
2013-07-22 ,0.257134316668765
2013-07-23 ,-0.54237560753099
2013-07-24 ,-0.933842631688027
2013-07-25 ,2.40062678281377
2013-07-26 ,0.611762159895778
2013-07-29 ,-0.504134522991501
2013-07-30 ,0.224182729562594
2013-07-31 ,-0.727592246610984
2013-08-01 ,2.64244732229606
2013-08-02 ,-0.62452981626147
2013-08-05 ,-0.295407271663704
2013-08-06 ,-1.05493155914454
2013-08-07 ,-0.569364807581344
2013-08-08 ,0.74356334770915
2013-08-09 ,-0.00469696308812483
2013-08-12 ,0.223222003305551
2013-08-13 ,-0.466727813477461
2013-08-14 ,-0.663780618266514
2013-08-15 ,-1.0240539384959
2013-08-16 ,-0.629169842359373
2013-08-19 ,-0.846463698594667
2013-08-20 ,1.75778143768776
2013-08-21 ,-0.712499205990899
2013-08-22 ,1.6959168607221
2013-08-23 ,0.870302479935635
2013-08-26 ,-0.174060687554298
2013-08-27 ,-1.94218556692729
2013-08-28 ,0.733088776777552
2013-08-29 ,0.388088638244239
2013-08-30 ,-1.044717878333
2013-09-03 ,0.851695297136891
2013-09-04 ,0.407885309132223
2013-09-05 ,-0.209548905194829
2013-09-06 ,-0.334021007535713
2013-09-09 ,1.00641821312092
2013-09-10 ,0.456377823883219
2013-09-11 ,1.52128090058738
2013-09-12 ,-1.25530995906646
2013-09-13 ,0.269635031380843
2013-09-16 ,-0.0298503056307889
2013-09-17 ,1.05469781985174
2013-09-18 ,2.70379832548387
2013-09-19 ,-0.423502631095084
2013-09-20 ,-1.4807914168156
2013-09-23 ,-1.15932991559381
2013-09-24 ,0.391992542496924
2013-09-25 ,-0.191402544496871
2013-09-26 ,0.944597161081426
2013-09-27 ,0.561253896406234
2013-09-30 ,-0.549822892290314
2013-10-01 ,0.559776359012068
2013-10-02 ,0.0152388923732323
2013-10-03 ,-0.738658047638612
2013-10-04 ,0.820909654272436
2013-10-07 ,-0.993615106987534
2013-10-08 ,-1.76531834514415
2013-10-09 ,-0.775122543019407
2013-10-10 ,2.89178005703067
2013-10-11 ,0.894029674260424
2013-10-14 ,0.545014452832984
2013-10-15 ,-0.793188569444614
2013-10-16 ,1.92582511057854
2013-10-17 ,1.16333331921653
2013-10-18 ,1.1223217362778
2013-10-21 ,-0.103997788769329
2013-10-22 ,0.887628162488726
2013-10-23 ,-1.33097735257707
2013-10-24 ,1.36544789306604
2013-10-25 ,0.683563576641836
2013-10-28 ,-0.444501867931411
2013-10-29 ,1.55000057078027
2013-10-30 ,-0.15021208088566
2013-10-31 ,-1.06847208671371
2013-11-01 ,-0.0688033762915134
2013-11-04 ,1.50940551962088
2013-11-05 ,-0.584908289239516
2013-11-06 ,-1.17636219595182
2013-11-07 ,-2.7317231630136
2013-11-08 ,2.81248413896277
2013-11-11 ,-0.450094499778192
2013-11-12 ,-1.16131182239796
2013-11-13 ,1.75687470846479
2013-11-14 ,0.101201873083667
2013-11-15 ,0.778948336812837
2013-11-18 ,-1.83156587520799
2013-11-19 ,-0.0567387073640316
2013-11-20 ,0.00383961819254943
2013-11-21 ,1.12782462561488
2013-11-22 ,0.134091754868241
2013-11-25 ,-0.905142063478948
2013-11-26 ,0.321597102919006
2013-11-27 ,-0.0135533899184533
2013-11-29 ,0.0853856195856187
2013-12-02 ,-1.05885588201126
2013-12-03 ,-0.523627383255233
2013-12-04 ,-0.200944579926516
2013-12-05 ,0.0386984456467115
2013-12-06 ,-0.0479811862998994
2013-12-09 ,0.968911282037381
2013-12-10 ,-0.49965571833639
2013-12-11 ,-1.19370609535665
2013-12-12 ,0.156736930947762
2013-12-13 ,0.358464159659126
2013-12-16 ,0.273843684774341
2013-12-17 ,-0.752425416538393
2013-12-18 ,1.44064611107112
2013-12-19 ,1.11669130391142
2013-12-20 ,0.0550134275590648
2013-12-23 ,0.565718493227784
2013-12-24 ,0.487118657501272
2013-12-26 ,0.301652338576881
2013-12-27 ,-0.0986365435273832
2013-12-30 ,0.155947000027174
2013-12-31 ,0.484098834404761
2014-01-02 ,-0.205527516443462
2014-01-03 ,-0.518974493266848
2014-01-06 ,-0.295129361435286
2014-01-07 ,0.809773243259478
2014-01-08 ,-0.282017678872946
2014-01-09 ,-1.018323158187
2014-01-10 ,-0.00970873590464347
2014-01-13 ,-2.73422609373998
2014-01-14 ,2.00771250956593
2014-01-15 ,0.678461059758632
2014-01-16 ,-0.116502019340216
2014-01-17 ,-0.162561643721631
2014-01-21 ,1.12833051715729
2014-01-22 ,1.43086902277553
2014-01-23 ,-0.914958600465984
2014-01-24 ,-3.19623199514514
2014-01-27 ,-0.714621495753318
2014-01-28 ,1.35349834745733
2014-01-29 ,-0.285076689595008
2014-01-30 ,1.16965928626418
2014-01-31 ,-0.333626513598423
2014-02-03 ,-2.78445887167665
2014-02-04 ,2.08613653229039
2014-02-05 ,-0.741537973763476
2014-02-06 ,0.0190233876840702
2014-02-07 ,0.832928704583755
2014-02-10 ,0.0249961908880245
2014-02-11 ,1.4288697124533
2014-02-12 ,-0.506727315915069
2014-02-13 ,1.37984388431358
2014-02-14 ,0.729673691718347
2014-02-18 ,0.781041721070646
2014-02-19 ,-0.542970572321892
2014-02-20 ,1.46336191869899
2014-02-21 ,-0.941694706825787
2014-02-24 ,0.778179984021113
2014-02-25 ,-0.763655625768436
2014-02-26 ,-0.4460565712196
2014-02-27 ,0.213548498888091
2014-02-28 ,-0.0392286225812224
2014-03-03 ,-0.658712959297415
2014-03-04 ,0.675017903277792
2014-03-05 ,0.769048101417368
2014-03-06 ,-0.017026987246558
2014-03-07 ,0.485690561247078
2014-03-10 ,-0.678400433934023
2014-03-11 ,-0.499122628775931
2014-03-12 ,0.238183126896871
2014-03-13 ,-1.56134558969262
2014-03-14 ,0.0701518892837646
2014-03-17 ,1.02916314676738
2014-03-18 ,0.801435571500942
2014-03-19 ,0.233209843020512
2014-03-20 ,0.585405699481838
2014-03-21 ,-0.40939745950479
2014-03-24 ,-0.636117087080172
2014-03-25 ,-0.383126629884829
2014-03-26 ,-1.09267740311649
2014-03-27 ,-0.594235901663669
2014-03-28 ,1.12969808177393
2014-03-31 ,0.531245873912677
2014-04-01 ,1.48455278677644
2014-04-02 ,0.554358527386351
2014-04-03 ,-0.343622121376317
2014-04-04 ,-1.97959545450635
2014-04-07 ,-1.93115031234614
2014-04-08 ,0.469695201910463
2014-04-09 ,1.52784374448398
2014-04-10 ,-3.00449326370492
2014-04-11 ,-0.915163770761807
2014-04-14 ,0.777824661421803
2014-04-15 ,0.628325106121614
2014-04-16 ,1.1588326502259
2014-04-17 ,0.451191208782402
2014-04-21 ,0.765789753971804
2014-04-22 ,0.681892728842316
2014-04-23 ,0.359232122370432
2014-04-24 ,0.16018594284205
2014-04-25 ,-1.83703912248837
2014-04-28 ,-0.403148201340802
2014-04-29 ,1.0093195672775
2014-04-30 ,0.313677744764055
2014-05-01 ,0.0678410974386811
2014-05-02 ,0.294135234384125
2014-05-05 ,-0.0576914570627649
2014-05-06 ,-0.731349464971418
2014-05-07 ,0.801634738686993
2014-05-08 ,-1.0903615918875
2014-05-09 ,0.450771889113963
2014-05-12 ,1.14159676051258
2014-05-13 ,-0.111226333986443
2014-05-14 ,-0.428853700895823
2014-05-15 ,-0.599805672403406
2014-05-16 ,-0.229955791284766
2014-05-19 ,0.592611721016035
2014-05-20 ,-0.488076888001692
2014-05-21 ,0.778722279616576
2014-05-22 ,-0.589487415877545
2014-05-23 ,0.467445289944405
2014-05-27 ,0.985356166802881
2014-05-28 ,-0.441954639397252
2014-05-29 ,1.08881297816085
2014-05-30 ,0.524920652169371
2014-06-02 ,0.319298695552397
2014-06-03 ,-0.15435674577343
2014-06-04 ,0.242676348297011
2014-06-05 ,0.381281970153119
2014-06-06 ,0.733411553241672
2014-06-09 ,0.0143954933990777
2014-06-10 ,-0.0852762307744341
2014-06-11 ,-0.635406092524667
2014-06-12 ,-0.613717456586597
2014-06-13 ,0.543948734716275
2014-06-16 ,1.88771945337826
2014-06-17 ,0.69022436483073
2014-06-18 ,0.437272386704861
2014-06-19 ,0.188106030697223
2014-06-20 ,-0.0888942197325048
2014-06-23 ,0.521460717557162
2014-06-24 ,-0.725691367514494
2014-06-25 ,0.647260813365887
2014-06-26 ,-0.0997383502465254
2014-06-27 ,0.346005130044011
2014-06-30 ,0.0945861195173604
2014-07-01 ,0.695836645485391
2014-07-02 ,0.132754126196273
2014-07-03 ,0.620511593631026
2014-07-07 ,-1.24964856186862
2014-07-08 ,-0.172881154014921
2014-07-09 ,1.3386745388603
2014-07-10 ,-0.805529449336182
2014-07-11 ,0.31704772309246
2014-07-14 ,0.0193606324007604
2014-07-15 ,-0.9018493576325
2014-07-16 ,1.47219127596612
2014-07-17 ,-1.42067751681201
2014-07-18 ,1.22333200167446
2014-07-21 ,-0.380784182152067
2014-07-22 ,0.182573946137923
2014-07-23 ,0.128189953670933
2014-07-24 ,-1.44841703684649
2014-07-25 ,-0.585393851414199
2014-07-28 ,0.431256855768393
2014-07-29 ,-0.591060050331138
2014-07-30 ,-0.0585028335055823
2014-07-31 ,-2.33841479984312
2014-08-01 ,-0.542778870240849
2014-08-04 ,1.29904826303365
2014-08-05 ,-0.960759093890534
2014-08-06 ,0.762015420103681
2014-08-07 ,-1.01163080345908
2014-08-08 ,1.42351369404078
2014-08-11 ,0.636300623142549
2014-08-12 ,-0.289344296791923
2014-08-13 ,-0.465423397356891
2014-08-14 ,0.334948992955994
2014-08-15 ,0.372585815950116
2014-08-18 ,1.49741634519501
2014-08-19 ,1.56543225089315
2014-08-20 ,0.820178111510936
2014-08-21 ,-0.1131094088463
2014-08-22 ,-0.544348212143622
2014-08-25 ,0.950895312652433
2014-08-26 ,0.360150891089834
2014-08-27 ,0.38621758144925
2014-08-28 ,-0.00542372914576921
2014-08-29 ,0.533623094406858
2014-09-02 ,0.623527314542966
2014-09-03 ,0.444458882450868
2014-09-04 ,-0.840279163656072
2014-09-05 ,0.00535627259111841
2014-09-08 ,-0.799935721448663
2014-09-09 ,-0.620393678759875
2014-09-10 ,0.534932165365145
2014-09-11 ,0.730262582234577
2014-09-12 ,-1.40280866326717
2014-09-15 ,-0.617975461802184
2014-09-16 ,1.72748078643078
2014-09-17 ,0.0999907708487749
2014-09-18 ,0.54416964016401
2014-09-19 ,-0.526893849876092
2014-09-22 ,-2.55443228928635
2014-09-23 ,-1.07313062263216
2014-09-24 ,1.36752132514932
2014-09-25 ,-1.98009337609366
2014-09-26 ,0.851307134482266
2014-09-29 ,-0.3707061620742
2014-09-30 ,-1.18066695511414
2014-10-01 ,-2.33128713272961
2014-10-02 ,-0.11846772475835
2014-10-03 ,1.2194602177981
2014-10-06 ,-0.221732589557713
2014-10-07 ,-1.65229654939632
2014-10-08 ,1.10273055361791
2014-10-09 ,-2.99105136781546
2014-10-10 ,-2.06974110582673
2014-10-13 ,-1.97925355541624
2014-10-14 ,1.22501562315292
2014-10-15 ,0.332251150842952
2014-10-16 ,0.351383772100411
2014-10-17 ,0.777960558931851
2014-10-20 ,0.9248033203331
2014-10-21 ,2.4580601096355
2014-10-22 ,-1.07829456379906
2014-10-23 ,0.952018952346224
2014-10-24 ,1.02461910124712
2014-10-27 ,-0.433858053372288
2014-10-28 ,2.05801661210889
2014-10-29 ,0.523972755654263
2014-10-30 ,0.434107709103805
2014-10-31 ,1.56469314753827
2014-11-03 ,0.0123355433594106
2014-11-04 ,-0.776801480498161
2014-11-05 ,1.08505088515745
2014-11-06 ,0.846564493593216
2014-11-07 ,-0.255208598497727
2014-11-10 ,1.03101943986238
2014-11-11 ,-0.0993504826523036
2014-11-12 ,0.746935888519352
2014-11-13 ,-0.254043772216682
2014-11-14 ,-0.393556493606538
2014-11-17 ,-0.141438630313347
2014-11-18 ,0.170304994550127
2014-11-19 ,0.307032752580671
2014-11-20 ,1.0684716875473
2014-11-21 ,0.0455262190383202
2014-11-24 ,0.733604323463537
2014-11-25 ,0.270551537110775
2014-11-26 ,0.612790991329794
2014-11-28 ,0.737844230095868
2014-12-01 ,-1.03783315268196
2014-12-02 ,-0.53602774729241
2014-12-03 ,0.984180079424194
2014-12-04 ,1.65342724982786
2014-12-05 ,1.0741293553034
2014-12-08 ,-0.925411610179003
2014-12-09 ,-1.11568985230137
2014-12-10 ,-0.973917363493081
2014-12-11 ,1.52796034878713
2014-12-12 ,-1.08562509833584
2014-12-15 ,-0.434941489210957
2014-12-16 ,-2.20032636974327
2014-12-17 ,3.00954277273385
2014-12-18 ,2.88638323690085
2014-12-19 ,-0.874374207948199
2014-12-22 ,1.17173545788274
2014-12-23 ,-0.00790819854936291
2014-12-24 ,0.467889113350489
2014-12-26 ,0.323089287481698
2014-12-29 ,0.235676857121789
2014-12-30 ,-0.140331721527591
2014-12-31 ,-0.416591849573775
2015-01-02 ,0.288962028436729
2015-01-05 ,-3.07594752607756
2015-01-06 ,-2.69227826089427
2015-01-07 ,2.41281671970901
2015-01-08 ,4.6195909474451
2015-01-09 ,-0.334274757985482
2015-01-12 ,-1.78005142661886
2015-01-13 ,-1.31204854922956
2015-01-14 ,-2.62578633532737
2015-01-15 ,1.3860240330164
2015-01-16 ,3.64152268517511
2015-01-20 ,3.13554375428108
2015-01-21 ,2.60590355584385
2015-01-22 ,2.46065590845291
2015-01-23 ,0.396016535830528
2015-01-26 ,1.2442639283603
2015-01-27 ,-1.56758985276306
2015-01-28 ,-2.44020856043297
2015-01-29 ,2.20384940523623
2015-01-30 ,-1.83613445605064
2015-02-02 ,0.176682333288746
2015-02-03 ,-0.730522888405472
2015-02-04 ,0.804399361569459
2015-02-05 ,-0.22069875620418
2015-02-06 ,-1.1255556733639
2015-02-09 ,-0.566764611854635
2015-02-10 ,1.21005536570831
2015-02-11 ,-0.191360065545848
2015-02-12 ,0.737168255278831
2015-02-13 ,0.122943094740635
2015-02-17 ,-0.547824385871679
2015-02-18 ,1.02216798267987
2015-02-19 ,-0.182283386704704
2015-02-20 ,2.29678307361071
2015-02-23 ,1.0735834578569
2015-02-24 ,0.757879814650098
2015-02-25 ,-0.215100252226739
2015-02-26 ,0.588119381611454
2015-02-27 ,-0.738377995134196
2015-03-02 ,1.02321436728631
2015-03-03 ,-1.14865053937184
2015-03-04 ,-0.227323844177551
2015-03-05 ,0.133567961031262
2015-03-06 ,-0.353935580636295
2015-03-09 ,0.0841872773079735
2015-03-10 ,-0.940088773564089
2015-03-11 ,0.200411720877231
2015-03-12 ,0.621104131091584
2015-03-13 ,-0.189822067815375
2015-03-16 ,0.520303799475772
2015-03-17 ,-0.264979520015846
2015-03-18 ,-0.049073923646899
2015-03-19 ,-0.175558042864286
2015-03-20 ,0.489884304219696
2015-03-23 ,-0.294225243685811
2015-03-24 ,0.061024871017929
2015-03-25 ,-0.956420790535641
2015-03-26 ,-0.0667155700195319
2015-03-27 ,0.174870700826545
2015-03-30 ,0.455365666832533
2015-03-31 ,-0.184883864658562
2015-04-01 ,-0.174772552293444
2015-04-02 ,0.824727690396963
2015-04-06 ,0.113039871889158
2015-04-07 ,-0.571332140291072
2015-04-08 ,0.829808115899662
2015-04-09 ,-0.0247206402633182
2015-04-10 ,-0.219978936209677
2015-04-13 ,-0.367151567756726
2015-04-14 ,0.473975442043147
2015-04-15 ,0.873753679091728
2015-04-16 ,-0.158856933129572
2015-04-17 ,-1.2129875292679
2015-04-20 ,0.691278162058901
2015-04-21 ,0.753164407530578
2015-04-22 ,-0.40728570401677
2015-04-23 ,0.464268664451772
2015-04-24 ,1.01599826998099
2015-04-27 ,-0.993424735785747
2015-04-28 ,0.00596347570746835
2015-04-29 ,-0.880144659783349
2015-04-30 ,-0.44551767361383
2015-05-01 ,1.54398088664592
2015-05-04 ,-0.876283459765495
2015-05-05 ,-1.82511213436899
2015-05-06 ,-1.5734823832621
2015-05-07 ,-0.478623377068563
2015-05-08 ,3.09875165669513
2015-05-11 ,-1.22702552130623
2015-05-12 ,0.58379261646098
2015-05-13 ,-0.653685688124274
2015-05-14 ,0.0285188608868757
2015-05-15 ,0.175291373771945
2015-05-18 ,-0.686407779615751
2015-05-19 ,-2.07511408528328
2015-05-20 ,-0.351541205371869
2015-05-21 ,1.16451676764838
2015-05-22 ,-0.590107748301468
2015-05-26 ,-2.36878643675527
2015-05-27 ,0.57819826586901
2015-05-28 ,-1.20719470831717
2015-05-29 ,-0.715433535335813
2015-06-01 ,-0.251017402997308
2015-06-02 ,0.0509291944528404
2015-06-03 ,0.46105157369003
2015-06-04 ,-0.669405688714837
2015-06-05 ,0.47524807651241
2015-06-08 ,-0.845770957311078
2015-06-09 ,0.300722815293286
2015-06-10 ,1.56047373677808
2015-06-11 ,0.107400649390103
2015-06-12 ,-0.388266670937794
2015-06-15 ,-0.223723657340027
2015-06-16 ,0.836948916203822
2015-06-17 ,0.0192527802143828
2015-06-18 ,0.981444872325898
2015-06-19 ,-0.53180072496821
2015-06-22 ,0.657301690136874
2015-06-23 ,-0.00752616772470135
2015-06-24 ,-1.10795008186982
2015-06-25 ,1.06821170579499
2015-06-26 ,-0.746541386362341
2015-06-29 ,-2.83801401261408
2015-06-30 ,0.736496517495575
2015-07-01 ,0.880937694675869
2015-07-02 ,-0.765706775353216
2015-07-06 ,-0.608363681797899
2015-07-07 ,1.40714543673783
2015-07-08 ,-2.65170630345729
2015-07-09 ,1.25417248192141
2015-07-10 ,1.35271279313971
2015-07-13 ,2.26047361220884
2015-07-14 ,0.127339808088526
2015-07-15 ,-0.381830999697062
2015-07-16 ,0.988348723678089
2015-07-17 ,-0.381460096012416
2015-07-20 ,0.395951275184108
2015-07-21 ,-0.33661118277669
2015-07-22 ,1.12278146605545
2015-07-23 ,-0.752636415325472
2015-07-24 ,-1.06523328665326
2015-07-27 ,-1.57873834674256
2015-07-28 ,1.22419705593931
2015-07-29 ,1.54876438059263
2015-07-30 ,0.880813048564732
2015-07-31 ,-0.428542664347176
2015-08-03 ,-0.159313338203386
2015-08-04 ,-1.46673347839262
2015-08-05 ,0.290895363618283
2015-08-06 ,-1.58317421463863
2015-08-07 ,-0.472437074223488
2015-08-10 ,0.538122788778233
2015-08-11 ,0.0575537140134751
2015-08-12 ,0.194113098323074
2015-08-13 ,1.07908042283781
2015-08-14 ,0.605527768685789
2015-08-17 ,1.38568860947104
2015-08-18 ,0.00957935760766573
2015-08-19 ,-0.396384541702199
2015-08-20 ,-2.96433145536049
2015-08-21 ,-5.07039963413036
2015-08-24 ,-5.15623999667068
2015-08-25 ,-1.93490021807672
2015-08-26 ,5.88030301064461
2015-08-27 ,2.76518018377283
2015-08-28 ,-0.506598949419115
2015-08-31 ,-0.976942112473131
2015-09-01 ,-3.00906655702798
2015-09-02 ,3.44430198788219
2015-09-03 ,0.192610800218618
2015-09-04 ,-1.67817935444031
2015-09-08 ,3.17653502464252
2015-09-09 ,-1.78024434286302
2015-09-10 ,0.744557004083668
2015-09-11 ,1.3415532393847
2015-09-14 ,-0.335427446568375
2015-09-15 ,0.648155973412371
2015-09-16 ,1.89368345028087
2015-09-17 ,0.494581683010295
2015-09-18 ,-2.53869009736848
2015-09-21 ,0.751769765518225
2015-09-22 ,-2.81596610781544
2015-09-23 ,0.34670405941701
2015-09-24 ,-0.266857897549753
2015-09-25 ,1.32006461165014
2015-09-28 ,-4.95372524294027
2015-09-29 ,-0.54041072747845
2015-09-30 ,2.90926740555629
2015-10-01 ,0.405550211612818
2015-10-02 ,0.545806884721861
2015-10-05 ,2.05625746375708
2015-10-06 ,-2.87166023639719
2015-10-07 ,1.32496573109812
2015-10-08 ,2.15189592915039
2015-10-09 ,1.63161540494234
2015-10-12 ,1.9848073366457
2015-10-13 ,-1.77355484525166
2015-10-14 ,-1.19427583542273
2015-10-15 ,1.95966989272237
2015-10-16 ,0.517799467989725
2015-10-19 ,1.10398427637253
2015-10-20 ,-0.110545038064216
2015-10-21 ,-0.451901659855271
2015-10-22 ,3.52675613907804
2015-10-23 ,-0.330986608941079
2015-10-26 ,1.00995735956597
2015-10-27 ,-1.02758202171412
2015-10-28 ,1.06718754711419
2015-10-29 ,-0.00926546098444683
2015-10-30 ,0.803370100077332
2015-11-02 ,0.835990944139644
2015-11-03 ,0.71920725697893
2015-11-04 ,-0.673329797200268
2015-11-05 ,-0.0637065943087047
2015-11-06 ,-0.506915763912025
2015-11-09 ,-0.91095392436697
2015-11-10 ,0.080303248679475
2015-11-11 ,-0.361745724336134
2015-11-12 ,-1.21568639225946
2015-11-13 ,-1.06627122663495
2015-11-16 ,0.469726223608177
2015-11-17 ,-0.444068506435136
2015-11-18 ,0.976492207358031
2015-11-19 ,0.0113070896192616
2015-11-20 ,0.262769855295437
2015-11-23 ,0.050219489564369
2015-11-24 ,-0.927147599180026
2015-11-25 ,-0.251609043550333
2015-11-27 ,0.208547376256404
2015-11-30 ,-0.475794733388566
2015-12-01 ,1.35776587503969
2015-12-02 ,-0.755773757267332
2015-12-03 ,-2.2596707371057
2015-12-04 ,0.866856608471184
2015-12-07 ,-1.96551201114077
2015-12-08 ,0.112719974343443
2015-12-09 ,0.229861003081725
2015-12-10 ,-0.363729881065949
2015-12-11 ,-2.02986918702884
2015-12-14 ,-0.601192179364269
2015-12-15 ,1.33957671511655
2015-12-16 ,1.23486583311619
2015-12-17 ,-1.6783922578369
2015-12-18 ,-0.586212057350517
2015-12-21 ,1.22387766050916
2015-12-22 ,1.41666308170867
2015-12-23 ,1.44056303722323
2015-12-24 ,-0.446326426107291
2015-12-28 ,-0.0812874617316065
2015-12-29 ,0.785721498616239
2015-12-30 ,-0.990467948332077
2015-12-31 ,0.0567444335128227
2016-01-04 ,-0.834156527456031
2016-01-05 ,0.495647984000968
2016-01-06 ,-1.37432642719182
2016-01-07 ,-2.81555098675086
2016-01-08 ,-2.13458546755621
2016-01-11 ,0.133501836031897
2016-01-12 ,0.757943219658952
2016-01-13 ,-3.46532836258613
2016-01-14 ,0.916962511831468
2016-01-15 ,-0.535680925441434
2016-01-19 ,0.143579058710027
2016-01-20 ,-1.03931563889036
2016-01-21 ,0.508898210713379
2016-01-22 ,1.73490857158365
2016-01-25 ,-0.749377100726461
2016-01-26 ,1.31676100881029
2016-01-27 ,-0.759644480933414
2016-01-28 ,-0.336538031465818
2016-01-29 ,2.97288651678248
2016-02-01 ,0.394458632554616
2016-02-02 ,-1.54150404861403
2016-02-03 ,0.542682245579036
2016-02-04 ,0.297371273550377
2016-02-05 ,-1.56293469584
2016-02-08 ,0.00766115936991064
2016-02-09 ,-0.254897459104347
2016-02-10 ,0.456006035496155
2016-02-11 ,-0.0745828938131193
2016-02-12 ,1.2230844476318
2016-02-16 ,1.09096658710634
2016-02-17 ,1.44135459908324
2016-02-18 ,0.028561931683415
2016-02-19 ,0.185100007747129
2016-02-22 ,2.12723109022834
2016-02-23 ,-0.396906327083008
2016-02-24 ,0.607112625894253
2016-02-25 ,0.972627073009914
2016-02-26 ,-0.163460887063133
2016-02-29 ,-0.277248822753639
2016-03-01 ,1.25664611841311
2016-03-02 ,2.84760459598879
2016-03-03 ,1.09549705544412
2016-03-04 ,0.546191732632652
2016-03-07 ,0.737791310600867
2016-03-08 ,-3.3734909346935
2016-03-09 ,1.64748102758341
2016-03-10 ,2.39490255187249
2016-03-11 ,1.21584703146797
2016-03-14 ,0.544685836692861
2016-03-15 ,-1.59490676766417
2016-03-16 ,3.03864235042625
2016-03-17 ,1.07383360604573
2016-03-18 ,1.45374338797704
2016-03-21 ,-0.355420192502029
2016-03-22 ,0.332569086094261
2016-03-23 ,-2.84253758409758
2016-03-24 ,0.935398204670584
2016-03-28 ,-0.0703076543366318
2016-03-29 ,1.55818955155308
2016-03-30 ,0.690628581871565
2016-03-31 ,-0.324629266299322
2016-04-01 ,-0.012550208605353
2016-04-04 ,-2.85769004083758
2016-04-05 ,0.234773478539834
2016-04-06 ,2.47447385274769
2016-04-07 ,-2.02996225257967
2016-04-08 ,3.37747675893814
2016-04-11 ,2.40322580012776
2016-04-12 ,4.76029057073905
2016-04-13 ,2.29003579194718
2016-04-14 ,-1.10912272811135
2016-04-15 ,0.500748844427672
2016-04-18 ,1.07403497158633
2016-04-19 ,4.55560739803911
2016-04-20 ,1.52004996917986
2016-04-21 ,-2.44817681229071
2016-04-22 ,0.606923285676171
2016-04-25 ,-3.42202874485214
2016-04-26 ,2.11552805219412
2016-04-27 ,3.43760073401597
2016-04-28 ,-1.18651597031108
2016-04-29 ,1.71856337855494
2016-05-02 ,-0.191413258416668
2016-05-03 ,-6.05110210326419
2016-05-04 ,-2.10531810170185
2016-05-05 ,1.35275054982816
2016-05-06 ,0.463951248980996
2016-05-09 ,-5.50723898057835
2016-05-10 ,4.16551647020972
2016-05-11 ,1.96760923139519
2016-05-12 ,-2.65430504010384
2016-05-13 ,-3.00048625179545
2016-05-16 ,0.710613157432213
2016-05-17 ,1.81902562935147
2016-05-18 ,-4.41239044163622
2016-05-19 ,1.27867535317143
2016-05-20 ,0.837382419976617
2016-05-23 ,0.770734951851848
2016-05-24 ,-1.08016908101903
2016-05-25 ,3.33104510020374
2016-05-26 ,-0.394299752830553
2016-05-27 ,-1.71656895511321
2016-05-31 ,0.783143665401342
2016-06-01 ,0.208306762874075
2016-06-02 ,0.314064308328009
2016-06-03 ,-1.66109454613843
2016-06-06 ,1.32733420135773
2016-06-07 ,2.23400176502231
2016-06-08 ,-1.13783741059823
2016-06-09 ,0.821322679807239
2016-06-10 ,-3.07258909288435
2016-06-13 ,-0.39561957867252
2016-06-14 ,-0.0785516747463072
2016-06-15 ,-0.0840695468415399
2016-06-16 ,-0.617742888491136
2016-06-17 ,1.13142065593662
2016-06-20 ,1.1316754352913
2016-06-21 ,1.19481687065558
2016-06-22 ,-1.11302636548531
2016-06-23 ,2.83064584275939
2016-06-24 ,-6.76815538236355
2016-06-27 ,-5.19633996343097
2016-06-28 ,4.23704184340521
2016-06-29 ,2.28268789471065
2016-06-30 ,2.3150864477697
2016-07-01 ,1.02106292705421
2016-07-05 ,-2.88737954333392
2016-07-06 ,1.30682544680843
2016-07-07 ,-1.01247680939829
2016-07-08 ,2.02985330536385
2016-07-11 ,0.329490335854664
2016-07-12 ,1.0622271299995
2016-07-13 ,-0.172703105975795
2016-07-14 ,0.434129932632046
2016-07-15 ,0.0955174796354478
2016-07-18 ,0.53538529983749
2016-07-19 ,-1.14977728271612
2016-07-20 ,-1.63111684509247
2016-07-21 ,-0.52578567437888
2016-07-22 ,0.71203176349034
2016-07-25 ,-1.69096051590406
2016-07-26 ,1.5000250863658
2016-07-27 ,1.21200802519376
2016-07-28 ,0.816700052852931
2016-07-29 ,1.98802256757806
2016-08-01 ,-1.74580183399207
2016-08-02 ,-1.79634802266847
2016-08-03 ,1.66240463452535
2016-08-04 ,0.682079118969125
2016-08-05 ,0.944585426986394
2016-08-08 ,0.217838256406555
2016-08-09 ,-0.41908724566088
2016-08-10 ,-0.76735891476415
2016-08-11 ,1.52487270274648
2016-08-12 ,-0.170070418775172
2016-08-15 ,1.7220239593417
2016-08-16 ,-0.420781758403412
2016-08-17 ,-0.519416625417322
2016-08-18 ,0.949683749294034
2016-08-19 ,-0.617987015631049
2016-08-22 ,-0.448896863908031
2016-08-23 ,0.568283636241451
2016-08-24 ,-2.42095479877737
2016-08-25 ,0.117469642621821
2016-08-26 ,-0.0888378395258628
2016-08-29 ,0.60524528134694
2016-08-30 ,-0.998064335602586
2016-08-31 ,-0.860169290663355
2016-09-01 ,1.72766072569794
2016-09-02 ,0.563922735365643
2016-09-06 ,1.3042824630901
2016-09-07 ,0.251268781337051
2016-09-08 ,1.25867613852278
2016-09-09 ,-4.99604541122688
2016-09-12 ,1.57374445304213
2016-09-13 ,-3.99086108461111
2016-09-14 ,-0.797204871976277
2016-09-15 ,2.24189252592794
2016-09-16 ,-0.0582529743137514
2016-09-19 ,0.195309783625598
2016-09-20 ,-0.240169217934437
2016-09-21 ,2.98696237581059
2016-09-22 ,0.316610825555437
2016-09-23 ,-1.97544907179296
2016-09-26 ,-0.778319943084935
2016-09-27 ,0.437372343151436
2016-09-28 ,3.55108420998646
2016-09-29 ,0.306382853137661
2016-09-30 ,1.72564469807856
2016-10-03 ,0.672675821323069
2016-10-04 ,-1.38215594206276
2016-10-05 ,1.65970285478072
2016-10-06 ,-0.279162807856824
2016-10-07 ,-0.87185425459114
2016-10-10 ,1.43231784773519
2016-10-11 ,-1.95323787322508
2016-10-12 ,-0.0112968338580609
2016-10-13 ,-0.973511070846366
2016-10-14 ,-0.819779361849836
2016-10-17 ,-0.815370590024524
2016-10-18 ,1.1556535164987
2016-10-19 ,1.94743416462644
2016-10-20 ,-0.214225384283133
2016-10-21 ,-0.831883260392561
2016-10-24 ,1.02169836159199
2016-10-25 ,-0.619713018489476
2016-10-26 ,-0.125894655341996
2016-10-27 ,-0.284620092446694
2016-10-28 ,-0.56203250288731
2016-10-31 ,-0.381751928907594
2016-11-01 ,-0.481732438709256
2016-11-02 ,0.707314661552112
2016-11-03 ,0.493762932141741
2016-11-04 ,-0.385736810338617
2016-11-07 ,4.13179412926325
2016-11-08 ,0.380276728448731
2016-11-09 ,3.71788513307216
2016-11-10 ,0.079182448538604
2016-11-11 ,4.87830421389062
2016-11-14 ,0.2151806721209
2016-11-15 ,1.84896246791955
2016-11-16 ,0.892850032293449
2016-11-17 ,1.32807004526762
2016-11-18 ,0.110877772288694
2016-11-21 ,0.945468606716788
2016-11-22 ,2.63287911005262
2016-11-23 ,0.197491269537392
2016-11-25 ,0.65361724483286
2016-11-28 ,-1.71782905030002
2016-11-29 ,-0.96339909611299
2016-11-30 ,0.965264206555038
2016-12-01 ,-1.66973403128383
2016-12-02 ,0.797836171337105
2016-12-05 ,1.11329468262379
2016-12-06 ,0.419928753796887
2016-12-07 ,1.11438724044793
2016-12-08 ,0.310896052934168
2016-12-09 ,-0.228845658423229
2016-12-12 ,-1.87942968235865
2016-12-13 ,0.926171956405151
2016-12-14 ,-1.19729297650903
2016-12-15 ,1.17546029558082
2016-12-16 ,0.157991440607065
2016-12-19 ,0.550719995799617
2016-12-20 ,1.33608619538227
2016-12-21 ,0.478213838994028
2016-12-22 ,0.0445060023350727
2016-12-23 ,0.43741598996324
2016-12-27 ,1.89174247024986
2016-12-28 ,-2.68700291080619
2016-12-29 ,-0.395461028357923
2016-12-30 ,-1.3992119412862
2017-01-03 ,0.453781585010605
2017-01-04 ,1.03968544572685
2017-01-05 ,0.390574425152184
2017-01-06 ,0.334658807702001
2017-01-09 ,0.150907442885219
2017-01-10 ,-1.68362012330245
2017-01-11 ,0.436672321813853
2017-01-12 ,-0.025715126697285
2017-01-13 ,-0.201605276356465
2017-01-17 ,-0.286885870194541
2017-01-18 ,-0.17253477424461
2017-01-19 ,0.714250584705202
2017-01-20 ,0.0732342058739446
2017-01-23 ,0.826285152844209
2017-01-24 ,1.43224360055664
2017-01-25 ,0.612285768539657
2017-01-26 ,0.253561753504561
2017-01-27 ,-0.108503929257475
2017-01-30 ,-1.22514722510682
2017-01-31 ,0.354228784407766
2017-02-01 ,0.37782982897885
2017-02-02 ,-0.271300614607297
2017-02-03 ,0.715007626787178
2017-02-06 ,-0.187099935068605
2017-02-07 ,-0.15517993479386
2017-02-08 ,0.219818409090961
2017-02-09 ,0.629068726865652
2017-02-10 ,0.726512895180865
2017-02-13 ,0.449558992311575
2017-02-14 ,-0.0913811806482038
2017-02-15 ,-0.0962370183726514
2017-02-16 ,-0.967652490575587
2017-02-17 ,0.418595920201334
2017-02-21 ,0.479175784940689
2017-02-22 ,-0.470565189120596
2017-02-23 ,-0.747539116065149
2017-02-24 ,0.152716849790193
2017-02-27 ,0.423293074316778
2017-02-28 ,-0.269427774669361
2017-03-01 ,2.00994440620775
2017-03-02 ,-0.514594358071156
2017-03-03 ,-0.0892499977996568
2017-03-06 ,-0.0605352026701908
2017-03-07 ,-0.253780639681777
2017-03-08 ,0.143730336623221
2017-03-09 ,-0.12000918076908
2017-03-10 ,0.433661919146138
2017-03-13 ,-0.0699234437468429
2017-03-14 ,-0.64208610063573
2017-03-15 ,0.582277170643655
2017-03-16 ,0.0195134528018468
2017-03-17 ,-0.491068103714188
2017-03-20 ,-0.0837005873518472
2017-03-21 ,-0.996995600483241
2017-03-22 ,-0.383708529608103
2017-03-23 ,0.129398933340824
2017-03-24 ,0.157391418732216
2017-03-27 ,-0.279086992382796
2017-03-28 ,0.311004194377323
2017-03-29 ,-0.347016199853915
2017-03-30 ,-0.130511958934535
2017-03-31 ,-0.0610154616909937
2017-04-03 ,-0.0813316489086932
2017-04-04 ,0.204378520262431
2017-04-05 ,-0.299500376708077
2017-04-06 ,0.690482321239679
2017-04-07 ,0.0643905043391499
2017-04-10 ,-0.143984987989943
2017-04-11 ,-0.257241441759912
2017-04-12 ,-0.521746133352341
2017-04-13 ,-0.84298710511463
2017-04-17 ,0.890901484868966
2017-04-18 ,0.0305172877883104
2017-04-19 ,0.0112348325220041
2017-04-20 ,0.840945591866367
2017-04-21 ,-0.115704854654716
2017-04-24 ,1.07012714159619
2017-04-25 ,0.663839580553952
2017-04-26 ,0.402537930656051
2017-04-27 ,0.274211962733647
2017-04-28 ,-0.597562581113181
2017-05-01 ,0.630781450405539
2017-05-02 ,0.810730842853179
2017-05-03 ,0.267999105041875
2017-05-04 ,0.589894181509528
2017-05-05 ,0.714837669455809
2017-05-08 ,-0.46335406889942
2017-05-09 ,1.40238830441551
2017-05-10 ,0.973548289324488
2017-05-11 ,-0.502639233206318
2017-05-12 ,-0.648338874262468
2017-05-15 ,0.5517449576397
2017-05-16 ,-0.201866878927584
2017-05-17 ,-2.78207745469875
2017-05-18 ,0.165919335935828
2017-05-19 ,0.409142155960352
2017-05-22 ,1.43675935104343
2017-05-23 ,0.537330374040935
2017-05-24 ,1.42022868198221
2017-05-25 ,1.39863572487443
2017-05-26 ,0.519130582768005
2017-05-30 ,0.198881655765612
2017-05-31 ,0.315950083894391
2017-06-01 ,1.0028890367434
2017-06-02 ,0.619946103011091
2017-06-05 ,0.0128938494863572
2017-06-06 ,-0.395018760802099
2017-06-07 ,0.604390024922177
2017-06-08 ,1.01351442728116
2017-06-09 ,-3.04931328320675
2017-06-12 ,-1.19409915970176
2017-06-13 ,1.07532035967509
2017-06-14 ,-0.277509096548145
2017-06-15 ,-0.325601700909618
2017-06-16 ,-0.14060919494286
2017-06-19 ,2.18348223347857
2017-06-20 ,-1.30092988104585
2017-06-21 ,0.714167078359518
2017-06-22 ,0.434374084387276
2017-06-23 ,-0.219469059650042
2017-06-26 ,-0.086523283708253
2017-06-27 ,-1.39506976027384
2017-06-28 ,1.99517075435923
2017-06-29 ,-1.47344622092521
2017-06-30 ,0.582215255817309
2017-07-03 ,-1.03932245082291
2017-07-05 ,0.352052052713559
2017-07-06 ,-0.686182959832486
2017-07-07 ,0.859270054464444
2017-07-10 ,0.452018759390834
2017-07-11 ,-0.725632039453795
2017-07-12 ,0.895591938777538
2017-07-13 ,0.304595344215002
2017-07-14 ,-0.318107005358308
2017-07-17 ,-0.376460063699464
2017-07-18 ,-0.462160426314756
2017-07-19 ,0.0947436382888552
2017-07-20 ,-0.218728038645846
2017-07-21 ,-0.181463347725754
2017-07-24 ,0.0437177537354549
2017-07-25 ,0.602075994175875
2017-07-26 ,-0.992401328351994
2017-07-27 ,-0.826114078929815
2017-07-28 ,0.199127793418559
2017-07-31 ,-0.0306025543311093
2017-08-01 ,0.722249166019343
2017-08-02 ,-0.880748004691697
2017-08-03 ,-0.432029636199988
2017-08-04 ,-0.965457568882587
2017-08-07 ,0.289370055770413
2017-08-08 ,-0.523791679708982
2017-08-09 ,-0.103243550798345
2017-08-10 ,-2.16649178424408
2017-08-11 ,0.278138695442191
2017-08-14 ,1.24598088875992
2017-08-15 ,0.168628551029132
2017-08-16 ,0.0777985731938203
2017-08-17 ,-1.54282635273962
2017-08-18 ,0.557846720497106
2017-08-21 ,0.00697032523247761
2017-08-22 ,1.25949162965366
2017-08-23 ,0.185876907862304
2017-08-24 ,0.328563867764928
2017-08-25 ,0.0502915928215824
2017-08-28 ,0.202438757977587
2017-08-29 ,0.114404070090059
2017-08-30 ,0.520399367345995
2017-08-31 ,0.89092697136688
2017-09-01 ,0.189557195240876
2017-09-05 ,0.0322911287607117
2017-09-06 ,0.480991433689657
2017-09-07 ,-0.0865857720503756
2017-09-08 ,-0.74741138376105
2017-09-11 ,1.57276246914847
2017-09-12 ,0.507742511429048
2017-09-13 ,0.290950073915745
2017-09-14 ,-0.224667681202456
2017-09-15 ,0.755330841769997
2017-09-18 ,1.15167115764361
2017-09-19 ,1.02034826892441
2017-09-20 ,0.207379163851793
2017-09-21 ,-0.779092370398952
2017-09-22 ,0.175497926357276
2017-09-25 ,-0.551601308935632
2017-09-26 ,0.560352762773337
2017-09-27 ,0.789632803079625
2017-09-28 ,0.575374130632248
2017-09-29 ,0.449872032940161