Date,Return,,,
2007-01-03 ,-0.325890666083882,,,
2007-01-04 ,-1.3397458828406,,,
2007-01-05 ,-0.424333317500089,,,
2007-01-08 ,0.484883526123135,,,
2007-01-09 ,0.0754115952128866,,,
2007-01-10 ,-0.498833268166537,,,
2007-01-11 ,0.660974261569654,,,
2007-01-12 ,-0.334717801962689,,,
2007-01-16 ,0.645963404282665,,,
2007-01-17 ,-0.44945274495636,,,
2007-01-18 ,0.467476149742066,,,
2007-01-19 ,-1.47760184166245,,,
2007-01-22 ,0.729031113253734,,,
2007-01-23 ,-0.131686330160051,,,
2007-01-24 ,0.908479695930088,,,
2007-01-25 ,0.730497342008568,,,
2007-01-26 ,-0.895297155750221,,,
2007-01-29 ,0.128328363324571,,,
2007-01-30 ,0.0418308272813395,,,
2007-01-31 ,0.394946067611484,,,
2007-02-01 ,-0.134546233172446,,,
2007-02-02 ,-0.275296534447346,,,
2007-02-05 ,-0.38624003362651,,,
2007-02-06 ,0.226226890887787,,,
2007-02-07 ,-0.485982438378385,,,
2007-02-08 ,-0.317766101546131,,,
2007-02-09 ,0.0885069131920798,,,
2007-02-12 ,-0.100707232179012,,,
2007-02-13 ,0.0442415273713048,,,
2007-02-14 ,-0.23390766924399,,,
2007-02-15 ,-0.297997965682492,,,
2007-02-16 ,0.138715737040197,,,
2007-02-20 ,-0.0499914295140597,,,
2007-02-21 ,0.0205663894871184,,,
2007-02-22 ,-0.382602719138281,,,
2007-02-23 ,-0.225767877923069,,,
2007-02-26 ,-0.384752594194113,,,
2007-02-27 ,-0.162997115371155,,,
2007-02-28 ,-0.0517334770715676,,,
2007-03-01 ,-0.106036644782003,,,
2007-03-02 ,-0.0504651916628523,,,
2007-03-05 ,-0.430869854150798,,,
2007-03-06 ,-0.522822575968107,,,
2007-03-07 ,0.788622408720382,,,
2007-03-08 ,0.185032155767762,,,
2007-03-09 ,0.722782418541026,,,
2007-03-12 ,-0.258984902386629,,,
2007-03-13 ,0.0263679964939936,,,
2007-03-14 ,-0.218919984879221,,,
2007-03-15 ,0.153643370887486,,,
2007-03-16 ,0.350792418635535,,,
2007-03-19 ,-0.153762785121598,,,
2007-03-20 ,0.217585135269268,,,
2007-03-21 ,0.265723090259778,,,
2007-03-22 ,0.320001382613916,,,
2007-03-23 ,-0.0504580081432474,,,
2007-03-26 ,-0.200656494455473,,,
2007-03-27 ,-0.280530070125444,,,
2007-03-28 ,-0.133246198690337,,,
2007-03-29 ,-0.350276753644613,,,
2007-03-30 ,0.0360042991537137,,,
2007-04-02 ,0.297442942232285,,,
2007-04-03 ,0.611705467910031,,,
2007-04-04 ,1.20106326238613,,,
2007-04-05 ,0.0965317852413172,,,
2007-04-09 ,-0.0705802813120908,,,
2007-04-10 ,0.222220549927836,,,
2007-04-11 ,-0.0336767116091157,,,
2007-04-12 ,-0.10844273222688,,,
2007-04-13 ,-0.206832779394118,,,
2007-04-16 ,-0.350552871068213,,,
2007-04-17 ,-0.296319566151292,,,
2007-04-18 ,-0.26424938630145,,,
2007-04-19 ,-0.152498137853254,,,
2007-04-20 ,0.0100690517818664,,,
2007-04-23 ,-0.0218244102374602,,,
2007-04-24 ,0.185018731335375,,,
2007-04-25 ,0.59171863324362,,,
2007-04-26 ,0.477210834921372,,,
2007-04-27 ,0.318087447273313,,,
2007-04-30 ,-0.268306605667536,,,
2007-05-01 ,-0.0569368718375634,,,
2007-05-02 ,-0.437096159894158,,,
2007-05-03 ,0.0117407244050569,,,
2007-05-04 ,0.27592169602071,,,
2007-05-07 ,0.372953191453914,,,
2007-05-08 ,0.35487345699331,,,
2007-05-09 ,0.0479091109489366,,,
2007-05-10 ,0.0288909941790143,,,
2007-05-11 ,-0.355597970636715,,,
2007-05-14 ,0.348951272160368,,,
2007-05-15 ,0.275065389230009,,,
2007-05-16 ,0.966396508375378,,,
2007-05-17 ,0.548826409632178,,,
2007-05-18 ,0.450152357451114,,,
2007-05-21 ,-0.243235045689897,,,
2007-05-22 ,0.0446901568671014,,,
2007-05-23 ,-0.619872832098182,,,
2007-05-24 ,0.272945940329115,,,
2007-05-25 ,-0.555766290238745,,,
2007-05-29 ,1.00664258869799,,,
2007-05-30 ,-0.595074194944292,,,
2007-05-31 ,0.612790143378815,,,
2007-06-01 ,-0.905482328710805,,,
2007-06-04 ,0.167838863665703,,,
2007-06-05 ,0.240122462907861,,,
2007-06-06 ,0.190909575480344,,,
2007-06-07 ,-0.254711709227788,,,
2007-06-08 ,-0.148012812816826,,,
2007-06-11 ,0.100241281892905,,,
2007-06-12 ,0.656490041645461,,,
2007-06-13 ,0.0761382115777433,,,
2007-06-14 ,0.501606849772847,,,
2007-06-15 ,0.662862610135266,,,
2007-06-18 ,0.68229375132087,,,
2007-06-19 ,0.15604447613674,,,
2007-06-20 ,-0.137405388522561,,,
2007-06-21 ,-0.380729385325541,,,
2007-06-22 ,0.694705469070722,,,
2007-06-25 ,-0.454287218634219,,,
2007-06-26 ,-0.0185917742829222,,,
2007-06-27 ,-0.0966808236541297,,,
2007-06-28 ,-0.120854641394879,,,
2007-06-29 ,0.0894974223976857,,,
2007-07-02 ,-0.75796108590304,,,
2007-07-03 ,0.744433462121891,,,
2007-07-05 ,0.0569242202667419,,,
2007-07-06 ,0.584148748999297,,,
2007-07-09 ,0.324252352708213,,,
2007-07-10 ,0.240186043384843,,,
2007-07-11 ,-0.0782637550584304,,,
2007-07-12 ,0.316195973925749,,,
2007-07-13 ,0.249959481239596,,,
2007-07-16 ,0.671655797825034,,,
2007-07-17 ,-0.23209709032751,,,
2007-07-18 ,-0.47831905235329,,,
2007-07-19 ,-0.0936363010764006,,,
2007-07-20 ,0.343715754554516,,,
2007-07-23 ,0.125078989758688,,,
2007-07-24 ,0.332502320080093,,,
2007-07-25 ,-0.660606216113079,,,
2007-07-26 ,0.498741901067749,,,
2007-07-27 ,-0.472373911385607,,,
2007-07-30 ,-0.231122588291735,,,
2007-07-31 ,0.339338377827366,,,
2007-08-01 ,0.383690434494728,,,
2007-08-02 ,-1.30883828326122,,,
2007-08-03 ,0.148201370895439,,,
2007-08-06 ,0.881722311153126,,,
2007-08-07 ,-1.95256898818766,,,
2007-08-08 ,0.0785703960931041,,,
2007-08-09 ,-0.274999055846531,,,
2007-08-10 ,-0.737724345079262,,,
2007-08-13 ,0.372408334064966,,,
2007-08-14 ,0.970480063513569,,,
2007-08-15 ,0.428447273550593,,,
2007-08-16 ,-1.52648301410463,,,
2007-08-17 ,-3.07656652158925,,,
2007-08-20 ,-0.0891743558478436,,,
2007-08-21 ,1.31475599062471,,,
2007-08-22 ,-0.164344950063044,,,
2007-08-23 ,1.2727462084856,,,
2007-08-24 ,0.39539378404809,,,
2007-08-27 ,0.970664160517292,,,
2007-08-28 ,0.919174948634357,,,
2007-08-29 ,-0.37185342602574,,,
2007-08-30 ,0.62454083299207,,,
2007-08-31 ,0.169898608870831,,,
2007-09-04 ,0.107060959544811,,,
2007-09-05 ,0.545793973780438,,,
2007-09-06 ,0.455643716451554,,,
2007-09-07 ,0.799228191564828,,,
2007-09-10 ,-0.079332430964736,,,
2007-09-11 ,0.642827649753964,,,
2007-09-12 ,0.364362132931474,,,
2007-09-13 ,0.193781577002077,,,
2007-09-14 ,-0.44488498270262,,,
2007-09-17 ,-0.486704897060439,,,
2007-09-18 ,0.45058446793217,,,
2007-09-19 ,-0.111800513109177,,,
2007-09-20 ,-0.309587583231072,,,
2007-09-21 ,1.2265856029556,,,
2007-09-24 ,0.655230225309258,,,
2007-09-25 ,1.11350350837628,,,
2007-09-26 ,1.16784893668755,,,
2007-09-27 ,0.222388789570471,,,
2007-09-28 ,-0.0944930279398478,,,
2007-10-01 ,-0.180848495780411,,,
2007-10-02 ,-0.129441450842932,,,
2007-10-03 ,-0.268755615065623,,,
2007-10-04 ,-0.549963281379806,,,
2007-10-05 ,-0.200684714168573,,,
2007-10-08 ,0.0342896687238991,,,
2007-10-09 ,0.207714865182463,,,
2007-10-10 ,-0.12843260841305,,,
2007-10-11 ,0.0116267628395399,,,
2007-10-12 ,-0.242901192966124,,,
2007-10-15 ,0.264999095469211,,,
2007-10-16 ,0.395466447362465,,,
2007-10-17 ,-0.381775138107592,,,
2007-10-18 ,0.558136948128688,,,
2007-10-19 ,-0.688360766407628,,,
2007-10-22 ,-0.0299738135219381,,,
2007-10-23 ,0.229236054248102,,,
2007-10-24 ,-0.469497472246155,,,
2007-10-25 ,-0.726028249581975,,,
2007-10-26 ,-0.817293407870112,,,
2007-10-29 ,-0.0762079193321495,,,
2007-10-30 ,-0.623608844842943,,,
2007-10-31 ,0.241965475614995,,,
2007-11-01 ,-0.873866667067675,,,
2007-11-02 ,-1.66282060902758,,,
2007-11-05 ,0.735497533423519,,,
2007-11-06 ,-0.188065026701024,,,
2007-11-07 ,2.2379614702254,,,
2007-11-08 ,-0.603283171756433,,,
2007-11-09 ,0.712745248698039,,,
2007-11-12 ,-1.66026891167914,,,
2007-11-13 ,-5.48364718243797,,,
2007-11-14 ,1.21778332900476,,,
2007-11-15 ,1.49611808745431,,,
2007-11-16 ,-0.745279848424275,,,
2007-11-19 ,1.92498798973919,,,
2007-11-20 ,-0.56835809813983,,,
2007-11-21 ,1.28386381997295,,,
2007-11-23 ,-1.12865559160612,,,
2007-11-26 ,0.231396341371448,,,
2007-11-27 ,0.131526441960351,,,
2007-11-28 ,-0.0884403791712025,,,
2007-11-29 ,0.96280495894975,,,
2007-11-30 ,0.59083129140165,,,
2007-12-03 ,-0.624167945035001,,,
2007-12-04 ,0.722736303167536,,,
2007-12-05 ,0.0309938205827389,,,
2007-12-06 ,0.96931237447835,,,
2007-12-07 ,0.0342123200770852,,,
2007-12-10 ,0.281536464051325,,,
2007-12-11 ,-0.176978425289286,,,
2007-12-12 ,0.732554747006405,,,
2007-12-13 ,1.99441166406852,,,
2007-12-14 ,-0.243078998962756,,,
2007-12-17 ,0.59439758217504,,,
2007-12-18 ,-1.30093891640073,,,
2007-12-19 ,0.671250564685303,,,
2007-12-20 ,1.28975689034023,,,
2007-12-21 ,0.875533106531281,,,
2007-12-24 ,0.407537304863731,,,
2007-12-26 ,0.378651405417643,,,
2007-12-27 ,0.514823917398359,,,
2007-12-28 ,0.0217917473756205,,,
2007-12-31 ,0.365854445166943,,,
2008-01-02 ,-0.540627217347911,,,
2008-01-03 ,0.352470320170754,,,
2008-01-04 ,0.49743515340861,,,
2008-01-07 ,0.993908698489691,,,
2008-01-08 ,1.4003895177338,,,
2008-01-09 ,1.24494927624738,,,
2008-01-10 ,0.114330622534248,,,
2008-01-11 ,-0.93546810326063,,,
2008-01-14 ,0.236762901503163,,,
2008-01-15 ,-0.679618607072342,,,
2008-01-16 ,1.26649874404619,,,
2008-01-17 ,0.636768305139832,,,
2008-01-18 ,0.813281351550919,,,
2008-01-22 ,-1.29389495337592,,,
2008-01-23 ,-0.360610607493076,,,
2008-01-24 ,-1.42898682716787,,,
2008-01-25 ,-1.07267211223183,,,
2008-01-28 ,-0.48284451793388,,,
2008-01-29 ,-0.0355537270140987,,,
2008-01-30 ,-0.328203218670051,,,
2008-01-31 ,0.270309925970732,,,
2008-02-01 ,0.0330585371480126,,,
2008-02-04 ,-1.2998703214975,,,
2008-02-05 ,1.40357277803279,,,
2008-02-06 ,-1.0197551612157,,,
2008-02-07 ,-0.230800229273156,,,
2008-02-08 ,-0.511801692538674,,,
2008-02-11 ,3.09409557909927,,,
2008-02-12 ,1.51968393999485,,,
2008-02-13 ,-0.963999193911631,,,
2008-02-14 ,1.59292019086084,,,
2008-02-15 ,-0.116125611810994,,,
2008-02-19 ,-0.661327347810223,,,
2008-02-20 ,0.997086580110341,,,
2008-02-21 ,0.729968532009486,,,
2008-02-22 ,-0.173050406335357,,,
2008-02-25 ,-0.298335934735285,,,
2008-02-26 ,1.4368004646516,,,
2008-02-27 ,0.462750423820741,,,
2008-02-28 ,-0.281000720137226,,,
2008-02-29 ,2.13384944348849,,,
2008-03-03 ,-0.734243688201857,,,
2008-03-04 ,0.119260265768606,,,
2008-03-05 ,0.503116962544919,,,
2008-03-06 ,-0.904384408082649,,,
2008-03-07 ,-1.29866924611412,,,
2008-03-10 ,0.932817793437331,,,
2008-03-11 ,0.404113380677794,,,
2008-03-12 ,0.489609150329398,,,
2008-03-13 ,-0.991544114410413,,,
2008-03-14 ,0.276605624763928,,,
2008-03-17 ,-0.0835531936158828,,,
2008-03-18 ,1.39271361995178,,,
2008-03-19 ,0.348126924334629,,,
2008-03-20 ,1.2833212093553,,,
2008-03-24 ,1.85939912353398,,,
2008-03-25 ,-0.905898716421506,,,
2008-03-26 ,-0.989276492904251,,,
2008-03-27 ,-2.31831546635704,,,
2008-03-28 ,0.568508637867683,,,
2008-03-31 ,-0.910581250451194,,,
2008-04-01 ,0.281165293920505,,,
2008-04-02 ,-3.46070631694773,,,
2008-04-03 ,1.1034676977409,,,
2008-04-04 ,0.429160109132229,,,
2008-04-07 ,2.9908180757669,,,
2008-04-08 ,-0.356109349454392,,,
2008-04-09 ,1.86079360907881,,,
2008-04-10 ,1.73160334584523,,,
2008-04-11 ,0.778463904157885,,,
2008-04-14 ,-0.224256152117106,,,
2008-04-15 ,2.03697359562974,,,
2008-04-16 ,0.27153173931419,,,
2008-04-17 ,0.604729541724872,,,
2008-04-18 ,-1.10025696655794,,,
2008-04-21 ,-0.776051991227904,,,
2008-04-22 ,1.6141521049131,,,
2008-04-23 ,0.293830711392608,,,
2008-04-24 ,-0.31224034546314,,,
2008-04-25 ,-3.72040729331114,,,
2008-04-28 ,0.29353758349488,,,
2008-04-29 ,-0.468077816797177,,,
2008-04-30 ,-2.50303818489851,,,
2008-05-01 ,1.94816293844198,,,
2008-05-02 ,1.07725895463661,,,
2008-05-05 ,-1.28218740843237,,,
2008-05-06 ,-0.282583053112476,,,
2008-05-07 ,0.165570679228099,,,
2008-05-08 ,-0.375230524626392,,,
2008-05-09 ,0.532452661582874,,,
2008-05-12 ,0.360409360787737,,,
2008-05-13 ,0.665522787136423,,,
2008-05-14 ,0.226073414398225,,,
2008-05-15 ,0.363069277074306,,,
2008-05-16 ,-0.708020685644344,,,
2008-05-19 ,-1.48357814345806,,,
2008-05-20 ,0.0655467053764318,,,
2008-05-21 ,-1.03496737934438,,,
2008-05-22 ,-0.565223334657407,,,
2008-05-23 ,0.427555232729041,,,
2008-05-27 ,0.384090917919166,,,
2008-05-28 ,1.23889958201719,,,
2008-05-29 ,-0.920729901173535,,,
2008-05-30 ,0.567105319425126,,,
2008-06-02 ,-1.06964751592433,,,
2008-06-03 ,0.626930857847327,,,
2008-06-04 ,-0.961342954718275,,,
2008-06-05 ,-1.10522094727629,,,
2008-06-06 ,2.20515345216537,,,
2008-06-09 ,-0.835277031066585,,,
2008-06-10 ,2.66155120355592,,,
2008-06-11 ,-1.85289920192265,,,
2008-06-12 ,1.03617017660884,,,
2008-06-13 ,-0.533607294326193,,,
2008-06-16 ,0.642148986347791,,,
2008-06-17 ,0.461148922687876,,,
2008-06-18 ,1.31208815074008,,,
2008-06-19 ,0.712875549637075,,,
2008-06-20 ,-1.0941356951955,,,
2008-06-23 ,-0.847154052614988,,,
2008-06-24 ,1.70836520763393,,,
2008-06-25 ,-1.70137989640921,,,
2008-06-26 ,-0.0247190051582015,,,
2008-06-27 ,0.160361621400513,,,
2008-06-30 ,0.900067939630443,,,
2008-07-01 ,1.03559574532643,,,
2008-07-02 ,-0.0916523815549839,,,
2008-07-03 ,-1.05208016675293,,,
2008-07-07 ,-0.803823299166874,,,
2008-07-08 ,-0.645992237267326,,,
2008-07-09 ,-2.80941245863752,,,
2008-07-10 ,1.76979651349569,,,
2008-07-11 ,2.27589482599591,,,
2008-07-14 ,0.556975483610254,,,
2008-07-15 ,2.0651939652693,,,
2008-07-16 ,-0.314712205532007,,,
2008-07-17 ,-4.65278197755782,,,
2008-07-18 ,-4.39814299116996,,,
2008-07-21 ,-0.705486190947846,,,
2008-07-22 ,1.99969651818868,,,
2008-07-23 ,-4.80609632245164,,,
2008-07-24 ,-3.08464735522874,,,
2008-07-25 ,1.82950776272698,,,
2008-07-28 ,1.48281871007396,,,
2008-07-29 ,1.82004894205132,,,
2008-07-30 ,-3.68215287090463,,,
2008-07-31 ,1.3845724579777,,,
2008-08-01 ,-0.739386602193381,,,
2008-08-04 ,-1.33887004804498,,,
2008-08-05 ,-3.03714468214429,,,
2008-08-06 ,-4.04278056059408,,,
2008-08-07 ,1.11656420676045,,,
2008-08-08 ,1.69543518563791,,,
2008-08-11 ,-5.0665956196332,,,
2008-08-12 ,-2.78939520513254,,,
2008-08-13 ,3.60768386298131,,,
2008-08-14 ,4.70036043522706,,,
2008-08-15 ,-2.72448673028467,,,
2008-08-18 ,-2.90724522306707,,,
2008-08-19 ,2.03228084416343,,,
2008-08-20 ,4.32730622023727,,,
2008-08-21 ,2.17880144309968,,,
2008-08-22 ,1.71256410605997,,,
2008-08-25 ,-2.86810904610828,,,
2008-08-26 ,1.248874556767,,,
2008-08-27 ,0.273715424159089,,,
2008-08-28 ,-0.304349799586025,,,
2008-08-29 ,-3.17589887118041,,,
2008-09-02 ,-0.318235780940985,,,
2008-09-03 ,3.83615136320488,,,
2008-09-04 ,1.45862593557236,,,
2008-09-05 ,-0.270334270568369,,,
2008-09-08 ,0.560095344426986,,,
2008-09-09 ,3.60428847177665,,,
2008-09-10 ,1.4372669310081,,,
2008-09-11 ,-1.55063660102391,,,
2008-09-12 ,0.530351433382778,,,
2008-09-15 ,-2.07511612498349,,,
2008-09-16 ,1.91050533531823,,,
2008-09-17 ,0.247453063199851,,,
2008-09-18 ,-1.46523777487697,,,
2008-09-19 ,0.291016467493819,,,
2008-09-22 ,-1.73192794562254,,,
2008-09-23 ,-1.95944179014926,,,
2008-09-24 ,1.37949417108927,,,
2008-09-25 ,0.211375241411493,,,
2008-09-26 ,-0.282368851642671,,,
2008-09-29 ,2.38110276950522,,,
2008-09-30 ,1.16430090284845,,,
2008-10-01 ,-0.0731300821142576,,,
2008-10-02 ,1.32312483034148,,,
2008-10-03 ,3.5102749266402,,,
2008-10-06 ,-1.30231841060594,,,
2008-10-07 ,0.757390212073518,,,
2008-10-08 ,-0.0886073701785007,,,
2008-10-09 ,-1.96854652034728,,,
2008-10-10 ,-0.993028758986544,,,
2008-10-13 ,1.9063314415739,,,
2008-10-14 ,-3.76006056563473,,,
2008-10-15 ,0.0854406989359891,,,
2008-10-16 ,3.61252662838969,,,
2008-10-17 ,0.682924901320934,,,
2008-10-20 ,0.171541868452885,,,
2008-10-21 ,-1.82012867951981,,,
2008-10-22 ,2.13870091299937,,,
2008-10-23 ,2.14443717148662,,,
2008-10-24 ,-1.19092565576871,,,
2008-10-27 ,-0.185386794880442,,,
2008-10-28 ,0.483450789479803,,,
2008-10-29 ,-0.0493705510081307,,,
2008-10-30 ,-1.68032398513214,,,
2008-10-31 ,-1.42381758749019,,,
2008-11-03 ,1.81144882088195,,,
2008-11-04 ,-1.62928565974192,,,
2008-11-05 ,-4.67462216463778,,,
2008-11-06 ,2.50884857565163,,,
2008-11-07 ,5.0126653720408,,,
2008-11-10 ,-0.957911484483988,,,
2008-11-11 ,-1.58385335633676,,,
2008-11-12 ,3.88621791086476,,,
2008-11-13 ,3.81692931582239,,,
2008-11-14 ,-2.45130136344943,,,
2008-11-17 ,0.698720521219402,,,
2008-11-18 ,-0.0116662653636934,,,
2008-11-19 ,0.487166344872075,,,
2008-11-20 ,1.00246418863172,,,
2008-11-21 ,3.5471421637064,,,
2008-11-24 ,-1.13689065648698,,,
2008-11-25 ,-2.84823500332144,,,
2008-11-26 ,-0.813076124407587,,,
2008-11-28 ,-2.58645816341999,,,
2008-12-01 ,-0.0174300382605983,,,
2008-12-02 ,3.8518613050083,,,
2008-12-03 ,-1.31472209441066,,,
2008-12-04 ,1.30875492096331,,,
2008-12-05 ,0.720078074645065,,,
2008-12-08 ,-1.28423130938022,,,
2008-12-09 ,-4.41834640758989,,,
2008-12-10 ,-1.60121861592951,,,
2008-12-11 ,-2.78392958395001,,,
2008-12-12 ,1.69698646220996,,,
2008-12-15 ,-0.897545343762248,,,
2008-12-16 ,0.993855799583647,,,
2008-12-17 ,-3.69209069339338,,,
2008-12-18 ,-1.95695147974166,,,
2008-12-19 ,3.84032086845711,,,
2008-12-22 ,-1.18841244352293,,,
2008-12-23 ,4.25912849111398,,,
2008-12-24 ,0.305041073953721,,,
2008-12-26 ,-0.139178228231963,,,
2008-12-29 ,-0.947964952091164,,,
2008-12-30 ,-0.228045119124456,,,
2008-12-31 ,-1.10770921594799,,,
2009-01-02 ,-1.53863807626154,,,
2009-01-05 ,-1.37475364987438,,,
2009-01-06 ,-0.605888251031492,,,
2009-01-07 ,-3.16431393070178,,,
2009-01-08 ,1.68410303420085,,,
2009-01-09 ,-0.576931348525892,,,
2009-01-12 ,1.09601623938889,,,
2009-01-13 ,2.42928318876643,,,
2009-01-14 ,-0.782999131168431,,,
2009-01-15 ,1.25813983672242,,,
2009-01-16 ,0.230793146864531,,,
2009-01-20 ,0.205282602504625,,,
2009-01-21 ,4.03248036769774,,,
2009-01-22 ,-2.11545004619583,,,
2009-01-23 ,-0.912696196237531,,,
2009-01-26 ,-1.15157997176584,,,
2009-01-27 ,0.075795134850959,,,
2009-01-28 ,0.34256039933482,,,
2009-01-29 ,-3.14780332585847,,,
2009-01-30 ,2.86245935803603,,,
2009-02-02 ,-0.105973763110037,,,
2009-02-03 ,-0.0733734926626026,,,
2009-02-04 ,2.10941695306637,,,
2009-02-05 ,-0.305953507917757,,,
2009-02-06 ,-0.289409307391101,,,
2009-02-09 ,-0.403541277693474,,,
2009-02-10 ,-0.956360981563482,,,
2009-02-11 ,0.405444695197476,,,
2009-02-12 ,-0.0459961876349176,,,
2009-02-13 ,0.92003224175126,,,
2009-02-17 ,0.123622146608322,,,
2009-02-18 ,0.640168883289676,,,
2009-02-19 ,-0.432361915994268,,,
2009-02-20 ,-0.481606951818648,,,
2009-02-23 ,0.921325019552715,,,
2009-02-24 ,-1.50689937081489,,,
2009-02-25 ,-1.04293958708342,,,
2009-02-26 ,-2.17803156674302,,,
2009-02-27 ,-1.58701729821343,,,
2009-03-02 ,-0.539306289525888,,,
2009-03-03 ,1.03584415171485,,,
2009-03-04 ,1.72855403285257,,,
2009-03-05 ,0.208615462246144,,,
2009-03-06 ,3.12967410302151,,,
2009-03-09 ,0.541833765983024,,,
2009-03-10 ,-1.21165718305719,,,
2009-03-11 ,-4.30675625010022,,,
2009-03-12 ,-0.119524834828648,,,
2009-03-13 ,-2.20568705152382,,,
2009-03-16 ,-0.109775751345284,,,
2009-03-17 ,1.34361379953556,,,
2009-03-18 ,-2.02429336345989,,,
2009-03-19 ,-3.19540193395385,,,
2009-03-20 ,4.63111385228725,,,
2009-03-23 ,2.15722159036527,,,
2009-03-24 ,-5.70922618856737,,,
2009-03-25 ,1.83348253001599,,,
2009-03-26 ,-0.636003242109775,,,
2009-03-27 ,-1.60847729077628,,,
2009-03-30 ,0.0757833960335092,,,
2009-03-31 ,4.45770913316243,,,
2009-04-01 ,-2.34143302259022,,,
2009-04-02 ,0.206987869655656,,,
2009-04-03 ,-2.08130091034173,,,
2009-04-06 ,-0.531907883012579,,,
2009-04-07 ,-0.831141651189405,,,
2009-04-08 ,1.14941658754708,,,
2009-04-09 ,0.211557812485632,,,
2009-04-13 ,-4.31769348176524,,,
2009-04-14 ,-0.761945451817307,,,
2009-04-15 ,1.75999827409545,,,
2009-04-16 ,-2.88679275767825,,,
2009-04-17 ,-0.959510973316853,,,
2009-04-20 ,-1.63966584854458,,,
2009-04-21 ,1.36283393505814,,,
2009-04-22 ,-0.923564240179513,,,
2009-04-23 ,0.229471037069457,,,
2009-04-24 ,-1.42588101919243,,,
2009-04-27 ,0.30631365570972,,,
2009-04-28 ,-0.891542414882816,,,
2009-04-29 ,-0.0499736780286427,,,
2009-04-30 ,-1.01484514969144,,,
2009-05-01 ,-0.593077606702261,,,
2009-05-04 ,-0.79447365868913,,,
2009-05-05 ,0.636697459682784,,,
2009-05-06 ,0.112268831306312,,,
2009-05-07 ,0.478480047577812,,,
2009-05-08 ,-1.96554018017725,,,
2009-05-11 ,-0.59794223894393,,,
2009-05-12 ,0.0053697213690311,,,
2009-05-13 ,-1.60352644021909,,,
2009-05-14 ,-1.77572874131125,,,
2009-05-15 ,1.30074954157806,,,
2009-05-18 ,0.264784005936786,,,
2009-05-19 ,1.026146693308,,,
2009-05-20 ,1.15581376109213,,,
2009-05-21 ,-0.223517658646746,,,
2009-05-22 ,-0.106111105969047,,,
2009-05-26 ,-0.242903769900068,,,
2009-05-27 ,0.442136253411502,,,
2009-05-28 ,0.593383951057057,,,
2009-05-29 ,-0.465253966567341,,,
2009-06-01 ,0.254682412733065,,,
2009-06-02 ,2.82893444027579,,,
2009-06-03 ,-0.423459874612218,,,
2009-06-04 ,-1.43927792883379,,,
2009-06-05 ,1.43439540513498,,,
2009-06-08 ,-0.520985253530713,,,
2009-06-09 ,0.119437278348736,,,
2009-06-10 ,0.302575845382888,,,
2009-06-11 ,-0.596194873061474,,,
2009-06-12 ,-0.420370641548184,,,
2009-06-15 ,-0.810404036695381,,,
2009-06-16 ,-1.27897024139568,,,
2009-06-17 ,-0.802396539208462,,,
2009-06-18 ,-1.17873830920769,,,
2009-06-19 ,-0.501628828460079,,,
2009-06-22 ,1.40714916961586,,,
2009-06-23 ,-3.13483594964557,,,
2009-06-24 ,0.458945470265261,,,
2009-06-25 ,1.33371066709597,,,
2009-06-26 ,0.372368978380245,,,
2009-06-29 ,0.57568753652329,,,
2009-06-30 ,-0.00214860697996347,,,
2009-07-01 ,0.135321537503362,,,
2009-07-02 ,-0.0730153347963265,,,
2009-07-06 ,-0.681408860283326,,,
2009-07-07 ,-1.86712905369102,,,
2009-07-08 ,0.165116275408091,,,
2009-07-09 ,-1.92740912955517,,,
2009-07-10 ,1.68054443673565,,,
2009-07-13 ,-0.9796552832557,,,
2009-07-14 ,0.671783153057504,,,
2009-07-15 ,0.425932282313034,,,
2009-07-16 ,1.1227360687149,,,
2009-07-17 ,0.18061533451951,,,
2009-07-20 ,0.669972050015738,,,
2009-07-21 ,0.678058771794577,,,
2009-07-22 ,-0.73534691101632,,,
2009-07-23 ,-0.987749778931958,,,
2009-07-24 ,0.563258060577242,,,
2009-07-27 ,0.673436367965705,,,
2009-07-28 ,0.253468855869014,,,
2009-07-29 ,-1.42637688411983,,,
2009-07-30 ,-1.86109711869992,,,
2009-07-31 ,2.05165958910324,,,
2009-08-03 ,0.0607888417129241,,,
2009-08-04 ,-1.88986003870759,,,
2009-08-05 ,-0.358337457449797,,,
2009-08-06 ,-0.790057824161486,,,
2009-08-07 ,-0.240645600442642,,,
2009-08-10 ,-0.395787415848211,,,
2009-08-11 ,0.463710000877198,,,
2009-08-12 ,1.34159625620455,,,
2009-08-13 ,-0.447306349650091,,,
2009-08-14 ,-1.32412649517069,,,
2009-08-17 ,0.377586837114868,,,
2009-08-18 ,2.20329245624659,,,
2009-08-19 ,-0.803540993017371,,,
2009-08-20 ,0.0125428288892909,,,
2009-08-21 ,-0.0715536348582108,,,
2009-08-24 ,-1.12272936291963,,,
2009-08-25 ,-0.346740986994419,,,
2009-08-26 ,0.6186117558558,,,
2009-08-27 ,0.000252752735010127,,,
2009-08-28 ,-0.179085448626253,,,
2009-08-31 ,-0.706172019567063,,,
2009-09-01 ,0.684545655810121,,,
2009-09-02 ,-1.36623780845541,,,
2009-09-03 ,-0.406410580052041,,,
2009-09-04 ,0.782353398551414,,,
2009-09-08 ,0.282568976755491,,,
2009-09-09 ,0.178305867624143,,,
2009-09-10 ,1.17270219509106,,,
2009-09-11 ,0.277346777212778,,,
2009-09-14 ,0.12063811985587,,,
2009-09-15 ,0.189326779491891,,,
2009-09-16 ,0.566493402076356,,,
2009-09-17 ,0.256496183314829,,,
2009-09-18 ,-0.795009335583261,,,
2009-09-21 ,-0.189248793854232,,,
2009-09-22 ,-0.71755666462277,,,
2009-09-23 ,0.669386133710947,,,
2009-09-24 ,-0.646757509424354,,,
2009-09-25 ,-0.620242419669685,,,
2009-09-28 ,-0.609256449428543,,,
2009-09-29 ,0.959810307437041,,,
2009-09-30 ,-0.16701518488292,,,
2009-10-01 ,-0.393708129068352,,,
2009-10-02 ,-1.70526618470865,,,
2009-10-05 ,-0.105942172631718,,,
2009-10-06 ,1.10684493722638,,,
2009-10-07 ,-0.548582213323676,,,
2009-10-08 ,0.109159086846598,,,
2009-10-09 ,-0.20383186915808,,,
2009-10-12 ,0.376630019830612,,,
2009-10-13 ,0.148663657958725,,,
2009-10-14 ,-0.371644962112114,,,
2009-10-15 ,0.844847392655214,,,
2009-10-16 ,-0.676587869757008,,,
2009-10-19 ,-1.64129591328712,,,
2009-10-20 ,-0.259020020909027,,,
2009-10-21 ,0.225949918866111,,,
2009-10-22 ,-1.10332925184162,,,
2009-10-23 ,2.16622049571933,,,
2009-10-26 ,-1.19180842797462,,,
2009-10-27 ,-0.623366022128803,,,
2009-10-28 ,-0.595836608531334,,,
2009-10-29 ,-1.19848617707021,,,
2009-10-30 ,1.38132193242716,,,
2009-11-02 ,-1.37455794304945,,,
2009-11-03 ,-0.455522932857149,,,
2009-11-04 ,0.797477919190216,,,
2009-11-05 ,0.0805186799406494,,,
2009-11-06 ,0.375234833129942,,,
2009-11-09 ,0.373609238845538,,,
2009-11-10 ,0.700545637232912,,,
2009-11-11 ,0.21091535298931,,,
2009-11-12 ,-0.359907516423561,,,
2009-11-13 ,-0.443415428941121,,,
2009-11-16 ,0.583667405125854,,,
2009-11-17 ,0.557273883210423,,,
2009-11-18 ,-0.289832100398537,,,
2009-11-19 ,-0.86600063066795,,,
2009-11-20 ,-0.001658587636996,,,
2009-11-23 ,-0.580382726034894,,,
2009-11-24 ,-0.0874259093955861,,,
2009-11-25 ,-0.0379800597701008,,,
2009-11-27 ,1.12076885567487,,,
2009-11-30 ,-0.948354929959579,,,
2009-12-01 ,-0.276247012048289,,,
2009-12-02 ,-0.173931877646664,,,
2009-12-03 ,-0.382176198743572,,,
2009-12-04 ,0.0937309234303935,,,
2009-12-07 ,-0.894860227381433,,,
2009-12-08 ,-0.0134683840832433,,,
2009-12-09 ,-0.367952685104236,,,
2009-12-10 ,-0.121980676552059,,,
2009-12-11 ,0.344564680976653,,,
2009-12-14 ,-0.504186408984784,,,
2009-12-15 ,-0.596333510279591,,,
2009-12-16 ,0.513115147157181,,,
2009-12-17 ,-0.224481918749983,,,
2009-12-18 ,0.130858305662469,,,
2009-12-21 ,-0.719633416033101,,,
2009-12-22 ,-0.166714551330123,,,
2009-12-23 ,-0.245762216129904,,,
2009-12-24 ,-0.000833569798008051,,,
2009-12-28 ,-0.206982781341618,,,
2009-12-29 ,0.365869407811099,,,
2009-12-30 ,-0.0721530573918046,,,
2009-12-31 ,0.0441597120536738,,,
2010-01-04 ,-0.265096868435016,,,
2010-01-05 ,0.408169328197007,,,
2010-01-06 ,0.542234466034683,,,
2010-01-07 ,0.307562290087105,,,
2010-01-08 ,0.528033845754532,,,
2010-01-11 ,0.426137985371,,,
2010-01-12 ,0.10633333423146,,,
2010-01-13 ,-0.852923401156418,,,
2010-01-14 ,0.530106130638412,,,
2010-01-15 ,0.406661327287739,,,
2010-01-19 ,-0.378080845740514,,,
2010-01-20 ,-0.00458024741142339,,,
2010-01-21 ,-0.501597807728768,,,
2010-01-22 ,-0.723961460679715,,,
2010-01-25 ,0.409968985787869,,,
2010-01-26 ,-0.365657819241398,,,
2010-01-27 ,-0.597203355354815,,,
2010-01-28 ,-0.470376330341454,,,
2010-01-29 ,0.447736114067299,,,
2010-02-01 ,-0.512824572984919,,,
2010-02-02 ,0.484836473227495,,,
2010-02-03 ,0.540480697297901,,,
2010-02-04 ,0.37435616780417,,,
2010-02-05 ,-0.219640079985413,,,
2010-02-08 ,-0.207146021194083,,,
2010-02-09 ,0.433474431017689,,,
2010-02-10 ,0.236457998242095,,,
2010-02-11 ,-0.821935180976233,,,
2010-02-12 ,0.352163374333668,,,
2010-02-16 ,0.400954573097906,,,
2010-02-17 ,0.427837397501526,,,
2010-02-18 ,0.475599456461566,,,
2010-02-19 ,0.315089664319253,,,
2010-02-22 ,-0.103293551487449,,,
2010-02-23 ,-0.526813365996242,,,
2010-02-24 ,-0.202657484845566,,,
2010-02-25 ,0.246482959807888,,,
2010-02-26 ,-0.0600782866656068,,,
2010-03-01 ,-0.543539539050063,,,
2010-03-02 ,-0.572584277367086,,,
2010-03-03 ,-0.398615598482989,,,
2010-03-04 ,0.277395685834474,,,
2010-03-05 ,0.0942942921640973,,,
2010-03-08 ,-0.0764862796938145,,,
2010-03-09 ,-0.142595125401059,,,
2010-03-10 ,-0.308773988030618,,,
2010-03-11 ,0.205374816714995,,,
2010-03-12 ,0.0107439549698725,,,
2010-03-15 ,-0.140944111674801,,,
2010-03-16 ,0.498115314074907,,,
2010-03-17 ,-0.186373656806821,,,
2010-03-18 ,0.0158654742218236,,,
2010-03-19 ,-0.0957260709704251,,,
2010-03-22 ,0.625200437595151,,,
2010-03-23 ,0.179247315856936,,,
2010-03-24 ,-0.596445492977772,,,
2010-03-25 ,0.3919628784264,,,
2010-03-26 ,-0.527596601678669,,,
2010-03-29 ,0.0449585531730831,,,
2010-03-30 ,-0.575361744498762,,,
2010-03-31 ,-0.504910466707271,,,
2010-04-01 ,-0.389424209664588,,,
2010-04-05 ,0.058842773272645,,,
2010-04-06 ,0.475573558678983,,,
2010-04-07 ,0.0193720624642697,,,
2010-04-08 ,0.138571605391433,,,
2010-04-09 ,0.0575175958338268,,,
2010-04-12 ,0.531515316468177,,,
2010-04-13 ,-0.325723192318474,,,
2010-04-14 ,0.394201266057349,,,
2010-04-15 ,0.502943608558214,,,
2010-04-16 ,0.282866411714764,,,
2010-04-19 ,-0.56372542233882,,,
2010-04-20 ,-0.708974898689018,,,
2010-04-21 ,-0.476995915526725,,,
2010-04-22 ,0.360685460712741,,,
2010-04-23 ,1.2554089813577,,,
2010-04-26 ,0.318644594738975,,,
2010-04-27 ,0.766627350777219,,,
2010-04-28 ,-0.480605550678127,,,
2010-04-29 ,-0.484047181263955,,,
2010-04-30 ,0.269781076208166,,,
2010-05-03 ,-0.898998872396582,,,
2010-05-04 ,0.441800071485841,,,
2010-05-05 ,-1.63579021089067,,,
2010-05-06 ,-0.6465601912069,,,
2010-05-07 ,-1.54209722439842,,,
2010-05-10 ,-0.0488025817102007,,,
2010-05-11 ,2.92337478138418,,,
2010-05-12 ,-0.709941158412583,,,
2010-05-13 ,0.85790996037317,,,
2010-05-14 ,-0.392934744690468,,,
2010-05-17 ,-1.74593878892849,,,
2010-05-18 ,-0.355789257716533,,,
2010-05-19 ,-0.768830667155947,,,
2010-05-20 ,-0.123539198985177,,,
2010-05-21 ,-0.975047586692934,,,
2010-05-24 ,1.48891512258311,,,
2010-05-25 ,-0.305248772420964,,,
2010-05-26 ,0.627359667378218,,,
2010-05-27 ,0.104924285102702,,,
2010-05-28 ,1.97987476261755,,,
2010-06-01 ,-0.567833561057036,,,
2010-06-02 ,0.58939669448434,,,
2010-06-03 ,0.564027489121193,,,
2010-06-04 ,0.104427378999672,,,
2010-06-07 ,-0.502982394684882,,,
2010-06-08 ,-0.631918634342251,,,
2010-06-09 ,0.342433739831944,,,
2010-06-10 ,0.0688877978958107,,,
2010-06-11 ,0.00694950341755885,,,
2010-06-14 ,-0.185603475090172,,,
2010-06-15 ,0.0945573388630348,,,
2010-06-16 ,0.0117196552401512,,,
2010-06-17 ,0.510165586059587,,,
2010-06-18 ,0.0495613325414846,,,
2010-06-21 ,-0.0834696255838868,,,
2010-06-22 ,-0.273712381167215,,,
2010-06-23 ,-0.671845792175822,,,
2010-06-24 ,0.145273535079371,,,
2010-06-25 ,-0.258733253781304,,,
2010-06-28 ,0.65725312522845,,,
2010-06-29 ,-0.44874775378986,,,
2010-06-30 ,-0.56063373047302,,,
2010-07-01 ,-0.406030992180046,,,
2010-07-02 ,-0.953999600474618,,,
2010-07-06 ,-0.286643018239581,,,
2010-07-07 ,-0.061189932639034,,,
2010-07-08 ,-1.22161413243133,,,
2010-07-09 ,-0.646094081513201,,,
2010-07-12 ,-0.847311325171005,,,
2010-07-13 ,0.12524706044059,,,
2010-07-14 ,-0.736957254512095,,,
2010-07-15 ,0.372349308361181,,,
2010-07-16 ,0.00230643216439266,,,
2010-07-19 ,1.43461318501397,,,
2010-07-20 ,-0.32977124443036,,,
2010-07-21 ,-0.808354333922121,,,
2010-07-22 ,0.62974949985055,,,
2010-07-23 ,-1.73093644392264,,,
2010-07-26 ,-0.404473961679496,,,
2010-07-27 ,-0.618905438128879,,,
2010-07-28 ,0.469960151714694,,,
2010-07-29 ,0.440147781595832,,,
2010-07-30 ,-1.03985070587333,,,
2010-08-02 ,-0.372371904975363,,,
2010-08-03 ,-1.50743888393356,,,
2010-08-04 ,1.51156669419097,,,
2010-08-05 ,-0.779259880663964,,,
2010-08-06 ,-0.136552260511326,,,
2010-08-09 ,0.581879236124311,,,
2010-08-10 ,-0.403919317644213,,,
2010-08-11 ,1.3392383701443,,,
2010-08-12 ,0.670398551085875,,,
2010-08-13 ,0.912710559039685,,,
2010-08-16 ,0.160193505545999,,,
2010-08-17 ,0.20346408489475,,,
2010-08-18 ,-1.09986324189381,,,
2010-08-19 ,-0.692785648561851,,,
2010-08-20 ,0.776725885106861,,,
2010-08-23 ,-0.0168498384337445,,,
2010-08-24 ,0.593323402051553,,,
2010-08-25 ,0.744164845448205,,,
2010-08-26 ,0.0665822545903823,,,
2010-08-27 ,0.624041499629576,,,
2010-08-30 ,-0.351902477644673,,,
2010-08-31 ,0.65010671442591,,,
2010-09-01 ,0.0788287159237837,,,
2010-09-02 ,1.38630336713609,,,
2010-09-03 ,0.178633690886097,,,
2010-09-07 ,0.818974815261807,,,
2010-09-08 ,-0.296019516673985,,,
2010-09-09 ,0.221934752302671,,,
2010-09-10 ,-0.13676704699176,,,
2010-09-13 ,0.000254155191224479,,,
2010-09-14 ,1.30531629954735,,,
2010-09-15 ,-0.283371493974497,,,
2010-09-16 ,-0.772262372111582,,,
2010-09-17 ,0.571292335289255,,,
2010-09-20 ,0.285309749626671,,,
2010-09-21 ,0.335710531221363,,,
2010-09-22 ,-0.283300873108169,,,
2010-09-23 ,-0.282048695767369,,,
2010-09-24 ,-0.455080986746677,,,
2010-09-27 ,0.675220766524673,,,
2010-09-28 ,0.321563362789975,,,
2010-09-29 ,-0.281213447605233,,,
2010-09-30 ,-0.0309715880313373,,,
2010-10-01 ,-0.0240211185612206,,,
2010-10-04 ,0.0439189364350404,,,
2010-10-05 ,0.169906257875999,,,
2010-10-06 ,-0.8986368447957,,,
2010-10-07 ,-0.927715168838255,,,
2010-10-08 ,0.131238037693432,,,
2010-10-11 ,-0.350406450387384,,,
2010-10-12 ,-0.243141636213267,,,
2010-10-13 ,-0.389670277897798,,,
2010-10-14 ,0.457362710100216,,,
2010-10-15 ,0.958968084754724,,,
2010-10-18 ,0.593361974153139,,,
2010-10-19 ,-0.924810603025397,,,
2010-10-20 ,-0.223431486405075,,,
2010-10-21 ,-0.383910840464845,,,
2010-10-22 ,-0.521643720194837,,,
2010-10-25 ,0.270261334672625,,,
2010-10-26 ,0.304145951041917,,,
2010-10-27 ,-0.0762860889621405,,,
2010-10-28 ,-0.711695195063367,,,
2010-10-29 ,0.991025985543361,,,
2010-11-01 ,-0.0103196355244393,,,
2010-11-02 ,0.441319759966353,,,
2010-11-03 ,0.660140722253577,,,
2010-11-04 ,0.377444161452628,,,
2010-11-05 ,0.986463476423397,,,
2010-11-08 ,0.15407410142874,,,
2010-11-09 ,0.234893468568708,,,
2010-11-10 ,0.0361840019603892,,,
2010-11-11 ,0.115167471227769,,,
2010-11-12 ,0.110617849525835,,,
2010-11-15 ,-0.815919947236715,,,
2010-11-16 ,-0.153047863206967,,,
2010-11-17 ,-0.905271314039888,,,
2010-11-18 ,0.248176320645322,,,
2010-11-19 ,1.12514819418905,,,
2010-11-22 ,0.429226806275379,,,
2010-11-23 ,0.531218635281381,,,
2010-11-24 ,-1.06422640809234,,,
2010-11-26 ,0.943083767083579,,,
2010-11-29 ,-0.255056176115707,,,
2010-11-30 ,-0.165343155073427,,,
2010-12-01 ,-0.554507876453847,,,
2010-12-02 ,0.33408950570049,,,
2010-12-03 ,-0.49947673674121,,,
2010-12-06 ,-0.407826938074294,,,
2010-12-07 ,0.0555765092335109,,,
2010-12-08 ,0.294557921757197,,,
2010-12-09 ,-0.550627676958292,,,
2010-12-10 ,0.0374401107292627,,,
2010-12-13 ,0.0182910738419475,,,
2010-12-14 ,-0.516067693570378,,,
2010-12-15 ,-0.282152104548001,,,
2010-12-16 ,-0.189969500154094,,,
2010-12-17 ,-0.0183231895681431,,,
2010-12-20 ,-0.0228451486482713,,,
2010-12-21 ,-0.254536550986312,,,
2010-12-22 ,0.149274182487084,,,
2010-12-23 ,-0.450909233117973,,,
2010-12-27 ,-0.2013840626421,,,
2010-12-28 ,-0.00150873091252687,,,
2010-12-29 ,-0.4826025019904,,,
2010-12-30 ,0.0748078805438837,,,
2010-12-31 ,-0.0379313436155941,,,
2011-01-03 ,-0.542142382210817,,,
2011-01-04 ,0.304088372674139,,,
2011-01-05 ,-0.846971189324086,,,
2011-01-06 ,0.351352687617254,,,
2011-01-07 ,-0.864910465444575,,,
2011-01-10 ,0.0782667276536137,,,
2011-01-11 ,0.854999210890724,,,
2011-01-12 ,0.316341336956593,,,
2011-01-13 ,-0.091151288828338,,,
2011-01-14 ,0.0829338223696047,,,
2011-01-18 ,0.0683776849707329,,,
2011-01-19 ,-0.313999947378211,,,
2011-01-20 ,-0.551208870727851,,,
2011-01-21 ,-0.920871893100465,,,
2011-01-24 ,-0.637092342875251,,,
2011-01-25 ,0.40685022945532,,,
2011-01-26 ,-0.413492940268393,,,
2011-01-27 ,0.962370645486773,,,
2011-01-28 ,-0.0471335905142969,,,
2011-01-31 ,-0.285161771740057,,,
2011-02-01 ,0.435576297478391,,,
2011-02-02 ,1.11810447619574,,,
2011-02-03 ,-0.588744034315848,,,
2011-02-04 ,-0.363497901288062,,,
2011-02-07 ,0.0820827838506113,,,
2011-02-08 ,0.418394442995331,,,
2011-02-09 ,-0.123065855949943,,,
2011-02-10 ,-0.672560256993997,,,
2011-02-11 ,-0.0380092381671942,,,
2011-02-14 ,0.973655014515958,,,
2011-02-15 ,0.7394769977792,,,
2011-02-16 ,-0.429477049650637,,,
2011-02-17 ,0.595613328562244,,,
2011-02-18 ,0.48020311569969,,,
2011-02-22 ,-0.347787355932782,,,
2011-02-23 ,-1.13304460506004,,,
2011-02-24 ,0.599409420849538,,,
2011-02-25 ,-0.261365181345008,,,
2011-02-28 ,0.931669423798641,,,
2011-03-01 ,-0.0718263890668806,,,
2011-03-02 ,-0.726438564336056,,,
2011-03-03 ,0.645884156533143,,,
2011-03-04 ,0.437526887451838,,,
2011-03-07 ,-0.032945286805009,,,
2011-03-08 ,-0.718918665877059,,,
2011-03-09 ,-0.882984036506111,,,
2011-03-10 ,-0.595706097221967,,,
2011-03-11 ,-0.940862535919437,,,
2011-03-14 ,0.376696260706012,,,
2011-03-15 ,0.943095699701639,,,
2011-03-16 ,0.277211322254932,,,
2011-03-17 ,0.10455293880304,,,
2011-03-18 ,1.0556805408034,,,
2011-03-21 ,-0.312431930376093,,,
2011-03-22 ,0.886756224324185,,,
2011-03-23 ,0.0383354477967327,,,
2011-03-24 ,-0.00942384777369428,,,
2011-03-25 ,0.0356460976218967,,,
2011-03-28 ,0.19778285956431,,,
2011-03-29 ,-0.0632335076993309,,,
2011-03-30 ,0.19426173732022,,,
2011-03-31 ,-0.601750797408768,,,
2011-04-01 ,-0.241544777896452,,,
2011-04-04 ,-0.555010544202675,,,
2011-04-05 ,0.164019404652478,,,
2011-04-06 ,0.652813414314939,,,
2011-04-07 ,-0.630429460166482,,,
2011-04-08 ,-0.113778819804414,,,
2011-04-11 ,0.414294779273745,,,
2011-04-12 ,-0.182638904874783,,,
2011-04-13 ,-1.56006558555733,,,
2011-04-14 ,0.435172265915757,,,
2011-04-15 ,0.165803318037923,,,
2011-04-18 ,0.103922177207197,,,
2011-04-19 ,-0.277585760381592,,,
2011-04-20 ,0.263754843449455,,,
2011-04-21 ,0.14869081436143,,,
2011-04-25 ,0.439068743670858,,,
2011-04-26 ,-0.418291088589193,,,
2011-04-27 ,-0.553754696950595,,,
2011-04-28 ,-0.0176534499118217,,,
2011-04-29 ,0.0607914431007493,,,
2011-05-02 ,-0.289886367639318,,,
2011-05-03 ,0.198360377742257,,,
2011-05-04 ,-1.1644272464965,,,
2011-05-05 ,-0.863758463449284,,,
2011-05-06 ,-0.35719056677098,,,
2011-05-09 ,0.394786947382745,,,
2011-05-10 ,0.882759652063346,,,
2011-05-11 ,-0.153611415538955,,,
2011-05-12 ,-0.981132302276636,,,
2011-05-13 ,-0.0679566123913471,,,
2011-05-16 ,-0.0686540878416384,,,
2011-05-17 ,0.038412602475084,,,
2011-05-18 ,-0.170467219378742,,,
2011-05-19 ,0.758625710943991,,,
2011-05-20 ,-0.0321672014833093,,,
2011-05-23 ,0.484905562919287,,,
2011-05-24 ,-0.222205075438722,,,
2011-05-25 ,0.334243448895589,,,
2011-05-26 ,0.381822497626348,,,
2011-05-27 ,-0.00880575461621514,,,
2011-05-31 ,0.204933916318904,,,
2011-06-01 ,-0.0495404354519399,,,
2011-06-02 ,0.678983455806409,,,
2011-06-03 ,-0.0709286608507177,,,
2011-06-06 ,-0.571867322111262,,,
2011-06-07 ,0.690295174442871,,,
2011-06-08 ,-0.0951115245390921,,,
2011-06-09 ,0.214591198329715,,,
2011-06-10 ,-0.475737706573524,,,
2011-06-13 ,0.203261313120024,,,
2011-06-14 ,0.274351155516712,,,
2011-06-15 ,-0.0525247096649346,,,
2011-06-16 ,0.241561543777763,,,
2011-06-17 ,0.11031103752099,,,
2011-06-20 ,0.00589971125493467,,,
2011-06-21 ,0.619489642593737,,,
2011-06-22 ,0.0452720286702781,,,
2011-06-23 ,-0.194045702659705,,,
2011-06-24 ,0.156710374405744,,,
2011-06-27 ,0.132100745283323,,,
2011-06-28 ,-0.135007054287578,,,
2011-06-29 ,0.148478571293672,,,
2011-06-30 ,-0.360566227154698,,,
2011-07-01 ,-0.204850382272809,,,
2011-07-05 ,0.075486303267593,,,
2011-07-06 ,-0.0372188598608951,,,
2011-07-07 ,0.482021591892618,,,
2011-07-08 ,-0.725819517071996,,,
2011-07-11 ,0.470049014465256,,,
2011-07-12 ,0.927299716312799,,,
2011-07-13 ,0.263841628913225,,,
2011-07-14 ,-0.525028971648524,,,
2011-07-15 ,0.254802915107916,,,
2011-07-18 ,-0.938777917530777,,,
2011-07-19 ,0.13083341194011,,,
2011-07-20 ,0.0071509405769768,,,
2011-07-21 ,-0.645099972824894,,,
2011-07-22 ,0.590378579711075,,,
2011-07-25 ,-0.315301945468063,,,
2011-07-26 ,-0.205210682055174,,,
2011-07-27 ,-0.344202548670553,,,
2011-07-28 ,0.531645660151113,,,
2011-07-29 ,0.65578107096885,,,
2011-08-01 ,0.407102349078911,,,
2011-08-02 ,-0.150485463343484,,,
2011-08-03 ,-0.178536734669634,,,
2011-08-04 ,-0.156801799772626,,,
2011-08-05 ,0.428508822731671,,,
2011-08-08 ,0.162632335182142,,,
2011-08-09 ,0.00172061467104132,,,
2011-08-10 ,0.0644840799046134,,,
2011-08-11 ,0.244961401737727,,,
2011-08-12 ,-0.114397753644667,,,
2011-08-15 ,0.261906010250428,,,
2011-08-16 ,-0.907630172647991,,,
2011-08-17 ,-0.129927172751535,,,
2011-08-18 ,-0.0591801032527009,,,
2011-08-19 ,-0.505646702755681,,,
2011-08-22 ,-0.644295643935416,,,
2011-08-23 ,-0.121618043384132,,,
2011-08-24 ,0.871162287596149,,,
2011-08-25 ,0.372836373549904,,,
2011-08-26 ,0.135540016211103,,,
2011-08-29 ,0.383408219756943,,,
2011-08-30 ,-0.491080948846882,,,
2011-08-31 ,0.491865680890116,,,
2011-09-01 ,0.000209073044796931,,,
2011-09-02 ,0.55423391123612,,,
2011-09-06 ,1.13928604783354,,,
2011-09-07 ,0.72764122850056,,,
2011-09-08 ,-0.391628229427628,,,
2011-09-09 ,0.713372522396767,,,
2011-09-12 ,-0.0670439233861484,,,
2011-09-13 ,-0.122675855678855,,,
2011-09-14 ,-0.283482928238234,,,
2011-09-15 ,-0.754920849443788,,,
2011-09-16 ,-0.413363169043483,,,
2011-09-19 ,0.884034640526656,,,
2011-09-20 ,0.629657973640858,,,
2011-09-21 ,-0.00282200404759163,,,
2011-09-22 ,-0.382145604265415,,,
2011-09-23 ,-1.38760193444197,,,
2011-09-26 ,-1.11089064991042,,,
2011-09-27 ,0.065060113224816,,,
2011-09-28 ,-0.576615140101501,,,
2011-09-29 ,-0.289163069559368,,,
2011-09-30 ,-1.75573212416348,,,
2011-10-03 ,-0.306555721108748,,,
2011-10-04 ,2.42012003490177,,,
2011-10-05 ,-2.01243281487562,,,
2011-10-06 ,-2.10500265857756,,,
2011-10-07 ,-1.72386695871389,,,
2011-10-10 ,1.93614820621177,,,
2011-10-11 ,-1.83197103986403,,,
2011-10-12 ,-0.352375242900272,,,
2011-10-13 ,-1.7886468343306,,,
2011-10-14 ,0.989379786615437,,,
2011-10-17 ,-1.60093650786754,,,
2011-10-18 ,1.86256492792445,,,
2011-10-19 ,-3.11172242514585,,,
2011-10-20 ,0.992820634031172,,,
2011-10-21 ,-0.529001759437777,,,
2011-10-24 ,-1.04178774606931,,,
2011-10-25 ,-2.26672860014444,,,
2011-10-26 ,1.88397850495523,,,
2011-10-27 ,-0.919975060863134,,,
2011-10-28 ,-4.18348105997708,,,
2011-10-31 ,-0.93095417464833,,,
2011-11-01 ,2.53174146364598,,,
2011-11-02 ,1.66678154076074,,,
2011-11-03 ,-1.8224846462338,,,
2011-11-04 ,-1.12598612112359,,,
2011-11-07 ,-0.0830308210026345,,,
2011-11-08 ,0.329576669458357,,,
2011-11-09 ,-0.683491352133481,,,
2011-11-10 ,2.1960752940266,,,
2011-11-11 ,-0.379743636807794,,,
2011-11-14 ,-0.87353791412725,,,
2011-11-15 ,0.468315893200274,,,
2011-11-16 ,0.0579187028598262,,,
2011-11-17 ,0.333928200340734,,,
2011-11-18 ,1.51821346836447,,,
2011-11-21 ,-0.191791219074327,,,
2011-11-22 ,0.650271148322757,,,
2011-11-23 ,0.51684893106264,,,
2011-11-25 ,1.32431929580464,,,
2011-11-28 ,0.398258228164916,,,
2011-11-29 ,-1.30220056389008,,,
2011-11-30 ,0.73652275211372,,,
2011-12-01 ,-2.74352773791638,,,
2011-12-02 ,-0.19292319481233,,,
2011-12-05 ,0.786067523406862,,,
2011-12-06 ,0.783513736590277,,,
2011-12-07 ,-0.170755957023446,,,
2011-12-08 ,-0.744156296470715,,,
2011-12-09 ,-1.85881436486577,,,
2011-12-12 ,1.04048698090536,,,
2011-12-13 ,-1.69279660567534,,,
2011-12-14 ,-1.5062755377766,,,
2011-12-15 ,-1.64460526481983,,,
2011-12-16 ,-1.10778092017243,,,
2011-12-19 ,0.772818502076823,,,
2011-12-20 ,-1.24371077923741,,,
2011-12-21 ,1.53704426816238,,,
2011-12-22 ,-0.692799916304004,,,
2011-12-23 ,0.827885100372895,,,
2011-12-27 ,-0.145239229629435,,,
2011-12-28 ,-0.0331885611217742,,,
2011-12-29 ,-1.1585419775708,,,
2011-12-30 ,0.237802488414439,,,
2012-01-03 ,0.146535610764987,,,
2012-01-04 ,-1.21902038388477,,,
2012-01-05 ,0.15021376696295,,,
2012-01-06 ,0.165335487383469,,,
2012-01-09 ,0.230478967742912,,,
2012-01-10 ,-0.226850484579645,,,
2012-01-11 ,-1.11396156180251,,,
2012-01-12 ,-1.09908620042561,,,
2012-01-13 ,-0.0480292349902938,,,
2012-01-17 ,0.243198923701423,,,
2012-01-18 ,0.105184850654379,,,
2012-01-19 ,-0.613779213306776,,,
2012-01-20 ,-1.5327287792018,,,
2012-01-23 ,-0.2943542386698,,,
2012-01-24 ,-0.0169635018354392,,,
2012-01-25 ,-0.153489641941123,,,
2012-01-26 ,0.202152669059803,,,
2012-01-27 ,-0.174568901401596,,,
2012-01-30 ,-0.27968419901574,,,
2012-01-31 ,0.693613036492042,,,
2012-02-01 ,-0.157264414938793,,,
2012-02-02 ,-0.341413541506703,,,
2012-02-03 ,-1.0616240130322,,,
2012-02-06 ,-0.0727374516695089,,,
2012-02-07 ,-0.28511390602898,,,
2012-02-08 ,0.293006890062594,,,
2012-02-09 ,-0.168670873618131,,,
2012-02-10 ,-0.218800848860247,,,
2012-02-13 ,0.665234087972967,,,
2012-02-14 ,-0.363742845399195,,,
2012-02-15 ,0.242667759850113,,,
2012-02-16 ,-0.224320245141395,,,
2012-02-17 ,-0.722468150542041,,,
2012-02-21 ,0.537800776071308,,,
2012-02-22 ,-0.421391868873572,,,
2012-02-23 ,-0.404342700271004,,,
2012-02-24 ,-0.0121289386565833,,,
2012-02-27 ,-0.417367169844203,,,
2012-02-28 ,0.707134129642561,,,
2012-02-29 ,-0.250918462278976,,,
2012-03-01 ,0.470512180289955,,,
2012-03-02 ,0.692261327476975,,,
2012-03-05 ,-0.170399131314627,,,
2012-03-06 ,-1.80588013402083,,,
2012-03-07 ,-1.91721258550126,,,
2012-03-08 ,0.711457443998669,,,
2012-03-09 ,0.973779406507859,,,
2012-03-12 ,0.206215195409567,,,
2012-03-13 ,-1.27109653671081,,,
2012-03-14 ,1.7371248440172,,,
2012-03-15 ,0.13409349379836,,,
2012-03-16 ,0.906307376795894,,,
2012-03-19 ,0.193353398351151,,,
2012-03-20 ,-0.00285944543123237,,,
2012-03-21 ,-0.0302214381446405,,,
2012-03-22 ,-0.19755518011878,,,
2012-03-23 ,-0.921239250686749,,,
2012-03-26 ,0.502337663521794,,,
2012-03-27 ,0.59017405000932,,,
2012-03-28 ,-0.205654269741268,,,
2012-03-29 ,-0.794985868182763,,,
2012-03-30 ,-0.149532552532234,,,
2012-04-02 ,-0.505923178039391,,,
2012-04-03 ,0.244992695019825,,,
2012-04-04 ,0.717652291411531,,,
2012-04-05 ,-0.302361300881641,,,
2012-04-09 ,0.0410182505521729,,,
2012-04-10 ,-0.0894027889247995,,,
2012-04-11 ,-0.982735056601322,,,
2012-04-12 ,0.271829565036476,,,
2012-04-13 ,0.235466613521355,,,
2012-04-16 ,0.119373183577159,,,
2012-04-17 ,-0.769009572082718,,,
2012-04-18 ,0.285298419452418,,,
2012-04-19 ,0.0265420077610553,,,
2012-04-20 ,0.0238562791226163,,,
2012-04-23 ,-0.619761371619081,,,
2012-04-24 ,0.136579830669131,,,
2012-04-25 ,-0.477386960503268,,,
2012-04-26 ,0.352639165474642,,,
2012-04-27 ,-0.335510084151746,,,
2012-04-30 ,0.310021129530078,,,
2012-05-01 ,-0.452448046324525,,,
2012-05-02 ,-0.286276226980276,,,
2012-05-03 ,1.97025837143627,,,
2012-05-04 ,0.416692361337463,,,
2012-05-07 ,0.316355860399996,,,
2012-05-08 ,-0.237520233778923,,,
2012-05-09 ,-0.434326459532642,,,
2012-05-10 ,-0.0720325579066894,,,
2012-05-11 ,-0.0462549187411722,,,
2012-05-14 ,0.900867388905064,,,
2012-05-15 ,-0.312762851569592,,,
2012-05-16 ,1.10046357446337,,,
2012-05-17 ,-0.234742966863733,,,
2012-05-18 ,-0.485464396193985,,,
2012-05-21 ,-0.533166267567116,,,
2012-05-22 ,-0.49797508687091,,,
2012-05-23 ,0.620720887590152,,,
2012-05-24 ,-0.00186373452726305,,,
2012-05-25 ,0.289858524928617,,,
2012-05-29 ,-0.231063634729964,,,
2012-05-30 ,-0.0529003859531742,,,
2012-05-31 ,0.348640672902176,,,
2012-06-01 ,0.0670433574925493,,,
2012-06-04 ,-0.4746983277222,,,
2012-06-05 ,0.650379727991271,,,
2012-06-06 ,-0.249692890695665,,,
2012-06-07 ,-0.415014845286155,,,
2012-06-08 ,0.190337328886983,,,
2012-06-11 ,0.20234864007335,,,
2012-06-12 ,0.67106956111372,,,
2012-06-13 ,0.156374479820693,,,
2012-06-14 ,0.258607222094726,,,
2012-06-15 ,0.371288860040672,,,
2012-06-18 ,-0.173550986997905,,,
2012-06-19 ,0.748339013495358,,,
2012-06-20 ,-1.11285205574818,,,
2012-06-21 ,-0.389020242436308,,,
2012-06-22 ,1.09220573142403,,,
2012-06-25 ,0.344084491840921,,,
2012-06-26 ,0.479162703865532,,,
2012-06-27 ,0.376263296310661,,,
2012-06-28 ,-0.718141316369291,,,
2012-06-29 ,0.0759289480608709,,,
2012-07-02 ,-0.434864852204685,,,
2012-07-03 ,0.320227208307947,,,
2012-07-05 ,-2.15488297091239,,,
2012-07-06 ,0.689054992634741,,,
2012-07-09 ,1.19464941863049,,,
2012-07-10 ,0.923031086551945,,,
2012-07-11 ,1.13478344437468,,,
2012-07-12 ,-0.507549786137652,,,
2012-07-13 ,0.652319026649208,,,
2012-07-16 ,-0.793992254369473,,,
2012-07-17 ,0.301484726351606,,,
2012-07-18 ,-0.257186081773786,,,
2012-07-19 ,-1.31669550450367,,,
2012-07-20 ,-1.60326950412752,,,
2012-07-23 ,0.870113882221612,,,
2012-07-24 ,0.900526019409037,,,
2012-07-25 ,0.729124158202616,,,
2012-07-26 ,0.0206420297452246,,,
2012-07-27 ,-0.805891363667497,,,
2012-07-30 ,-1.28322158356386,,,
2012-07-31 ,0.17924031441662,,,
2012-08-01 ,0.385830872743292,,,
2012-08-02 ,0.15685038013905,,,
2012-08-03 ,-0.00595431319475611,,,
2012-08-06 ,-0.773130565424284,,,
2012-08-07 ,-0.140594084955861,,,
2012-08-08 ,-0.171371790129022,,,
2012-08-09 ,0.0432542696542071,,,
2012-08-10 ,-0.0448588920370782,,,
2012-08-13 ,-0.230077705708461,,,
2012-08-14 ,0.056610404508338,,,
2012-08-15 ,0.256615184178926,,,
2012-08-16 ,-0.43832007226827,,,
2012-08-17 ,-0.25414775705782,,,
2012-08-20 ,-0.564302121483164,,,
2012-08-21 ,-0.24359394248604,,,
2012-08-22 ,-0.0223036328435236,,,
2012-08-23 ,0.178214230001893,,,
2012-08-24 ,-0.124600678650783,,,
2012-08-27 ,-0.0397668344308992,,,
2012-08-28 ,-0.237389248055621,,,
2012-08-29 ,-0.114564223915566,,,
2012-08-30 ,0.0125267089192897,,,
2012-08-31 ,0.370537308109762,,,
2012-09-04 ,-0.184976464960676,,,
2012-09-05 ,0.303124287965305,,,
2012-09-06 ,-0.485063396570214,,,
2012-09-07 ,-0.204441737250956,,,
2012-09-10 ,-0.727097583025696,,,
2012-09-11 ,0.164086682626751,,,
2012-09-12 ,0.0455895994560513,,,
2012-09-13 ,0.176526969504258,,,
2012-09-14 ,-0.48102811891758,,,
2012-09-17 ,-0.578946159154595,,,
2012-09-18 ,0.525843849563325,,,
2012-09-19 ,-0.214024430601319,,,
2012-09-20 ,-0.437565704592263,,,
2012-09-21 ,-0.257539318519238,,,
2012-09-24 ,0.189825782676654,,,
2012-09-25 ,0.0874280421566848,,,
2012-09-26 ,0.316150478475049,,,
2012-09-27 ,-0.292340992611822,,,
2012-09-28 ,-0.0732188634678148,,,
2012-10-01 ,-0.387841812305087,,,
2012-10-02 ,0.104533131016079,,,
2012-10-03 ,0.31734736108388,,,
2012-10-04 ,0.0560441898821119,,,
2012-10-05 ,0.325607878463865,,,
2012-10-08 ,-0.0911453796960643,,,
2012-10-09 ,-0.24629262771977,,,
2012-10-10 ,-0.237061282219541,,,
2012-10-11 ,-0.616587180831206,,,
2012-10-12 ,0.503030616863424,,,
2012-10-15 ,-0.424773977755651,,,
2012-10-16 ,0.310585032243253,,,
2012-10-17 ,0.683300717121522,,,
2012-10-18 ,0.615665685045151,,,
2012-10-19 ,-0.383578148739742,,,
2012-10-22 ,-0.229310811052259,,,
2012-10-23 ,-0.178977476266948,,,
2012-10-24 ,-0.255695764401968,,,
2012-10-25 ,0.241082102079998,,,
2012-10-26 ,0.345245850684985,,,
2012-10-31 ,-0.334651301167331,,,
2012-11-01 ,0.489359119718091,,,
2012-11-02 ,-0.49744168776746,,,
2012-11-05 ,-0.491189975425748,,,
2012-11-06 ,0.089952720473791,,,
2012-11-07 ,0.432187630263835,,,
2012-11-08 ,-0.107851393097413,,,
2012-11-09 ,0.0752338311181717,,,
2012-11-12 ,0.222978292434663,,,
2012-11-13 ,0.0776335361190562,,,
2012-11-14 ,-0.164975291014441,,,
2012-11-15 ,-0.127899184426868,,,
2012-11-16 ,-0.145244761567948,,,
2012-11-19 ,0.541450820332178,,,
2012-11-20 ,0.110578255549682,,,
2012-11-21 ,-0.186163056173235,,,
2012-11-23 ,0.100013748117784,,,
2012-11-26 ,0.336487822246011,,,
2012-11-27 ,0.0141580531208765,,,
2012-11-28 ,-0.102578056827588,,,
2012-11-29 ,-0.0193047687078938,,,
2012-11-30 ,0.481019329607667,,,
2012-12-03 ,-0.607072236993186,,,
2012-12-04 ,0.203732798685897,,,
2012-12-05 ,-0.0270596569513869,,,
2012-12-06 ,0.165839956259447,,,
2012-12-07 ,-0.376781837537081,,,
2012-12-10 ,0.151342923076667,,,
2012-12-11 ,-0.503934194562845,,,
2012-12-12 ,0.0611804628005149,,,
2012-12-13 ,0.175455993548142,,,
2012-12-14 ,0.0431583143287322,,,
2012-12-17 ,0.208111615985447,,,
2012-12-18 ,0.3855887249779,,,
2012-12-19 ,-0.210897794669835,,,
2012-12-20 ,-0.219208741112681,,,
2012-12-21 ,0.333501308225317,,,
2012-12-24 ,-0.389196064192752,,,
2012-12-26 ,0.152592286613304,,,
2012-12-27 ,0.423962257689021,,,
2012-12-28 ,-0.213023832225918,,,
2012-12-31 ,0.0478715540413556,,,
2013-01-02 ,-0.563983501974698,,,
2013-01-03 ,0.151654017668601,,,
2013-01-04 ,-0.143592959087683,,,
2013-01-07 ,-0.504992134055423,,,
2013-01-08 ,0.0880820361303936,,,
2013-01-09 ,0.071548812569252,,,
2013-01-10 ,0.17029147295418,,,
2013-01-11 ,-0.0963419035418746,,,
2013-01-14 ,0.264583301115805,,,
2013-01-15 ,-0.185625757071737,,,
2013-01-16 ,0.0152807854501618,,,
2013-01-17 ,-0.255290508901603,,,
2013-01-18 ,0.422492557672088,,,
2013-01-22 ,0.141989003939446,,,
2013-01-23 ,-0.0466280907634206,,,
2013-01-24 ,0.159689392416148,,,
2013-01-25 ,0.294028682553457,,,
2013-01-28 ,-0.0896957266914607,,,
2013-01-29 ,-0.318056153319802,,,
2013-01-30 ,-0.644137313920914,,,
2013-01-31 ,-0.00632504912261338,,,
2013-02-01 ,-0.320385651502901,,,
2013-02-04 ,0.578595596437739,,,
2013-02-05 ,-0.149144299196331,,,
2013-02-06 ,-0.11624516493086,,,
2013-02-07 ,0.064399611379575,,,
2013-02-08 ,-0.525441017513298,,,
2013-02-11 ,-0.0362988772350779,,,
2013-02-12 ,0.0365703594955214,,,
2013-02-13 ,0.340564542559132,,,
2013-02-14 ,0.212281430760653,,,
2013-02-15 ,0.48303340717861,,,
2013-02-19 ,0.03581144452214,,,
2013-02-20 ,0.048415529074352,,,
2013-02-21 ,-1.00527011248556,,,
2013-02-22 ,-0.611955815035085,,,
2013-02-25 ,1.00933080783384,,,
2013-02-26 ,-0.909257980148715,,,
2013-02-27 ,0.179992384759958,,,
2013-02-28 ,0.341130438128991,,,
2013-03-01 ,-0.507197393625941,,,
2013-03-04 ,0.28953502440742,,,
2013-03-05 ,0.53925887569773,,,
2013-03-06 ,0.275309121182534,,,
2013-03-07 ,-0.679748769494974,,,
2013-03-08 ,-0.201203282907227,,,
2013-03-11 ,0.308786765709821,,,
2013-03-12 ,0.00699655144796667,,,
2013-03-13 ,-0.382398237192651,,,
2013-03-14 ,0.363324967194084,,,
2013-03-15 ,0.256712404216192,,,
2013-03-18 ,-0.598838754797819,,,
2013-03-19 ,-0.204785542047536,,,
2013-03-20 ,-0.501275561407699,,,
2013-03-21 ,0.634162132297084,,,
2013-03-22 ,-0.764487671911244,,,
2013-03-25 ,0.156049653344961,,,
2013-03-26 ,-0.439118319825269,,,
2013-03-27 ,0.394901348478675,,,
2013-03-28 ,0.231495538505135,,,
2013-04-01 ,-0.24686087750576,,,
2013-04-02 ,-0.0750318713580823,,,
2013-04-03 ,0.19598672418334,,,
2013-04-04 ,-0.120301054328625,,,
2013-04-05 ,0.202841938901392,,,
2013-04-08 ,0.0989747846425952,,,
2013-04-09 ,0.315416410261553,,,
2013-04-10 ,-1.77115330919176,,,
2013-04-11 ,1.07610807786092,,,
2013-04-12 ,0.156044562695099,,,
2013-04-15 ,0.615256807405475,,,
2013-04-16 ,0.909900133129369,,,
2013-04-17 ,0.230702224608827,,,
2013-04-18 ,0.426643036126216,,,
2013-04-19 ,-0.0940858884133503,,,
2013-04-22 ,0.702770316191207,,,
2013-04-23 ,0.105918771277995,,,
2013-04-24 ,-0.702401462579804,,,
2013-04-25 ,-1.50575942442713,,,
2013-04-26 ,-0.194630856252835,,,
2013-04-29 ,-0.378453071781881,,,
2013-04-30 ,-0.207734936809355,,,
2013-05-01 ,-0.844586414325735,,,
2013-05-02 ,0.221219961901384,,,
2013-05-03 ,-0.112327698880832,,,
2013-05-06 ,0.0656957782120048,,,
2013-05-07 ,-0.177245647053654,,,
2013-05-08 ,-0.370019837515186,,,
2013-05-09 ,-1.54834155136074,,,
2013-05-10 ,-0.0223727766554401,,,
2013-05-13 ,0.793480931472017,,,
2013-05-14 ,0.925061214129242,,,
2013-05-15 ,0.347714076664008,,,
2013-05-16 ,0.839283511301743,,,
2013-05-17 ,0.199509223680768,,,
2013-05-20 ,-0.123071828807558,,,
2013-05-21 ,-1.09564286241437,,,
2013-05-22 ,0.466085162413119,,,
2013-05-23 ,0.119452496390284,,,
2013-05-24 ,0.562896964820428,,,
2013-05-28 ,0.403471097941481,,,
2013-05-29 ,0.59446539129403,,,
2013-05-30 ,-0.785912183110282,,,
2013-05-31 ,0.0241744635322887,,,
2013-06-03 ,-0.43362644628066,,,
2013-06-04 ,0.294759406270513,,,
2013-06-05 ,0.273536696401885,,,
2013-06-06 ,-0.175521246625077,,,
2013-06-07 ,-0.0710804958257525,,,
2013-06-10 ,0.0512460561392087,,,
2013-06-11 ,0.112268286471481,,,
2013-06-12 ,0.194826248325581,,,
2013-06-13 ,-0.459031779600063,,,
2013-06-14 ,0.0546062893230383,,,
2013-06-17 ,-0.0414342096131195,,,
2013-06-18 ,0.263848959754963,,,
2013-06-19 ,-0.287782249101746,,,
2013-06-20 ,-0.596279619539964,,,
2013-06-21 ,-0.254760064918421,,,
2013-06-24 ,0.287439241212722,,,
2013-06-25 ,0.400306541743341,,,
2013-06-26 ,-0.105038305849032,,,
2013-06-27 ,0.182129518761133,,,
2013-06-28 ,0.135981389483555,,,
2013-07-01 ,-0.666592583436217,,,
2013-07-02 ,0.974115277212064,,,
2013-07-03 ,-0.553102880991924,,,
2013-07-05 ,0.236933689010596,,,
2013-07-08 ,1.72158607996274,,,
2013-07-09 ,-0.0685744160240842,,,
2013-07-10 ,0.0221415668690942,,,
2013-07-11 ,-0.117405071568109,,,
2013-07-12 ,-0.846726789491973,,,
2013-07-15 ,0.615597435497517,,,
2013-07-16 ,0.274241379825567,,,
2013-07-17 ,-0.455466166452071,,,
2013-07-18 ,0.030188811823461,,,
2013-07-19 ,0.461305901898391,,,
2013-07-22 ,0.194323981639953,,,
2013-07-23 ,0.608806345381041,,,
2013-07-24 ,-0.515621509180952,,,
2013-07-25 ,0.711240870048991,,,
2013-07-26 ,0.725902709972054,,,
2013-07-29 ,-0.561720142220972,,,
2013-07-30 ,-0.136748350298115,,,
2013-07-31 ,0.538472626986418,,,
2013-08-01 ,0.029462786925301,,,
2013-08-02 ,0.507419325373389,,,
2013-08-05 ,0.160702761672378,,,
2013-08-06 ,0.148042075259108,,,
2013-08-07 ,0.567451730403538,,,
2013-08-08 ,0.0642717439495798,,,
2013-08-09 ,-1.00138539193994,,,
2013-08-12 ,-0.429207456062032,,,
2013-08-13 ,-0.752336664238939,,,
2013-08-14 ,0.105739138210741,,,
2013-08-15 ,-0.463012149379299,,,
2013-08-16 ,-0.587184737598849,,,
2013-08-19 ,0.430616758289815,,,
2013-08-20 ,0.610682870176486,,,
2013-08-21 ,-0.520714432907595,,,
2013-08-22 ,0.224991721619837,,,
2013-08-23 ,-0.452763115708679,,,
2013-08-26 ,-0.0343432008273605,,,
2013-08-27 ,-0.624027768867641,,,
2013-08-28 ,0.49713638542063,,,
2013-08-29 ,0.00106423900918213,,,
2013-08-30 ,-0.249996050074583,,,
2013-09-03 ,-0.250560827629038,,,
2013-09-04 ,1.05293008407623,,,
2013-09-05 ,0.313696844705621,,,
2013-09-06 ,0.482428048734909,,,
2013-09-09 ,-0.609893160184911,,,
2013-09-10 ,-0.0971219392406301,,,
2013-09-11 ,0.723042918039118,,,
2013-09-12 ,-0.637380254267237,,,
2013-09-13 ,0.167537033357947,,,
2013-09-16 ,-0.0867626147462237,,,
2013-09-17 ,0.240297910399579,,,
2013-09-18 ,-0.126173418240548,,,
2013-09-19 ,-0.747800482138856,,,
2013-09-20 ,0.40627559250828,,,
2013-09-23 ,0.399370345138555,,,
2013-09-24 ,-0.205268198692528,,,
2013-09-25 ,0.164506675466089,,,
2013-09-26 ,0.339834888608061,,,
2013-09-27 ,0.0231072706397935,,,
2013-09-30 ,-0.18631848383369,,,
2013-10-01 ,-0.166046215176444,,,
2013-10-02 ,0.242301695119061,,,
2013-10-03 ,0.244607127777216,,,
2013-10-04 ,0.309033084110595,,,
2013-10-07 ,0.640841628389873,,,
2013-10-08 ,0.00221253569432733,,,
2013-10-09 ,-0.991667363628821,,,
2013-10-10 ,-0.256253902652655,,,
2013-10-11 ,0.183081416325611,,,
2013-10-14 ,-0.182648428913992,,,
2013-10-15 ,0.211490417182419,,,
2013-10-16 ,0.700546991561978,,,
2013-10-17 ,-0.201636274999138,,,
2013-10-18 ,-0.00889496664268995,,,
2013-10-21 ,0.372082046558359,,,
2013-10-22 ,0.352396843897001,,,
2013-10-23 ,-0.867513926436662,,,
2013-10-24 ,-0.860901089341669,,,
2013-10-25 ,0.5467944643955,,,
2013-10-28 ,-0.2758630846626,,,
2013-10-29 ,-0.809894070428033,,,
2013-10-30 ,0.28667483633317,,,
2013-10-31 ,-0.0119647040077368,,,
2013-11-01 ,-0.184534743195131,,,
2013-11-04 ,0.0575177951615014,,,
2013-11-05 ,0.439165478017461,,,
2013-11-06 ,-0.203853274335135,,,
2013-11-07 ,-1.2728456393863,,,
2013-11-08 ,-0.615167869693904,,,
2013-11-11 ,0.571409572458068,,,
2013-11-12 ,0.465135750420682,,,
2013-11-13 ,-0.0781351422651576,,,
2013-11-14 ,0.0715582464906026,,,
2013-11-15 ,0.311758981476333,,,
2013-11-18 ,0.597364025961122,,,
2013-11-19 ,-0.818304040302064,,,
2013-11-20 ,-0.695907069028378,,,
2013-11-21 ,-0.132228379236284,,,
2013-11-22 ,0.873617696619437,,,
2013-11-25 ,0.358321847874099,,,
2013-11-26 ,-0.262648650208506,,,
2013-11-27 ,0.98572378986932,,,
2013-11-29 ,-0.264517149933934,,,
2013-12-02 ,-0.215116402689716,,,
2013-12-03 ,0.1529668772141,,,
2013-12-04 ,0.013915327295817,,,
2013-12-05 ,-0.238381703431828,,,
2013-12-06 ,-0.394481379917861,,,
2013-12-09 ,0.0420786219539553,,,
2013-12-10 ,-0.324623436322132,,,
2013-12-11 ,0.170041431104801,,,
2013-12-12 ,0.412477526215811,,,
2013-12-13 ,0.485404126497002,,,
2013-12-16 ,0.0612630469916189,,,
2013-12-17 ,0.271285485868378,,,
2013-12-18 ,-0.185026429270409,,,
2013-12-19 ,-0.000488609107067415,,,
2013-12-20 ,-0.0611401064923248,,,
2013-12-23 ,-0.0557705941408069,,,
2013-12-24 ,-0.179609308730409,,,
2013-12-26 ,-0.338424335415598,,,
2013-12-27 ,0.259486814755253,,,
2013-12-30 ,-0.432151234066528,,,
2013-12-31 ,0.048194675247026,,,
2014-01-02 ,-0.176022799120896,,,
2014-01-03 ,0.345316126626207,,,
2014-01-06 ,1.03886492779032,,,
2014-01-07 ,-0.214809001928413,,,
2014-01-08 ,0.237122979613661,,,
2014-01-09 ,0.497108748200963,,,
2014-01-10 ,1.40939107647386,,,
2014-01-13 ,-0.665974104712723,,,
2014-01-14 ,-0.0489815875057966,,,
2014-01-15 ,0.56978152012075,,,
2014-01-16 ,-0.44989649479831,,,
2014-01-17 ,-0.373779246983102,,,
2014-01-21 ,0.512347706261845,,,
2014-01-22 ,-0.286702305435377,,,
2014-01-23 ,-0.525984881189809,,,
2014-01-24 ,0.225446015411923,,,
2014-01-27 ,-0.424188236374241,,,
2014-01-28 ,0.125358418664212,,,
2014-01-29 ,0.0900602867480655,,,
2014-01-30 ,0.112899581792054,,,
2014-01-31 ,0.720355380471563,,,
2014-02-03 ,-0.720101295291373,,,
2014-02-04 ,-0.31500159156299,,,
2014-02-05 ,0.0645278461511575,,,
2014-02-06 ,-0.287678757081896,,,
2014-02-07 ,0.599651508074406,,,
2014-02-10 ,-0.580842928903302,,,
2014-02-11 ,-0.357269550689134,,,
2014-02-12 ,-0.286260306594156,,,
2014-02-13 ,0.285839283743529,,,
2014-02-14 ,0.144118847436441,,,
2014-02-18 ,0.520648100922614,,,
2014-02-19 ,0.212532721867357,,,
2014-02-20 ,-0.401614430789592,,,
2014-02-21 ,-0.104860092350698,,,
2014-02-24 ,-0.155985866250065,,,
2014-02-25 ,-0.0642677362341531,,,
2014-02-26 ,-0.487483585435611,,,
2014-02-27 ,0.0165121766996453,,,
2014-02-28 ,-0.324194523046565,,,
2014-03-03 ,-0.94140062321471,,,
2014-03-04 ,0.239973359571587,,,
2014-03-05 ,0.28894819765412,,,
2014-03-06 ,-0.142194774917997,,,
2014-03-07 ,-0.785657739696276,,,
2014-03-10 ,-0.190603775450306,,,
2014-03-11 ,0.0592812361326253,,,
2014-03-12 ,-0.0939527559087748,,,
2014-03-13 ,0.482532884419965,,,
2014-03-14 ,0.220361271334536,,,
2014-03-17 ,0.255742349748184,,,
2014-03-18 ,-0.199897975553373,,,
2014-03-19 ,0.130857139517026,,,
2014-03-20 ,-0.24291248009501,,,
2014-03-21 ,-0.563290736613127,,,
2014-03-24 ,-0.987324953536018,,,
2014-03-25 ,-0.845709661381464,,,
2014-03-26 ,0.112532315792716,,,
2014-03-27 ,-0.418151968467961,,,
2014-03-28 ,-0.0229527258099643,,,
2014-03-31 ,-0.633372021124431,,,
2014-04-01 ,0.405584737577543,,,
2014-04-02 ,0.800677423770186,,,
2014-04-03 ,-0.0719188978517949,,,
2014-04-04 ,-1.20744259681829,,,
2014-04-07 ,-0.920786427452005,,,
2014-04-08 ,-0.795427282359028,,,
2014-04-09 ,0.487331006051603,,,
2014-04-10 ,1.22939553116139,,,
2014-04-11 ,-1.39469760147806,,,
2014-04-14 ,-0.118662554499643,,,
2014-04-15 ,0.114431112992006,,,
2014-04-16 ,0.0869980765135237,,,
2014-04-17 ,0.307528977794753,,,
2014-04-21 ,-0.286811596357367,,,
2014-04-22 ,0.138258537267919,,,
2014-04-23 ,0.975639944797096,,,
2014-04-24 ,-0.346998772414062,,,
2014-04-25 ,-0.414058171709528,,,
2014-04-28 ,-1.00653417631329,,,
2014-04-29 ,-0.877813584703049,,,
2014-04-30 ,1.15116987189364,,,
2014-05-01 ,-0.105043344000879,,,
2014-05-02 ,-0.828620516310488,,,
2014-05-05 ,0.236021810646187,,,
2014-05-06 ,-0.527864037065681,,,
2014-05-07 ,1.29309755195788,,,
2014-05-08 ,1.50981834369317,,,
2014-05-09 ,1.08899524924503,,,
2014-05-12 ,-0.755235445490411,,,
2014-05-13 ,-1.08996775318865,,,
2014-05-14 ,0.332589132136862,,,
2014-05-15 ,0.00616996921618048,,,
2014-05-16 ,0.0634608759564538,,,
2014-05-19 ,0.0526056433434959,,,
2014-05-20 ,-0.883798681323138,,,
2014-05-21 ,0.281710306630713,,,
2014-05-22 ,-0.474200271462544,,,
2014-05-23 ,-0.60182678029166,,,
2014-05-27 ,-0.399345468080853,,,
2014-05-28 ,-0.716982958039919,,,
2014-05-29 ,0.329182932591084,,,
2014-05-30 ,-0.0892260883775288,,,
2014-06-02 ,0.519766586429806,,,
2014-06-03 ,-0.200237152160148,,,
2014-06-04 ,0.222962347587107,,,
2014-06-05 ,-0.439490759647637,,,
2014-06-06 ,-0.161282118774739,,,
2014-06-09 ,0.000893583863632258,,,
2014-06-10 ,-0.212762625115405,,,
2014-06-11 ,-0.376182742572842,,,
2014-06-12 ,0.142184012813363,,,
2014-06-13 ,0.500298739909902,,,
2014-06-16 ,-0.0867129340371505,,,
2014-06-17 ,-0.0234515310517021,,,
2014-06-18 ,-0.81743176246505,,,
2014-06-19 ,0.341693049257783,,,
2014-06-20 ,0.978527298626248,,,
2014-06-23 ,0.304540284991041,,,
2014-06-24 ,-0.154937762653523,,,
2014-06-25 ,-0.430044736732555,,,
2014-06-26 ,-0.962838001931219,,,
2014-06-27 ,-0.0500983229122161,,,
2014-06-30 ,-0.160612805542517,,,
2014-07-01 ,-0.392106252361113,,,
2014-07-02 ,0.536835087434429,,,
2014-07-03 ,-0.498993013365366,,,
2014-07-07 ,-0.119167751059257,,,
2014-07-08 ,-0.280582845919201,,,
2014-07-09 ,-0.319424699751123,,,
2014-07-10 ,0.482753410385464,,,
2014-07-11 ,0.223916318211469,,,
2014-07-14 ,0.101365327529227,,,
2014-07-15 ,0.191181919068545,,,
2014-07-16 ,-0.364351996860873,,,
2014-07-17 ,0.00403951556684041,,,
2014-07-18 ,0.00832813254020166,,,
2014-07-21 ,0.183953175956615,,,
2014-07-22 ,0.119611532952415,,,
2014-07-23 ,0.564386562562329,,,
2014-07-24 ,0.199279250327717,,,
2014-07-25 ,-0.208481806445139,,,
2014-07-28 ,0.478155025360114,,,
2014-07-29 ,-0.365333553559772,,,
2014-07-30 ,-0.298836252414361,,,
2014-07-31 ,0.722590931217457,,,
2014-08-01 ,-0.613923289220309,,,
2014-08-04 ,-1.00323411234964,,,
2014-08-05 ,1.13141758145929,,,
2014-08-06 ,-0.463049626707999,,,
2014-08-07 ,-0.433584420459194,,,
2014-08-08 ,0.810219985778999,,,
2014-08-11 ,-0.428932045898246,,,
2014-08-12 ,0.862696051626066,,,
2014-08-13 ,-0.461260596377591,,,
2014-08-14 ,0.633949253009957,,,
2014-08-15 ,-1.00908551704599,,,
2014-08-18 ,0.434232291321048,,,
2014-08-19 ,0.219935937891457,,,
2014-08-20 ,-0.306545812500745,,,
2014-08-21 ,-0.198341780297164,,,
2014-08-22 ,-0.296866828711693,,,
2014-08-25 ,0.362787306728625,,,
2014-08-26 ,0.379105179426048,,,
2014-08-27 ,0.463752914555864,,,
2014-08-28 ,0.0906282513699661,,,
2014-08-29 ,-0.433987930955262,,,
2014-09-02 ,0.373742397483895,,,
2014-09-03 ,0.461600464442623,,,
2014-09-04 ,-0.0333932737831509,,,
2014-09-05 ,0.108971230929542,,,
2014-09-08 ,0.0076494664416908,,,
2014-09-09 ,0.292221028380541,,,
2014-09-10 ,-0.209599117039263,,,
2014-09-11 ,-0.0931213773740509,,,
2014-09-12 ,-0.0660257205157183,,,
2014-09-15 ,0.0948564980395765,,,
2014-09-16 ,0.0221868868687256,,,
2014-09-17 ,0.254607502114411,,,
2014-09-18 ,0.214580764823843,,,
2014-09-19 ,0.46957639808691,,,
2014-09-22 ,0.299440175769515,,,
2014-09-23 ,0.417993133277375,,,
2014-09-24 ,0.256034878290804,,,
2014-09-25 ,0.601986883177008,,,
2014-09-26 ,-0.146211408804537,,,
2014-09-29 ,-0.0337750358140312,,,
2014-09-30 ,-0.0551624662444919,,,
2014-10-01 ,0.513824065417481,,,
2014-10-02 ,-0.836015097710555,,,
2014-10-03 ,0.832945009934023,,,
2014-10-06 ,0.840384586442451,,,
2014-10-07 ,-0.316320461901629,,,
2014-10-08 ,-0.250736233047015,,,
2014-10-09 ,0.0609462820223295,,,
2014-10-10 ,-0.127529042276078,,,
2014-10-13 ,-1.1641403017521,,,
2014-10-14 ,0.38720933472917,,,
2014-10-15 ,0.548326426742795,,,
2014-10-16 ,0.116007682451334,,,
2014-10-17 ,0.0754262434073165,,,
2014-10-20 ,0.640940601146805,,,
2014-10-21 ,0.508691966493355,,,
2014-10-22 ,-0.0438095894348543,,,
2014-10-23 ,-0.0943226028463166,,,
2014-10-24 ,-0.321561099573407,,,
2014-10-27 ,0.211062772464065,,,
2014-10-28 ,-0.0480559084319756,,,
2014-10-29 ,0.213934871583062,,,
2014-10-30 ,-0.503170800109232,,,
2014-10-31 ,-0.242384823189062,,,
2014-11-03 ,-0.190614277271515,,,
2014-11-04 ,1.1017438553441,,,
2014-11-05 ,1.79735916778327,,,
2014-11-06 ,-0.824667917807016,,,
2014-11-07 ,-0.293866721084761,,,
2014-11-10 ,-0.903624808907223,,,
2014-11-11 ,1.26526784527704,,,
2014-11-12 ,0.0103889476587978,,,
2014-11-13 ,0.318262877619678,,,
2014-11-14 ,0.891042902100191,,,
2014-11-17 ,-0.400538216994405,,,
2014-11-18 ,0.029299684120839,,,
2014-11-19 ,0.127260336135199,,,
2014-11-20 ,0.192735621230876,,,
2014-11-21 ,-0.998330833222053,,,
2014-11-24 ,-0.535759759881868,,,
2014-11-25 ,0.618506959368879,,,
2014-11-26 ,0.3538899038941,,,
2014-11-28 ,1.27215390103348,,,
2014-12-01 ,3.23536106649591,,,
2014-12-02 ,0.250181250940722,,,
2014-12-03 ,0.564614025898177,,,
2014-12-04 ,-0.78409871165475,,,
2014-12-05 ,0.602172568273513,,,
2014-12-08 ,0.651114975113714,,,
2014-12-09 ,2.74131507256699,,,
2014-12-10 ,-0.695816081817753,,,
2014-12-11 ,1.37747908748258,,,
2014-12-12 ,0.878545397003859,,,
2014-12-15 ,0.392575830009743,,,
2014-12-16 ,0.453303154396499,,,
2014-12-17 ,-0.823023003453812,,,
2014-12-18 ,-1.59190702893125,,,
2014-12-19 ,-0.15437398615523,,,
2014-12-22 ,-1.30730452479665,,,
2014-12-23 ,0.960303180442569,,,
2014-12-24 ,-1.07958135252751,,,
2014-12-26 ,0.86989640986885,,,
2014-12-29 ,0.267446698797002,,,
2014-12-30 ,0.026292572959813,,,
2014-12-31 ,0.342956927766178,,,
2015-01-02 ,-0.100550000000003,,,
2015-01-05 ,0.0478953396281295,,,
2015-01-06 ,2.09743764796875,,,
2015-01-07 ,0.641288175858384,,,
2015-01-08 ,1.37087035120063,,,
2015-01-09 ,-0.631949234661594,,,
2015-01-12 ,-0.0232510015239949,,,
2015-01-13 ,1.50517818378133,,,
2015-01-14 ,-0.289458564366504,,,
2015-01-15 ,-0.760688811006522,,,
2015-01-16 ,-0.349442396120252,,,
2015-01-20 ,-1.49563552874898,,,
2015-01-21 ,0.349768592528231,,,
2015-01-22 ,-1.68553796209465,,,
2015-01-23 ,0.964935626123296,,,
2015-01-26 ,0.928608721301648,,,
2015-01-27 ,-0.790450352629,,,
2015-01-28 ,-0.887978212997787,,,
2015-01-29 ,2.38384092382273,,,
2015-01-30 ,1.09190897736707,,,
2015-02-02 ,-1.94744985821675,,,
2015-02-03 ,-0.912736293158919,,,
2015-02-04 ,-1.41383407540626,,,
2015-02-05 ,1.21293876301592,,,
2015-02-06 ,-0.407619311568035,,,
2015-02-09 ,-0.346445824361777,,,
2015-02-10 ,-1.1417259553996,,,
2015-02-11 ,1.48157914177353,,,
2015-02-12 ,-0.140231360081735,,,
2015-02-13 ,-0.00951373164950111,,,
2015-02-17 ,-0.9248634999258,,,
2015-02-18 ,-0.216763207415906,,,
2015-02-19 ,0.246402791875866,,,
2015-02-20 ,0.0504298960269314,,,
2015-02-23 ,0.102243850530044,,,
2015-02-24 ,0.817187673618745,,,
2015-02-25 ,0.572436197098524,,,
2015-02-26 ,-0.386560787107798,,,
2015-02-27 ,0.881969874704827,,,
2015-03-02 ,-0.311425940850235,,,
2015-03-03 ,0.22913621392801,,,
2015-03-04 ,0.309076478208922,,,
2015-03-05 ,0.0444584334567309,,,
2015-03-06 ,0.502799118810252,,,
2015-03-09 ,-0.580743494616561,,,
2015-03-10 ,0.58145200306301,,,
2015-03-11 ,0.78643354354825,,,
2015-03-12 ,-0.479941405815469,,,
2015-03-13 ,0.600087848456395,,,
2015-03-16 ,0.327066740928592,,,
2015-03-17 ,0.390338055633733,,,
2015-03-18 ,0.0811587654182342,,,
2015-03-19 ,-0.112424649650079,,,
2015-03-20 ,1.14436851137511,,,
2015-03-23 ,-0.437675594584246,,,
2015-03-24 ,-0.192774900923712,,,
2015-03-25 ,0.574126430893973,,,
2015-03-26 ,-0.750679763029971,,,
2015-03-27 ,-0.14159730210222,,,
2015-03-30 ,0.866034881265415,,,
2015-03-31 ,0.0768449353251999,,,
2015-04-01 ,-0.468603828985935,,,
2015-04-02 ,0.377901854881622,,,
2015-04-06 ,-0.0126024462430927,,,
2015-04-07 ,-0.103858680885505,,,
2015-04-08 ,-0.127704805195634,,,
2015-04-09 ,-0.130792103231665,,,
2015-04-10 ,0.378778396395547,,,
2015-04-13 ,-0.0147484049342537,,,
2015-04-14 ,-0.166119511761659,,,
2015-04-15 ,-0.0929880028479285,,,
2015-04-16 ,-0.0629501580085953,,,
2015-04-17 ,0.317982926360974,,,
2015-04-20 ,-0.409785927037115,,,
2015-04-21 ,-0.048958695490446,,,
2015-04-22 ,-0.00699474730056965,,,
2015-04-23 ,0.424070008201892,,,
2015-04-24 ,-0.03725362457298,,,
2015-04-27 ,-0.178460472758744,,,
2015-04-28 ,0.480881863772889,,,
2015-04-29 ,0.147733931072044,,,
2015-04-30 ,0.923706529153862,,,
2015-05-01 ,-0.24055559975293,,,
2015-05-04 ,-0.330614520503419,,,
2015-05-05 ,0.314806826404409,,,
2015-05-06 ,-0.0961538704083214,,,
2015-05-07 ,0.187600934487793,,,
2015-05-08 ,0.614776456311043,,,
2015-05-11 ,0.175467714636938,,,
2015-05-12 ,0.0809669567742276,,,
2015-05-13 ,-0.023882781167679,,,
2015-05-14 ,-0.118388261286832,,,
2015-05-15 ,-0.238174873765941,,,
2015-05-18 ,0.214515521816536,,,
2015-05-19 ,0.575803157582159,,,
2015-05-20 ,0.631173629849084,,,
2015-05-21 ,-0.161342109541873,,,
2015-05-22 ,-0.435713486304233,,,
2015-05-26 ,0.245506520449208,,,
2015-05-27 ,0.380157514795076,,,
2015-05-28 ,-0.15701996078897,,,
2015-05-29 ,0.193923447919113,,,
2015-06-01 ,0.0650533340006071,,,
2015-06-02 ,-0.451599189213565,,,
2015-06-03 ,0.703963262034334,,,
2015-06-04 ,-0.0300354938574097,,,
2015-06-05 ,-0.389995657432084,,,
2015-06-08 ,0.5522191344674,,,
2015-06-09 ,0.0742411299421377,,,
2015-06-10 ,0.301352458080604,,,
2015-06-11 ,-0.100141164595736,,,
2015-06-12 ,-0.423889728163157,,,
2015-06-15 ,-0.0918843939373681,,,
2015-06-16 ,0.190583472220606,,,
2015-06-17 ,0.32382835749987,,,
2015-06-18 ,-0.310654646142019,,,
2015-06-19 ,-0.953179808809529,,,
2015-06-22 ,-0.884861718554637,,,
2015-06-23 ,0.0384645923443815,,,
2015-06-24 ,0.439277473375487,,,
2015-06-25 ,0.508936539442393,,,
2015-06-26 ,-0.439937930061867,,,
2015-06-29 ,-0.0714354372119326,,,
2015-06-30 ,0.0736395351332664,,,
2015-07-01 ,-0.138304623024616,,,
2015-07-02 ,1.14630338671119,,,
2015-07-06 ,-0.207458224477503,,,
2015-07-07 ,0.784200476619718,,,
2015-07-08 ,-1.14123518377426,,,
2015-07-09 ,0.467091458198895,,,
2015-07-10 ,-0.0748422105911733,,,
2015-07-13 ,0.271168171488992,,,
2015-07-14 ,0.721323925057908,,,
2015-07-15 ,0.477422430520027,,,
2015-07-16 ,0.771857199331126,,,
2015-07-17 ,1.16944522572696,,,
2015-07-20 ,0.639245010379578,,,
2015-07-21 ,0.654517927554081,,,
2015-07-22 ,-0.368222846772067,,,
2015-07-23 ,0.27158200731255,,,
2015-07-24 ,0.467292628229871,,,
2015-07-27 ,-0.143106458861361,,,
2015-07-28 ,-0.118537790577404,,,
2015-07-29 ,-0.47704524163753,,,
2015-07-30 ,-0.43263635775484,,,
2015-07-31 ,-0.356168953756923,,,
2015-08-03 ,1.15139262401625,,,
2015-08-04 ,-0.0351944390880575,,,
2015-08-05 ,0.805436154012136,,,
2015-08-06 ,0.405551118565415,,,
2015-08-07 ,-1.5543317272314,,,
2015-08-10 ,0.0577177705236683,,,
2015-08-11 ,-0.4521230452218,,,
2015-08-12 ,0.381311583428584,,,
2015-08-13 ,-1.24325824266584,,,
2015-08-14 ,0.949595000230649,,,
2015-08-17 ,0.407666968464797,,,
2015-08-18 ,0.148215859620555,,,
2015-08-19 ,0.39772007681554,,,
2015-08-20 ,0.26812755379278,,,
2015-08-21 ,-0.0113321138051947,,,
2015-08-24 ,-1.35295612253628,,,
2015-08-25 ,0.147992234243124,,,
2015-08-26 ,0.803996211105723,,,
2015-08-27 ,0.351469087115844,,,
2015-08-28 ,-0.643141615876227,,,
2015-08-31 ,-0.372315401609278,,,
2015-09-01 ,-0.224926371831374,,,
2015-09-02 ,0.794969079997442,,,
2015-09-03 ,0.966004189867622,,,
2015-09-04 ,-0.490111252194698,,,
2015-09-08 ,0.454128654948606,,,
2015-09-09 ,0.591840255502186,,,
2015-09-10 ,0.353267826467642,,,
2015-09-11 ,0.352803993229911,,,
2015-09-14 ,0.792911804291097,,,
2015-09-15 ,0.399327031645062,,,
2015-09-16 ,-0.0805651234448797,,,
2015-09-17 ,-1.73916995717795,,,
2015-09-18 ,0.989330854128077,,,
2015-09-21 ,0.953053646857997,,,
2015-09-22 ,-0.10424878588285,,,
2015-09-23 ,0.0180677860650914,,,
2015-09-24 ,1.78843472679308,,,
2015-09-25 ,-0.573916923122588,,,
2015-09-28 ,-0.419319634013542,,,
2015-09-29 ,0.308762721808017,,,
2015-09-30 ,-0.703695439314922,,,
2015-10-01 ,-0.0343172193874081,,,
2015-10-02 ,-0.350558270857258,,,
2015-10-05 ,-0.321841823822588,,,
2015-10-06 ,0.540655872040437,,,
2015-10-07 ,0.785448955802318,,,
2015-10-08 ,-0.532305324397308,,,
2015-10-09 ,0.37963967081561,,,
2015-10-12 ,0.247952944011038,,,
2015-10-13 ,0.251828945952065,,,
2015-10-14 ,0.55987020102768,,,
2015-10-15 ,0.115740977638412,,,
2015-10-16 ,-1.1270732351075,,,
2015-10-19 ,-0.737404497462118,,,
2015-10-20 ,0.139735385990469,,,
2015-10-21 ,0.890804637212871,,,
2015-10-22 ,0.974976286472159,,,
2015-10-23 ,0.647728478556452,,,
2015-10-26 ,-0.83350315448563,,,
2015-10-27 ,-0.25928688446307,,,
2015-10-28 ,-0.623794866689588,,,
2015-10-29 ,-0.188693493158091,,,
2015-10-30 ,0.756293860104625,,,
2015-11-02 ,-0.165040175283637,,,
2015-11-03 ,-1.11358622626514,,,
2015-11-04 ,-1.38338899225806,,,
2015-11-05 ,0.0974061635248854,,,
2015-11-06 ,0.89658530251808,,,
2015-11-09 ,-0.496886423776906,,,
2015-11-10 ,0.213954255438555,,,
2015-11-11 ,0.298475099178936,,,
2015-11-12 ,2.33743534552415,,,
2015-11-13 ,0.61711394560153,,,
2015-11-16 ,-0.945962053519508,,,
2015-11-17 ,-0.825639444856022,,,
2015-11-18 ,0.243490812030567,,,
2015-11-19 ,-0.454347857005191,,,
2015-11-20 ,1.55180189454754,,,
2015-11-23 ,0.529949075562491,,,
2015-11-24 ,0.115189196428271,,,
2015-11-25 ,-1.45762265775412,,,
2015-11-27 ,-0.0135319028400036,,,
2015-11-30 ,1.04243700817686,,,
2015-12-01 ,-0.520690544303121,,,
2015-12-02 ,0.144798117894866,,,
2015-12-03 ,-0.482926472268435,,,
2015-12-04 ,0.141538885460649,,,
2015-12-07 ,-0.182986183053096,,,
2015-12-08 ,-0.983570672094657,,,
2015-12-09 ,-0.32698634672988,,,
2015-12-10 ,0.388665396656922,,,
2015-12-11 ,0.535968705487795,,,
2015-12-14 ,-0.66124518926994,,,
2015-12-15 ,0.133221561871756,,,
2015-12-16 ,1.14775709912767,,,
2015-12-17 ,-0.857689904579333,,,
2015-12-18 ,-0.602803336682761,,,
2015-12-21 ,-0.985193549274577,,,
2015-12-22 ,-0.559451640488011,,,
2015-12-23 ,0.547714884939803,,,
2015-12-24 ,0.914999890787817,,,
2015-12-28 ,0.132720596365048,,,
2015-12-29 ,-0.722920668708914,,,
2015-12-30 ,0.140620477306444,,,
2015-12-31 ,-0.320547448613663,,,
2016-01-04 ,0.0634749143191662,,,
2016-01-05 ,-0.947877269953546,,,
2016-01-06 ,-0.421836249604922,,,
2016-01-07 ,0.0155717790728562,,,
2016-01-08 ,-0.368268314620888,,,
2016-01-11 ,0.0322234177570565,,,
2016-01-12 ,0.0948581724666464,,,
2016-01-13 ,0.272076589372247,,,
2016-01-14 ,-0.749161105122094,,,
2016-01-15 ,0.0907455171351468,,,
2016-01-19 ,-0.236657803764846,,,
2016-01-20 ,0.365832016755478,,,
2016-01-21 ,-0.426376313348564,,,
2016-01-22 ,-0.435726941931212,,,
2016-01-25 ,-0.0144826147163046,,,
2016-01-26 ,-0.403870975627738,,,
2016-01-27 ,-0.599090427258407,,,
2016-01-28 ,0.122987446567621,,,
2016-01-29 ,-0.437663509370911,,,
2016-02-01 ,-0.294693226220554,,,
2016-02-02 ,0.877014045287303,,,
2016-02-03 ,1.47151931780402,,,
2016-02-04 ,-1.78809714366886,,,
2016-02-05 ,-1.10629892949974,,,
2016-02-08 ,-0.228582684798031,,,
2016-02-09 ,-0.0557110992632377,,,
2016-02-10 ,0.947912558630894,,,
2016-02-11 ,0.524270256809866,,,
2016-02-12 ,-0.339229385084691,,,
2016-02-16 ,-1.56538874475822,,,
2016-02-17 ,-0.765650729409785,,,
2016-02-18 ,-1.2747547949346,,,
2016-02-19 ,0.379238312509685,,,
2016-02-22 ,1.12308454610025,,,
2016-02-23 ,-1.2012357969855,,,
2016-02-24 ,2.32351117421132,,,
2016-02-25 ,-0.223073922644387,,,
2016-02-26 ,0.924662676854799,,,
2016-02-29 ,-1.7304396393477,,,
2016-03-01 ,-0.0539234793473626,,,
2016-03-02 ,-2.14251101022252,,,
2016-03-03 ,-0.582306779771663,,,
2016-03-04 ,-0.833407395164681,,,
2016-03-07 ,-0.589041036369549,,,
2016-03-08 ,-0.102302097375728,,,
2016-03-09 ,2.16359754825057,,,
2016-03-10 ,0.10090665784303,,,
2016-03-11 ,0.186001080880874,,,
2016-03-14 ,-1.72589700760897,,,
2016-03-15 ,0.623961584574682,,,
2016-03-16 ,0.949403657453741,,,
2016-03-17 ,0.294619434693913,,,
2016-03-18 ,0.18605971822121,,,
2016-03-21 ,-1.62779277178554,,,
2016-03-22 ,-0.56185588797218,,,
2016-03-23 ,-0.280074057193588,,,
2016-03-24 ,2.13301662261843,,,
2016-03-28 ,0.253518296736744,,,
2016-03-29 ,0.304074567951644,,,
2016-03-30 ,0.213819823389604,,,
2016-03-31 ,-0.302734512558711,,,
2016-04-01 ,-0.636029779243465,,,
2016-04-04 ,-0.798304783705132,,,
2016-04-05 ,0.0910873738923307,,,
2016-04-06 ,-0.00368988997840153,,,
2016-04-07 ,-0.863222090002539,,,
2016-04-08 ,0.361523562839073,,,
2016-04-11 ,-0.166992698677664,,,
2016-04-12 ,0.490068355822423,,,
2016-04-13 ,-0.408966735343579,,,
2016-04-14 ,-0.530551180781461,,,
2016-04-15 ,-0.276747692242873,,,
2016-04-18 ,0.329249606431025,,,
2016-04-19 ,-0.62890496809953,,,
2016-04-20 ,-0.102853068449906,,,
2016-04-21 ,-0.0917335084326788,,,
2016-04-22 ,-1.02315662691661,,,
2016-04-25 ,0.241515116812164,,,
2016-04-26 ,-0.0168008335830218,,,
2016-04-27 ,0.435072032765628,,,
2016-04-28 ,-0.493361504041395,,,
2016-04-29 ,-0.291665372858555,,,
2016-05-02 ,-1.06254972980135,,,
2016-05-03 ,0.0812884693652036,,,
2016-05-04 ,-1.02267987991309,,,
2016-05-05 ,0.380849522572894,,,
2016-05-06 ,-0.179148169999383,,,
2016-05-09 ,0.516568823104049,,,
2016-05-10 ,-1.01473561736993,,,
2016-05-11 ,0.317004411892774,,,
2016-05-12 ,1.19238782359551,,,
2016-05-13 ,-0.0110105437836034,,,
2016-05-16 ,-0.170307172458106,,,
2016-05-17 ,0.19958777719944,,,
2016-05-18 ,0.0865602017000344,,,
2016-05-19 ,0.140056320916238,,,
2016-05-20 ,0.216632473842179,,,
2016-05-23 ,0.399622169187077,,,
2016-05-24 ,0.430548461076776,,,
2016-05-25 ,0.256393762131421,,,
2016-05-26 ,0.277546118118828,,,
2016-05-27 ,0.138327611090302,,,
2016-05-31 ,-0.0350922672444763,,,
2016-06-01 ,-0.183895685238314,,,
2016-06-02 ,-0.103276509307859,,,
2016-06-03 ,-0.00859804141803288,,,
2016-06-06 ,0.4421051519838,,,
2016-06-07 ,1.69206827849018,,,
2016-06-08 ,0.424260618752549,,,
2016-06-09 ,0.880982492768397,,,
2016-06-10 ,-0.550900821516476,,,
2016-06-13 ,-1.04723486101647,,,
2016-06-14 ,0.0907225837648789,,,
2016-06-15 ,-0.927144622770102,,,
2016-06-16 ,-0.050494141126454,,,
2016-06-17 ,-0.843073606541742,,,
2016-06-20 ,0.945224898936174,,,
2016-06-21 ,0.760654581783615,,,
2016-06-22 ,0.0352440774483566,,,
2016-06-23 ,-0.288976611311593,,,
2016-06-24 ,0.48710764075604,,,
2016-06-27 ,-0.916981160740292,,,
2016-06-28 ,-0.920606626986466,,,
2016-06-29 ,1.23672583075795,,,
2016-06-30 ,0.460529344736637,,,
2016-07-01 ,-0.150722482841919,,,
2016-07-05 ,-0.856094392024809,,,
2016-07-06 ,0.872103836454731,,,
2016-07-07 ,0.00813346034142865,,,
2016-07-08 ,0.308339496522581,,,
2016-07-11 ,0.0588289560419966,,,
2016-07-12 ,-0.151569005407324,,,
2016-07-13 ,-0.913826886315319,,,
2016-07-14 ,-0.0115927434372449,,,
2016-07-15 ,-0.331526139292104,,,
2016-07-18 ,0.395146041633196,,,
2016-07-19 ,0.00470975953882265,,,
2016-07-20 ,0.221949890738507,,,
2016-07-21 ,0.538255739808461,,,
2016-07-22 ,0.297319059378393,,,
2016-07-25 ,0.61765291645868,,,
2016-07-26 ,0.582006958322845,,,
2016-07-27 ,-0.186716252888989,,,
2016-07-28 ,0.642160446481454,,,
2016-07-29 ,0.513839496619373,,,
2016-08-01 ,-0.577080770521531,,,
2016-08-02 ,-0.185786748059442,,,
2016-08-03 ,0.918195003421682,,,
2016-08-04 ,-0.985974224698003,,,
2016-08-05 ,0.503847092580884,,,
2016-08-08 ,-1.30509141658812,,,
2016-08-09 ,-0.0609966253771065,,,
2016-08-10 ,0.473959179321811,,,
2016-08-11 ,0.429063249496733,,,
2016-08-12 ,-0.348955458107816,,,
2016-08-15 ,0.129528990204178,,,
2016-08-16 ,-0.829402847911319,,,
2016-08-17 ,-0.456195149248946,,,
2016-08-18 ,0.354597036877592,,,
2016-08-19 ,0.526871148458774,,,
2016-08-22 ,-0.28621172212485,,,
2016-08-23 ,-0.295823218164634,,,
2016-08-24 ,-0.67152663471605,,,
2016-08-25 ,-0.0350266881600362,,,
2016-08-26 ,-0.0519036557800915,,,
2016-08-29 ,-0.792037046681961,,,
2016-08-30 ,0.258010845457094,,,
2016-08-31 ,-1.26924944515802,,,
2016-09-01 ,-0.109514037042827,,,
2016-09-02 ,0.511334407157045,,,
2016-09-06 ,-0.341168166965629,,,
2016-09-07 ,-0.0927207544036642,,,
2016-09-08 ,0.177035739570296,,,
2016-09-09 ,0.0701093707944231,,,
2016-09-12 ,-0.593189165406822,,,
2016-09-13 ,0.985247848255143,,,
2016-09-14 ,-0.259280633436636,,,
2016-09-15 ,0.517083157461293,,,
2016-09-16 ,0.276724906816331,,,
2016-09-19 ,0.118669901730951,,,
2016-09-20 ,-0.145731784127975,,,
2016-09-21 ,-0.0486794146009616,,,
2016-09-22 ,0.249111959602215,,,
2016-09-23 ,-0.271340723735738,,,
2016-09-26 ,-0.309238531861277,,,
2016-09-27 ,-0.664639298083895,,,
2016-09-28 ,0.671929244039335,,,
2016-09-29 ,-0.703717019860349,,,
2016-09-30 ,-0.964057389594109,,,
2016-10-03 ,0.281359470992485,,,
2016-10-04 ,0.512775807293186,,,
2016-10-05 ,1.26320494551558,,,
2016-10-06 ,1.24015414661534,,,
2016-10-07 ,-0.237790648876623,,,
2016-10-10 ,-0.131471951181404,,,
2016-10-11 ,-0.21083405659225,,,
2016-10-12 ,-0.466278241192403,,,
2016-10-13 ,-0.413885111163623,,,
2016-10-14 ,-1.12390059527124,,,
2016-10-17 ,0.677788790394147,,,
2016-10-18 ,-0.388469481050908,,,
2016-10-19 ,0.275649817035212,,,
2016-10-20 ,0.663251439514754,,,
2016-10-21 ,0.376471306750012,,,
2016-10-24 ,0.441335953596703,,,
2016-10-25 ,0.349723527337055,,,
2016-10-26 ,-0.172404389409095,,,
2016-10-27 ,0.0910018919418601,,,
2016-10-28 ,-0.273107208966751,,,
2016-10-31 ,-0.0626957856701405,,,
2016-11-01 ,-0.513515237088946,,,
2016-11-02 ,0.0617554231517436,,,
2016-11-03 ,-0.864114529301624,,,
2016-11-04 ,1.08610893757648,,,
2016-11-07 ,-0.372307784550295,,,
2016-11-08 ,-0.0477543375386357,,,
2016-11-09 ,0.70491462722617,,,
2016-11-10 ,-1.26758593939273,,,
2016-11-11 ,-0.334342448495578,,,
2016-11-14 ,-0.0516330174984095,,,
2016-11-15 ,-0.834368711704244,,,
2016-11-16 ,1.58854586997916,,,
2016-11-17 ,0.163557883180775,,,
2016-11-18 ,0.100258373433971,,,
2016-11-21 ,0.23135652355969,,,
2016-11-22 ,0.73628672633397,,,
2016-11-23 ,-0.432795231886113,,,
2016-11-25 ,0.284505273896178,,,
2016-11-28 ,-0.533728068946745,,,
2016-11-29 ,-0.3376954997229,,,
2016-11-30 ,-0.556094230327127,,,
2016-12-01 ,1.88469730722148,,,
2016-12-02 ,0.884496730223773,,,
2016-12-05 ,-0.460388521722049,,,
2016-12-06 ,-0.0229815456470594,,,
2016-12-07 ,0.318758006461969,,,
2016-12-08 ,0.796544602090954,,,
2016-12-09 ,0.378647294899661,,,
2016-12-12 ,-0.299345997701042,,,
2016-12-13 ,-0.80795086020127,,,
2016-12-14 ,-0.515733948011395,,,
2016-12-15 ,0.922837663193124,,,
2016-12-16 ,0.482678845903571,,,
2016-12-19 ,-0.772631570277921,,,
2016-12-20 ,0.340668031721438,,,
2016-12-21 ,0.848669875305197,,,
2016-12-22 ,-0.22547981841867,,,
2016-12-23 ,-0.0838317912995841,,,
2016-12-27 ,-0.268042312621094,,,
2016-12-28 ,0.127387302922863,,,
2016-12-29 ,-0.176849439426392,,,
2016-12-30 ,-0.370025091749331,,,
2017-01-03 ,-0.0774507454530745,,,
2017-01-04 ,-0.364415604678048,,,
2017-01-05 ,0.313098769802622,,,
2017-01-06 ,-2.0747648439332,,,
2017-01-09 ,-0.155239367488438,,,
2017-01-10 ,-0.456196789149815,,,
2017-01-11 ,0.586377971081002,,,
2017-01-12 ,0.102107196874836,,,
2017-01-13 ,-0.467685337557173,,,
2017-01-17 ,-0.00250526367989899,,,
2017-01-18 ,-1.52738764871575,,,
2017-01-19 ,0.465459136895063,,,
2017-01-20 ,0.0379974607867731,,,
2017-01-23 ,0.65349965277831,,,
2017-01-24 ,-0.52172149313321,,,
2017-01-25 ,1.08971915897992,,,
2017-01-26 ,0.876061354609785,,,
2017-01-27 ,0.63668116416698,,,
2017-01-30 ,-0.531763418239034,,,
2017-01-31 ,-1.28716896232338,,,
2017-02-01 ,-0.822837504516965,,,
2017-02-02 ,0.0790728759677141,,,
2017-02-03 ,-0.61052391298498,,,
2017-02-06 ,0.251612651553686,,,
2017-02-07 ,0.454308608371491,,,
2017-02-08 ,0.321932321816494,,,
2017-02-09 ,-0.46790241954228,,,
2017-02-10 ,-0.00564339557226725,,,
2017-02-13 ,-0.149298602600125,,,
2017-02-14 ,-0.0426896471228909,,,
2017-02-15 ,-0.459093429246188,,,
2017-02-16 ,-0.223370314580099,,,
2017-02-17 ,0.353055408135672,,,
2017-02-21 ,0.208371589378025,,,
2017-02-22 ,-0.425541304211324,,,
2017-02-23 ,0.042769130609676,,,
2017-02-24 ,0.510450345269471,,,
2017-02-27 ,0.18392965129844,,,
2017-02-28 ,-0.562619717614432,,,
2017-03-01 ,0.631027827504798,,,
2017-03-02 ,-0.0772115099429004,,,
2017-03-03 ,0.106470065058242,,,
2017-03-06 ,0.432331565427535,,,
2017-03-07 ,0.164490783838371,,,
2017-03-08 ,0.294789363563481,,,
2017-03-09 ,0.547054507422927,,,
2017-03-10 ,-0.141193311533986,,,
2017-03-13 ,0.0324533478897305,,,
2017-03-14 ,0.344319454507957,,,
2017-03-15 ,0.115506777263499,,,
2017-03-16 ,-0.191407882804846,,,
2017-03-17 ,0.0557641660550153,,,
2017-03-20 ,0.43782967855568,,,
2017-03-21 ,0.150019791393863,,,
2017-03-22 ,0.00814821068154334,,,
2017-03-23 ,0.409699483973958,,,
2017-03-24 ,0.189205298226199,,,
2017-03-27 ,0.589495015775901,,,
2017-03-28 ,0.471373181610287,,,
2017-03-29 ,-0.293561927864808,,,
2017-03-30 ,-0.267010751414464,,,
2017-03-31 ,-0.00539751252578446,,,
2017-04-03 ,-0.360688261579658,,,
2017-04-04 ,0.34160225495404,,,
2017-04-05 ,-0.380292045887555,,,
2017-04-06 ,0.0175152102854851,,,
2017-04-07 ,-0.493914112161063,,,
2017-04-10 ,0.168145379947415,,,
2017-04-11 ,-0.427820619398581,,,
2017-04-12 ,-0.318805134785498,,,
2017-04-13 ,0.607630900676138,,,
2017-04-17 ,0.525319704116745,,,
2017-04-18 ,-0.109421305226437,,,
2017-04-19 ,-0.0985588272403976,,,
2017-04-20 ,0.485270520435053,,,
2017-04-21 ,-0.151139505868606,,,
2017-04-24 ,-0.23224717878256,,,
2017-04-25 ,0.609799957844544,,,
2017-04-26 ,-0.380440124024799,,,
2017-04-27 ,-0.532270772975203,,,
2017-04-28 ,0.548703946443432,,,
2017-05-01 ,-0.0801401999441771,,,
2017-05-02 ,0.232202802798196,,,
2017-05-03 ,-0.0956692548227311,,,
2017-05-04 ,-0.0585757719944179,,,
2017-05-05 ,-0.412906626369445,,,
2017-05-08 ,0.35259612268207,,,
2017-05-09 ,0.421511063742096,,,
2017-05-10 ,0.0473159301782212,,,
2017-05-11 ,0.73260013833676,,,
2017-05-12 ,0.380922050148889,,,
2017-05-15 ,0.780598290789863,,,
2017-05-16 ,-0.593419808327068,,,
2017-05-17 ,-0.0572156206271604,,,
2017-05-18 ,0.224121458630892,,,
2017-05-19 ,0.283136706453711,,,
2017-05-22 ,-0.0368608109734835,,,
2017-05-23 ,0.39690204658353,,,
2017-05-24 ,-0.519053673529325,,,
2017-05-25 ,0.561425328617703,,,
2017-05-26 ,0.138771435320197,,,
2017-05-30 ,0.124673664039334,,,
2017-05-31 ,0.319665413621651,,,
2017-06-01 ,0.0213347740374279,,,
2017-06-02 ,0.56450723200954,,,
2017-06-05 ,0.841828493276086,,,
2017-06-06 ,0.17099961826048,,,
2017-06-07 ,-0.513577652824627,,,
2017-06-08 ,0.343803827683247,,,
2017-06-09 ,0.146152051917058,,,
2017-06-12 ,-1.97530464121471,,,
2017-06-13 ,-0.767710524793884,,,
2017-06-14 ,0.271969883519454,,,
2017-06-15 ,0.507545217132607,,,
2017-06-16 ,0.176728701778914,,,
2017-06-19 ,-0.295829668435367,,,
2017-06-20 ,0.67773977960442,,,
2017-06-21 ,0.279790938016217,,,
2017-06-22 ,0.583495309589057,,,
2017-06-23 ,-0.142656288834197,,,
2017-06-26 ,0.0185615351974851,,,
2017-06-27 ,-0.656497653584641,,,
2017-06-28 ,-0.346801564994407,,,
2017-06-29 ,0.287683638090034,,,
2017-06-30 ,-0.676691322436916,,,
2017-07-03 ,0.0241572108385548,,,
2017-07-05 ,-1.4984672156681,,,
2017-07-06 ,1.7941149084844,,,
2017-07-07 ,0.301177664617047,,,
2017-07-10 ,1.05371918558868,,,
2017-07-11 ,0.238459003022869,,,
2017-07-12 ,0.299823105702128,,,
2017-07-13 ,0.682207623505621,,,
2017-07-14 ,-0.897721544882784,,,
2017-07-17 ,0.415468651581472,,,
2017-07-18 ,-0.480533331390256,,,
2017-07-19 ,0.876929129282662,,,
2017-07-20 ,-0.368084784175906,,,
2017-07-21 ,-0.20045414207901,,,
2017-07-24 ,-0.296986505074635,,,
2017-07-25 ,0.380571208718357,,,
2017-07-26 ,-1.51749154239881,,,
2017-07-27 ,0.245983468983218,,,
2017-07-28 ,-1.33492523385135,,,
2017-07-31 ,0.192855503777644,,,
2017-08-01 ,-1.12232004830728,,,
2017-08-02 ,0.0116100817684922,,,
2017-08-03 ,-0.0296096982149509,,,
2017-08-04 ,0.67464433686014,,,
2017-08-07 ,-0.288587599245995,,,
2017-08-08 ,0.0787428010398216,,,
2017-08-09 ,0.372918950759512,,,
2017-08-10 ,0.173197105075434,,,
2017-08-11 ,-0.129950430779545,,,
2017-08-14 ,-0.772733690829611,,,
2017-08-15 ,0.284326532198626,,,
2017-08-16 ,0.718389393657624,,,
2017-08-17 ,-0.250866537620058,,,
2017-08-18 ,-0.0187665915154157,,,
2017-08-21 ,-0.58653006248443,,,
2017-08-22 ,-0.0613015392981015,,,
2017-08-23 ,-0.155947544915694,,,
2017-08-24 ,-0.0824957854574295,,,
2017-08-25 ,0.340010278316365,,,
2017-08-28 ,-0.22536847444827,,,
2017-08-29 ,-0.00617248503504846,,,
2017-08-30 ,-0.241247024719566,,,
2017-08-31 ,0.0724887643767757,,,
2017-09-01 ,-0.407912445207149,,,
2017-09-05 ,-0.281864913159021,,,
2017-09-06 ,0.383589858096752,,,
2017-09-07 ,0.0810161957792239,,,
2017-09-08 ,0.73080683902592,,,
2017-09-11 ,-0.465230839447017,,,
2017-09-12 ,-0.0233333271819649,,,
2017-09-13 ,-0.243126522450098,,,
2017-09-14 ,-0.291044077806324,,,
2017-09-15 ,0.0146035633724641,,,
2017-09-18 ,0.108412039440055,,,
2017-09-19 ,0.75907584634062,,,
2017-09-20 ,0.606848411877104,,,
2017-09-21 ,-0.444449773054921,,,
2017-09-22 ,-0.299181381827166,,,
2017-09-25 ,0.245959224530459,,,
2017-09-26 ,-0.931251208421228,,,
2017-09-27 ,-0.318077453671412,,,
2017-09-28 ,0.139248707052769,,,
2017-09-29 ,0.0560911089214408,,,